hpoID,class,type,content,system,round,answer
,related,direct,http://purl.obolibrary.org/obo/OMO_0003000,II-Medical-8B,-1,undefined
RO:0002207,exact,direct,has developmental precursor,II-Medical-8B,-1,undefined
RO:0002264,related,direct,affects,II-Medical-8B,-1,undefined
RO:0002374,broad,direct,has fused element,II-Medical-8B,-1,undefined
RO:0002418,related,direct,affects,II-Medical-8B,-1,undefined
RO:0002491,exact,direct,exists during,II-Medical-8B,-1,undefined
core#channel:for,broad,direct,carries,II-Medical-8B,-1,undefined
core#site:of,related,direct,capable_of_has_part,II-Medical-8B,-1,undefined
CHEBI:10545,exact,direct,electron,II-Medical-8B,-1,undefined
CHEBI:10545,related,direct,Elektron,II-Medical-8B,-1,undefined
CHEBI:10545,related,direct,beta,II-Medical-8B,-1,undefined
CHEBI:10545,related,direct,beta(-),II-Medical-8B,-1,undefined
CHEBI:10545,related,direct,beta-particle,II-Medical-8B,-1,undefined
CHEBI:10545,related,direct,e,II-Medical-8B,-1,undefined
CHEBI:10545,related,direct,e(-),II-Medical-8B,-1,undefined
CHEBI:10545,related,direct,e-,II-Medical-8B,-1,undefined
CHEBI:10545,related,direct,negatron,II-Medical-8B,-1,undefined
CHEBI:11596,exact,direct,2-hydroxypentanedioate,II-Medical-8B,-1,undefined
CHEBI:11596,related,direct,2-hydroxyglutarate,II-Medical-8B,-1,undefined
CHEBI:11851,exact,direct,3-methyl-2-oxobutanoate,II-Medical-8B,-1,undefined
CHEBI:11851,related,direct,2-Oxo-3-methylbutanoate,II-Medical-8B,-1,undefined
CHEBI:11851,related,direct,2-Oxoisopentanoate,II-Medical-8B,-1,undefined
CHEBI:11851,related,direct,2-Oxoisovalerate,II-Medical-8B,-1,undefined
CHEBI:11851,related,direct,3-methyl-2-oxobutyrate,II-Medical-8B,-1,undefined
CHEBI:11851,related,direct,alpha-keto-isovalerate,II-Medical-8B,-1,exact
CHEBI:11955,exact,direct,4-Amino-3-hydroxybutanoate,II-Medical-8B,-1,undefined
CHEBI:12109,exact,direct,5-amino-4-oxopentanoate,II-Medical-8B,-1,undefined
CHEBI:12777,related,direct,vitamin A vitamer,II-Medical-8B,-1,undefined
CHEBI:12777,related,direct,vitamin A vitamers,II-Medical-8B,-1,undefined
CHEBI:12777,related,direct,vitamin-A,II-Medical-8B,-1,undefined
CHEBI:12777,related,direct,vitamins A,II-Medical-8B,-1,undefined
CHEBI:131444,exact,direct,carbamimidamidoacetate,II-Medical-8B,-1,exact
CHEBI:131565,related,direct,steroid aldehydes,II-Medical-8B,-1,undefined
CHEBI:131604,related,direct,Mycoplasma genitalium metabolites,II-Medical-8B,-1,exact
CHEBI:131619,related,direct,C27-steroids,II-Medical-8B,-1,undefined
CHEBI:131621,related,direct,C19-steroids,II-Medical-8B,-1,undefined
CHEBI:131702,related,direct,stigmastane derivatives,II-Medical-8B,-1,undefined
CHEBI:131703,related,direct,stigmastane sterols,II-Medical-8B,-1,undefined
CHEBI:131927,related,direct,dicarboxylic acids and derivatives,II-Medical-8B,-1,undefined
CHEBI:132153,related,direct,hyaluronan,II-Medical-8B,-1,undefined
CHEBI:132153,related,direct,hyaluronate polyanion,II-Medical-8B,-1,undefined
CHEBI:132177,exact,direct,2-hydroxy-3-methylbut-2-enoic acid,II-Medical-8B,-1,undefined
CHEBI:132362,exact,direct,"2-oxidopropane-1,2,3-tricarboxylate",II-Medical-8B,-1,undefined
CHEBI:132362,related,direct,"2-oxido-1,2,3-propanetricarboxylate",II-Medical-8B,-1,undefined
CHEBI:132362,related,direct,citric acid tetraanion,II-Medical-8B,-1,undefined
CHEBI:132542,related,direct,FA 22:4,II-Medical-8B,-1,undefined
CHEBI:132542,related,direct,FA(22:4),II-Medical-8B,-1,exact
CHEBI:132542,related,direct,free fatty acid 22:4,II-Medical-8B,-1,undefined
CHEBI:132938,related,direct,ethylmalonate anion,II-Medical-8B,-1,undefined
CHEBI:132938,related,direct,ethylmalonic acid anion,II-Medical-8B,-1,undefined
CHEBI:132939,exact,direct,ethylpropanedioate,II-Medical-8B,-1,exact
CHEBI:132941,related,direct,2-hydroxyglutarate anion,II-Medical-8B,-1,undefined
CHEBI:132941,related,direct,2-hydroxyglutaric acid anion,II-Medical-8B,-1,undefined
CHEBI:132952,related,direct,ethanedioic acid anion,II-Medical-8B,-1,undefined
CHEBI:132952,related,direct,ethanedioic acid anions,II-Medical-8B,-1,undefined
CHEBI:132952,related,direct,oxalate anion,II-Medical-8B,-1,undefined
CHEBI:132952,related,direct,oxalate anions,II-Medical-8B,-1,undefined
CHEBI:132952,related,direct,oxalates,II-Medical-8B,-1,exact
CHEBI:132952,related,direct,oxalic acid anion,II-Medical-8B,-1,undefined
CHEBI:132952,related,direct,oxalic acid anions,II-Medical-8B,-1,exact
CHEBI:132953,related,direct,octanedioic acid anion,II-Medical-8B,-1,undefined
CHEBI:132953,related,direct,octanedioic acid anions,II-Medical-8B,-1,undefined
CHEBI:132953,related,direct,suberate anion,II-Medical-8B,-1,undefined
CHEBI:132953,related,direct,suberate anions,II-Medical-8B,-1,undefined
CHEBI:132953,related,direct,suberates,II-Medical-8B,-1,undefined
CHEBI:132953,related,direct,suberic acid anion,II-Medical-8B,-1,undefined
CHEBI:132953,related,direct,suberic acid anions,II-Medical-8B,-1,undefined
CHEBI:132954,related,direct,decanedioic acid anion,II-Medical-8B,-1,undefined
CHEBI:132954,related,direct,decanedioic acid anions,II-Medical-8B,-1,undefined
CHEBI:132954,related,direct,sebacate anion,II-Medical-8B,-1,exact
CHEBI:132954,related,direct,sebacate anions,II-Medical-8B,-1,undefined
CHEBI:132954,related,direct,sebacates,II-Medical-8B,-1,undefined
CHEBI:132954,related,direct,sebacic acid anion,II-Medical-8B,-1,undefined
CHEBI:132954,related,direct,sebacic acid anions,II-Medical-8B,-1,undefined
CHEBI:132961,related,direct,2-methylbutanedioic acid anion,II-Medical-8B,-1,undefined
CHEBI:132961,related,direct,2-methylbutanedioic acid anions,II-Medical-8B,-1,undefined
CHEBI:132961,related,direct,methylsuccinate anion,II-Medical-8B,-1,undefined
CHEBI:132961,related,direct,methylsuccinates,II-Medical-8B,-1,undefined
CHEBI:132961,related,direct,methylsuccinic acid anion,II-Medical-8B,-1,undefined
CHEBI:132961,related,direct,methylsuccinic acid anions,II-Medical-8B,-1,exact
CHEBI:132966,related,direct,N-benzoylglycinates,II-Medical-8B,-1,undefined
CHEBI:132966,related,direct,N-benzoylglycine anions,II-Medical-8B,-1,undefined
CHEBI:132970,exact,direct,4-carboxy-2-oxobutan-1-aminium,II-Medical-8B,-1,exact
CHEBI:132970,related,direct,5-aminolevulinic acid cation,II-Medical-8B,-1,undefined
CHEBI:132970,related,direct,5-aminolevulinic acid(1+),II-Medical-8B,-1,exact
CHEBI:133251,related,direct,3-hydroxydicarboxylic acid dianion(2-),II-Medical-8B,-1,exact
CHEBI:133251,related,direct,a 3-hydroxy dicarboxylic acid,II-Medical-8B,-1,undefined
CHEBI:133291,related,direct,a saturated dicarboxylic acid,II-Medical-8B,-1,undefined
CHEBI:133291,related,direct,saturated dicarboxylate(2-),II-Medical-8B,-1,undefined
CHEBI:133294,related,direct,oxo dicarboxylic acid dianions,II-Medical-8B,-1,undefined
CHEBI:133580,exact,direct,(hexanoylamino)acetate,II-Medical-8B,-1,undefined
CHEBI:133580,related,direct,N-caproylglycinate,II-Medical-8B,-1,undefined
CHEBI:133580,related,direct,N-hexanoylglycine,II-Medical-8B,-1,undefined
CHEBI:133580,related,direct,N-hexanoylglycine anion,II-Medical-8B,-1,undefined
CHEBI:133580,related,direct,N-hexanoylglycine(1-),II-Medical-8B,-1,undefined
CHEBI:133608,exact,direct,2-azaniumyl-3-(1-methyl-1H-imidazol-4-yl)propanoate,II-Medical-8B,-1,undefined
CHEBI:133609,exact,direct,2-azaniumyl-3-(1-methyl-1H-imidazol-5-yl)propanoate,II-Medical-8B,-1,undefined
CHEBI:133610,exact,direct,(2-methylpropanamido)acetate,II-Medical-8B,-1,undefined
CHEBI:133610,related,direct,N-(2-methylpropanoyl)glycinate,II-Medical-8B,-1,undefined
CHEBI:133610,related,direct,N-isobutanoylglycinate,II-Medical-8B,-1,undefined
CHEBI:133610,related,direct,isobutanoylglycinate,II-Medical-8B,-1,undefined
CHEBI:133610,related,direct,isobutyrylglycinate,II-Medical-8B,-1,undefined
CHEBI:133744,exact,direct,(4-hydroxy-3-methoxyphenyl)acetate,II-Medical-8B,-1,undefined
CHEBI:133744,related,direct,3-methoxy-4-hydroxyphenylacetate,II-Medical-8B,-1,undefined
CHEBI:133748,related,direct,citrate,II-Medical-8B,-1,undefined
CHEBI:133748,related,direct,citrate anions,II-Medical-8B,-1,undefined
CHEBI:134179,related,direct,VOC,II-Medical-8B,-1,undefined
CHEBI:134179,related,direct,VOCs,II-Medical-8B,-1,undefined
CHEBI:134179,related,direct,volatile organic compounds,II-Medical-8B,-1,undefined
CHEBI:134249,related,direct,alkanesulfonate oxoanions,II-Medical-8B,-1,exact
CHEBI:134249,related,direct,alkanesulfonates,II-Medical-8B,-1,undefined
CHEBI:134249,related,direct,an alkanesulfonate,II-Medical-8B,-1,undefined
CHEBI:134251,related,direct,1-hydroxy-2-methoxybenzenes,II-Medical-8B,-1,undefined
CHEBI:134251,related,direct,2-methoxyphenol,II-Medical-8B,-1,undefined
CHEBI:134251,related,direct,2-methoxyphenol derivative,II-Medical-8B,-1,undefined
CHEBI:134251,related,direct,2-methoxyphenol derivatives,II-Medical-8B,-1,undefined
CHEBI:134251,related,direct,2-methoxyphenols,II-Medical-8B,-1,undefined
CHEBI:134251,related,direct,a guaiacol,II-Medical-8B,-1,exact
CHEBI:134251,related,direct,catechol monomethyl ether,II-Medical-8B,-1,undefined
CHEBI:134251,related,direct,catechol monomethyl ethers,II-Medical-8B,-1,undefined
CHEBI:134251,related,direct,o-methoxyphenol,II-Medical-8B,-1,undefined
CHEBI:134251,related,direct,o-methoxyphenols,II-Medical-8B,-1,undefined
CHEBI:134251,related,direct,ortho-methoxyphenol,II-Medical-8B,-1,undefined
CHEBI:134251,related,direct,ortho-methoxyphenols,II-Medical-8B,-1,undefined
CHEBI:13643,exact,direct,glycols,II-Medical-8B,-1,undefined
CHEBI:13643,related,direct,Glykol,II-Medical-8B,-1,undefined
CHEBI:136505,related,direct,homocysteine derivatives,II-Medical-8B,-1,undefined
CHEBI:136849,related,direct,a 3-oxo-Delta4-steroid group,II-Medical-8B,-1,undefined
CHEBI:136859,related,direct,pro-agents,II-Medical-8B,-1,undefined
CHEBI:136859,related,direct,proagent,II-Medical-8B,-1,undefined
CHEBI:136859,related,direct,proagents,II-Medical-8B,-1,undefined
CHEBI:136889,related,direct,5beta steroids,II-Medical-8B,-1,undefined
CHEBI:136889,related,direct,5beta-steroid,II-Medical-8B,-1,undefined
CHEBI:136889,related,direct,5beta-steroids,II-Medical-8B,-1,undefined
CHEBI:137682,related,direct,methylhistidines,II-Medical-8B,-1,exact
CHEBI:137982,related,direct,a tertiary amine,II-Medical-8B,-1,undefined
CHEBI:137982,related,direct,tertiary amine(1+),II-Medical-8B,-1,undefined
CHEBI:137982,related,direct,tertiary ammonium ions,II-Medical-8B,-1,exact
CHEBI:138103,related,direct,inorganic acids,II-Medical-8B,-1,undefined
CHEBI:138103,related,direct,mineral acid,II-Medical-8B,-1,undefined
CHEBI:138103,related,direct,mineral acids,II-Medical-8B,-1,undefined
CHEBI:138130,related,direct,a Delta(7)-sterol,II-Medical-8B,-1,exact
CHEBI:138141,related,direct,a 17alpha-hydroxy-C21-steroid,II-Medical-8B,-1,undefined
CHEBI:13850,exact,direct,apoprotein,II-Medical-8B,-1,exact
CHEBI:13850,related,direct,apoproteins,II-Medical-8B,-1,undefined
CHEBI:138675,related,direct,gas molecular entities,II-Medical-8B,-1,undefined
CHEBI:138675,related,direct,gaseous molecular entities,II-Medical-8B,-1,exact
CHEBI:138675,related,direct,gaseous molecular entity,II-Medical-8B,-1,undefined
CHEBI:139120,related,direct,a carotenoid beta-end derivative,II-Medical-8B,-1,undefined
CHEBI:13941,exact,direct,carbamate,II-Medical-8B,-1,undefined
CHEBI:13941,related,direct,Carbamat,II-Medical-8B,-1,exact
CHEBI:13941,related,direct,Karbamat,II-Medical-8B,-1,undefined
CHEBI:13941,related,direct,carbamate ion,II-Medical-8B,-1,undefined
CHEBI:13941,related,direct,"carbamic acid, ion(1-)",II-Medical-8B,-1,undefined
CHEBI:139588,related,direct,alpha-hydroxy ketones,II-Medical-8B,-1,exact
CHEBI:139588,related,direct,alpha-hydroxy-ketone,II-Medical-8B,-1,undefined
CHEBI:139588,related,direct,alpha-hydroxy-ketones,II-Medical-8B,-1,undefined
CHEBI:139588,related,direct,alpha-hydroxyketone,II-Medical-8B,-1,undefined
CHEBI:139588,related,direct,alpha-hydroxyketones,II-Medical-8B,-1,undefined
CHEBI:139589,related,direct,retinoate,II-Medical-8B,-1,undefined
CHEBI:139589,related,direct,retinoates,II-Medical-8B,-1,undefined
CHEBI:139589,related,direct,retinoid anions,II-Medical-8B,-1,exact
CHEBI:139589,related,direct,retinoid carboxylate anion,II-Medical-8B,-1,undefined
CHEBI:139589,related,direct,retinoid carboxylate anions,II-Medical-8B,-1,undefined
CHEBI:139589,related,direct,retinoid carboxylic acid anion,II-Medical-8B,-1,undefined
CHEBI:139589,related,direct,retinoid carboxylic acid anions,II-Medical-8B,-1,undefined
CHEBI:139590,related,direct,primary alpha-hydroxy ketones,II-Medical-8B,-1,undefined
CHEBI:139590,related,direct,primary alpha-hydroxy-ketone,II-Medical-8B,-1,undefined
CHEBI:139590,related,direct,primary alpha-hydroxy-ketones,II-Medical-8B,-1,undefined
CHEBI:139590,related,direct,primary alpha-hydroxyketone,II-Medical-8B,-1,undefined
CHEBI:139590,related,direct,primary alpha-hydroxyketones,II-Medical-8B,-1,exact
CHEBI:139592,related,direct,tertiary alpha-hydroxy ketones,II-Medical-8B,-1,undefined
CHEBI:139592,related,direct,tertiary alpha-hydroxy-ketone,II-Medical-8B,-1,undefined
CHEBI:139592,related,direct,tertiary alpha-hydroxy-ketones,II-Medical-8B,-1,undefined
CHEBI:139592,related,direct,tertiary alpha-hydroxyketone,II-Medical-8B,-1,undefined
CHEBI:139592,related,direct,tertiary alpha-hydroxyketones,II-Medical-8B,-1,undefined
CHEBI:140325,related,direct,secondary carboxamides,II-Medical-8B,-1,undefined
CHEBI:140785,related,direct,an R-cob(III)alamin,II-Medical-8B,-1,undefined
CHEBI:142355,related,direct,a purine D-ribonucleoside,II-Medical-8B,-1,undefined
CHEBI:142533,exact,direct,->4)-alpha-D-galactopyranosyl-(1->4)-beta-D-galactopyranosylp-(1->4)-beta-D-glucopyranosyl,II-Medical-8B,-1,undefined
CHEBI:142533,related,direct,->4)-alpha-D-Gal-(1->4)-beta-D-Gal-(1->4)-beta-D-Glc-yl,II-Medical-8B,-1,exact
CHEBI:142533,related,direct,->4)-alpha-D-Gal-(1->4)-beta-D-Gal-(1->4)-beta-D-Glc-yl group,II-Medical-8B,-1,undefined
CHEBI:142533,related,direct,->4)-alpha-D-galactosyl-(1->4)-beta-D-galactosylp-(1->4)-beta-D-glucosyl,II-Medical-8B,-1,undefined
CHEBI:142567,exact,direct,alpha-D-galactopyranosyl-(1->4)-beta-D-galactopyranosyl-(1->4)-beta-D-glucopyranosyl,II-Medical-8B,-1,undefined
CHEBI:142567,related,direct,Gala1-4Galb1-4Glcb-yl,II-Medical-8B,-1,undefined
CHEBI:142567,related,direct,Galalpha1-4Galbeta1-4Glcbeta-R,II-Medical-8B,-1,undefined
CHEBI:142567,related,direct,Galalpha1-4Galbeta1-4Glcbeta-yl,II-Medical-8B,-1,undefined
CHEBI:142567,related,direct,alpha-D-Gal-(1->4)-beta-D-Gal-(1->4)-D-Glc-yl,II-Medical-8B,-1,undefined
CHEBI:142567,related,direct,alpha-D-galactosyl-(1->4)-beta-D-galactosyl-(1->4)-beta-D-glucosyl,II-Medical-8B,-1,exact
CHEBI:142590,exact,direct,3-azaniumyl-2-methylpropanoate,II-Medical-8B,-1,undefined
CHEBI:142590,related,direct,3-aminoisobutanoate,II-Medical-8B,-1,undefined
CHEBI:142590,related,direct,3-ammonio-2-methylpropanoate,II-Medical-8B,-1,exact
CHEBI:142767,exact,direct,"5-acetamido-3,5-dideoxy-D-glycero-alpha-D-galacto-non-2-ulopyranonosyl-(2->3)-beta-D-galactopyranosyl-(1->4)-beta-D-glucopyranosyl",II-Medical-8B,-1,undefined
CHEBI:142767,related,direct,3'-sialyllactosyl,II-Medical-8B,-1,undefined
CHEBI:142767,related,direct,Neu5Acalpha2-3Galbeta1-4Glcbeta-yl,II-Medical-8B,-1,undefined
CHEBI:142767,related,direct,alpha-N-acetylneuraminyl-(2->3)-beta-D-galactosyl-(1->4)-beta-D-glucosyl,II-Medical-8B,-1,undefined
CHEBI:142767,related,direct,alpha-Neu5Ac-(2->3)-beta-D-Galp-(1->4)-beta-D-Glcp-yl,II-Medical-8B,-1,undefined
CHEBI:14321,exact,direct,glutamate(1-),II-Medical-8B,-1,undefined
CHEBI:14321,exact,direct,hydrogen glutamate,II-Medical-8B,-1,undefined
CHEBI:14321,related,direct,2-ammoniopentanedioate,II-Medical-8B,-1,undefined
CHEBI:14321,related,direct,glutamate,II-Medical-8B,-1,undefined
CHEBI:14321,related,direct,glutamic acid monoanion,II-Medical-8B,-1,undefined
CHEBI:144637,exact,direct,4-hydroxy-D-proline,II-Medical-8B,-1,undefined
CHEBI:144637,related,direct,(2R)-4-hydroxypyrrolidine-2-carboxylic acid,II-Medical-8B,-1,undefined
CHEBI:144637,related,direct,4-OH-D-Pro,II-Medical-8B,-1,undefined
CHEBI:144637,related,direct,4-hydroxy-D-Pro,II-Medical-8B,-1,undefined
CHEBI:144829,related,direct,tumour antigens,II-Medical-8B,-1,exact
CHEBI:146306,related,direct,partially defined glycan,II-Medical-8B,-1,undefined
CHEBI:146306,related,direct,partially defined glycans,II-Medical-8B,-1,undefined
CHEBI:146306,related,direct,partially-defined glycans,II-Medical-8B,-1,undefined
CHEBI:146500,exact,direct,2-acetamido-2-deoxy-3-O-D-galactopyranosyl-D-galactopyranose,II-Medical-8B,-1,exact
CHEBI:146500,exact,direct,Gal(?1-3)GalNAc,II-Medical-8B,-1,undefined
CHEBI:146500,related,direct,D-galacto-hexopyranosyl-(1->3)-2-acetamido-2-deoxy-D-galacto-hexopyranose,II-Medical-8B,-1,undefined
CHEBI:146500,related,direct,"N-[(3R,4R,5R,6R)-2,5-dihydroxy-6-(hydroxymethyl)-4-[(3R,4S,5R,6R)-3,4,5-trihydroxy-6-(hydroxymethyl)oxan-2-yl]oxyoxan-3-yl]acetamide",II-Medical-8B,-1,undefined
CHEBI:146500,related,direct,"WURCS=2.0/2,2,1/[a2112h-1x_1-5_2*NCC/3=O][a2112h-1x_1-5]/1-2/a3-b1",II-Medical-8B,-1,undefined
CHEBI:149498,related,direct,"a (7Z,10Z,13Z,16Z)-docosatetraenoyl derivative",II-Medical-8B,-1,undefined
CHEBI:149498,related,direct,adrenoyl derivative,II-Medical-8B,-1,undefined
CHEBI:15138,exact,direct,sulfanediide,II-Medical-8B,-1,undefined
CHEBI:15138,exact,direct,sulfide(2-),II-Medical-8B,-1,exact
CHEBI:15138,related,direct,S(2-),II-Medical-8B,-1,undefined
CHEBI:15138,related,direct,Sulfide,II-Medical-8B,-1,undefined
CHEBI:15138,related,direct,sulphide,II-Medical-8B,-1,exact
CHEBI:151472,exact,direct,"5-acetamido-3,5-dideoxy-D-glycero-alpha-D-galacto-non-2-ulopyranonosyl-(2->3)-beta-D-galactopyranosyl-(1->4)-D-glucopyranose",II-Medical-8B,-1,undefined
CHEBI:151472,related,direct,3'-SL,II-Medical-8B,-1,undefined
CHEBI:151472,related,direct,3'-sialyllactose,II-Medical-8B,-1,undefined
CHEBI:151472,related,direct,"5-acetamido-3,5-dideoxy-D-glycero-alpha-D-galacto-non-2-ulopyranosylonic acid-(2->3)-beta-D-galacto-hexopyranosyl-(1->4)-D-gluco-hexopyranose",II-Medical-8B,-1,undefined
CHEBI:151472,related,direct,NeuAc(a2-3)Gal(b1-4)Glc,II-Medical-8B,-1,undefined
CHEBI:151472,related,direct,"WURCS=2.0/3,3,2/[a2122h-1x_1-5][a2112h-1b_1-5][Aad21122h-2a_2-6_5*NCC/3=O]/1-2-3/a4-b1_b3-c2",II-Medical-8B,-1,exact
CHEBI:151472,related,direct,alpha-N-acetylneuraminosyl-(2->3)-beta-D-galactosyl-(1->4)-D-glucose,II-Medical-8B,-1,undefined
CHEBI:151472,related,direct,alpha-Neu5Ac-(2->3)-beta-D-Galp-(1->4)-D-Glc,II-Medical-8B,-1,undefined
CHEBI:151472,related,direct,alpha-Neu5Ac-(2->3)-beta-Gal-(1->4)-Glc,II-Medical-8B,-1,undefined
CHEBI:15318,exact,direct,xanthine,II-Medical-8B,-1,exact
CHEBI:15318,related,direct,"2,6-dioxopurine",II-Medical-8B,-1,exact
CHEBI:15318,related,direct,"2,6-dioxopurines",II-Medical-8B,-1,undefined
CHEBI:15318,related,direct,xanthines,II-Medical-8B,-1,undefined
CHEBI:15339,exact,direct,Acceptor,II-Medical-8B,-1,undefined
CHEBI:15339,related,direct,A,II-Medical-8B,-1,undefined
CHEBI:15339,related,direct,Akzeptor,II-Medical-8B,-1,undefined
CHEBI:15339,related,direct,Hydrogen-acceptor,II-Medical-8B,-1,undefined
CHEBI:15339,related,direct,Oxidized donor,II-Medical-8B,-1,undefined
CHEBI:15339,related,direct,accepteur,II-Medical-8B,-1,undefined
CHEBI:15356,exact,direct,Cysteine,II-Medical-8B,-1,undefined
CHEBI:15356,exact,direct,cysteine,II-Medical-8B,-1,undefined
CHEBI:15356,related,direct,2-Amino-3-mercaptopropionic acid,II-Medical-8B,-1,undefined
CHEBI:15356,related,direct,2-amino-3-mercaptopropanoic acid,II-Medical-8B,-1,undefined
CHEBI:15356,related,direct,2-amino-3-sulfanylpropanoic acid,II-Medical-8B,-1,undefined
CHEBI:15356,related,direct,C,II-Medical-8B,-1,undefined
CHEBI:15356,related,direct,Cys,II-Medical-8B,-1,undefined
CHEBI:15356,related,direct,Cystein,II-Medical-8B,-1,undefined
CHEBI:15356,related,direct,Hcys,II-Medical-8B,-1,undefined
CHEBI:15356,related,direct,Zystein,II-Medical-8B,-1,undefined
CHEBI:15356,related,direct,cisteina,II-Medical-8B,-1,undefined
CHEBI:15361,exact,direct,2-oxopropanoate,II-Medical-8B,-1,undefined
CHEBI:15361,exact,direct,pyruvate,II-Medical-8B,-1,exact
CHEBI:15361,related,direct,2-oxopropanoate,II-Medical-8B,-1,undefined
CHEBI:15361,related,direct,"2-oxopropanoic acid, ion(1-)",II-Medical-8B,-1,undefined
CHEBI:15366,exact,direct,ACETIC ACID,II-Medical-8B,-1,undefined
CHEBI:15366,exact,direct,Acetic acid,II-Medical-8B,-1,exact
CHEBI:15366,exact,direct,acetic acid,II-Medical-8B,-1,undefined
CHEBI:15366,related,direct,AcOH,II-Medical-8B,-1,undefined
CHEBI:15366,related,direct,CH3-COOH,II-Medical-8B,-1,exact
CHEBI:15366,related,direct,CH3CO2H,II-Medical-8B,-1,exact
CHEBI:15366,related,direct,E 260,II-Medical-8B,-1,undefined
CHEBI:15366,related,direct,E-260,II-Medical-8B,-1,undefined
CHEBI:15366,related,direct,E260,II-Medical-8B,-1,exact
CHEBI:15366,related,direct,Essigsaeure,II-Medical-8B,-1,undefined
CHEBI:15366,related,direct,Ethanoic acid,II-Medical-8B,-1,undefined
CHEBI:15366,related,direct,Ethylic acid,II-Medical-8B,-1,undefined
CHEBI:15366,related,direct,HOAc,II-Medical-8B,-1,undefined
CHEBI:15366,related,direct,INS No. 260,II-Medical-8B,-1,undefined
CHEBI:15366,related,direct,MeCO2H,II-Medical-8B,-1,exact
CHEBI:15366,related,direct,MeCOOH,II-Medical-8B,-1,undefined
CHEBI:15366,related,direct,Methanecarboxylic acid,II-Medical-8B,-1,undefined
CHEBI:15366,related,direct,acide acetique,II-Medical-8B,-1,undefined
CHEBI:15366,related,direct,ethoic acid,II-Medical-8B,-1,undefined
CHEBI:15379,exact,direct,dioxygen,II-Medical-8B,-1,exact
CHEBI:15379,related,direct,Disauerstoff,II-Medical-8B,-1,undefined
CHEBI:15379,related,direct,E 948,II-Medical-8B,-1,undefined
CHEBI:15379,related,direct,E-948,II-Medical-8B,-1,undefined
CHEBI:15379,related,direct,E948,II-Medical-8B,-1,undefined
CHEBI:15379,related,direct,O2,II-Medical-8B,-1,undefined
CHEBI:15379,related,direct,OXYGEN MOLECULE,II-Medical-8B,-1,undefined
CHEBI:15379,related,direct,Oxygen,II-Medical-8B,-1,undefined
CHEBI:15379,related,direct,[OO],II-Medical-8B,-1,undefined
CHEBI:15379,related,direct,dioxygene,II-Medical-8B,-1,undefined
CHEBI:15379,related,direct,molecular oxygen,II-Medical-8B,-1,undefined
CHEBI:15414,exact,direct,S-Adenosyl-L-methionine,II-Medical-8B,-1,undefined
CHEBI:15414,exact,direct,S-adenosyl-L-methionine,II-Medical-8B,-1,undefined
CHEBI:15414,exact,direct,[(3S)-3-amino-3-carboxypropyl](5'-deoxyadenosin-5'-yl)(methyl)sulfonium,II-Medical-8B,-1,undefined
CHEBI:15414,related,direct,"(3S)-5'-[(3-amino-3-carboxypropyl)methylsulfonio]-5'-deoxyadenosine, inner salt",II-Medical-8B,-1,undefined
CHEBI:15414,related,direct,Acylcarnitine,II-Medical-8B,-1,undefined
CHEBI:15414,related,direct,AdoMet,II-Medical-8B,-1,undefined
CHEBI:15414,related,direct,S-(5'-deoxyadenosin-5'-yl)-L-methionine,II-Medical-8B,-1,undefined
CHEBI:15414,related,direct,S-Adenosylmethionine,II-Medical-8B,-1,undefined
CHEBI:15414,related,direct,S-adenosylmethionine,II-Medical-8B,-1,undefined
CHEBI:15414,related,direct,SAM,II-Medical-8B,-1,undefined
CHEBI:15414,related,direct,SAMe,II-Medical-8B,-1,undefined
CHEBI:15414,related,direct,"[1-(adenin-9-yl)-1,5-dideoxy-beta-D-ribofuranos-5-yl][(3S)-3-amino-3-carboxypropyl](methyl)sulfonium",II-Medical-8B,-1,undefined
CHEBI:15428,exact,direct,GLYCINE,II-Medical-8B,-1,undefined
CHEBI:15428,exact,direct,Glycine,II-Medical-8B,-1,undefined
CHEBI:15428,exact,direct,aminoacetic acid,II-Medical-8B,-1,undefined
CHEBI:15428,exact,direct,glycine,II-Medical-8B,-1,undefined
CHEBI:15428,related,direct,Aminoacetic acid,II-Medical-8B,-1,undefined
CHEBI:15428,related,direct,Aminoessigsaeure,II-Medical-8B,-1,undefined
CHEBI:15428,related,direct,G,II-Medical-8B,-1,undefined
CHEBI:15428,related,direct,Gly,II-Medical-8B,-1,undefined
CHEBI:15428,related,direct,Glycin,II-Medical-8B,-1,undefined
CHEBI:15428,related,direct,Glycocoll,II-Medical-8B,-1,undefined
CHEBI:15428,related,direct,Glykokoll,II-Medical-8B,-1,undefined
CHEBI:15428,related,direct,Glyzin,II-Medical-8B,-1,undefined
CHEBI:15428,related,direct,H2N-CH2-COOH,II-Medical-8B,-1,undefined
CHEBI:15428,related,direct,Hgly,II-Medical-8B,-1,undefined
CHEBI:15428,related,direct,Leimzucker,II-Medical-8B,-1,undefined
CHEBI:15428,related,direct,aminoethanoic acid,II-Medical-8B,-1,undefined
CHEBI:15440,exact,direct,"(6E,10E,14E,18E)-2,6,10,15,19,23-hexamethyltetracosa-2,6,10,14,18,22-hexaene",II-Medical-8B,-1,undefined
CHEBI:15440,exact,direct,Squalene,II-Medical-8B,-1,exact
CHEBI:15440,exact,direct,squalene,II-Medical-8B,-1,undefined
CHEBI:15440,related,direct,"(all-E)-2,6,10,15,19,23-hexamethyl-2,6,10,14,18,22-tetracosahexaene",II-Medical-8B,-1,undefined
CHEBI:15440,related,direct,Spinacene,II-Medical-8B,-1,exact
CHEBI:15440,related,direct,Supraene,II-Medical-8B,-1,undefined
CHEBI:15551,exact,direct,"(5Z,13E,15S)-11alpha,15-dihydroxy-9-oxoprosta-5,13-dien-1-oic acid",II-Medical-8B,-1,undefined
CHEBI:15551,exact,direct,Prostaglandin E2,II-Medical-8B,-1,undefined
CHEBI:15551,related,direct,(15S)-prostaglandin E2,II-Medical-8B,-1,undefined
CHEBI:15551,related,direct,"(5Z,11alpha,13E,15S)-11,15-dihydroxy-9-oxoprosta-5,13-dien-1-oic acid",II-Medical-8B,-1,undefined
CHEBI:15551,related,direct,"(5Z,13E)-(15S)-11alpha,15-Dihydroxy-9-oxoprost-13-enoate",II-Medical-8B,-1,undefined
CHEBI:15551,related,direct,"(5Z,13E)-(15S)-11alpha,15-Dihydroxy-9-oxoprosta-5,13-dienoate",II-Medical-8B,-1,undefined
CHEBI:15551,related,direct,"(E,Z)-(1R,2R,3R)-7-(3-Hydroxy-2-((3S)-(3-hydroxy-1-octenyl))-5-oxocyclopentyl)-5-heptenoic acid",II-Medical-8B,-1,undefined
CHEBI:15551,related,direct,"(Z)-7-((1R,2R,3R)-3-hydroxy-2-((S,E)-3-hydroxyoct-1-enyl)-5-oxocyclopentyl)hept-5-enoic acid",II-Medical-8B,-1,undefined
CHEBI:15551,related,direct,Cervidil,II-Medical-8B,-1,undefined
CHEBI:15551,related,direct,Cerviprime,II-Medical-8B,-1,undefined
CHEBI:15551,related,direct,Cerviprost,II-Medical-8B,-1,undefined
CHEBI:15551,related,direct,Dinoproston,II-Medical-8B,-1,undefined
CHEBI:15551,related,direct,Enzaprost E,II-Medical-8B,-1,undefined
CHEBI:15551,related,direct,Glandin-E2,II-Medical-8B,-1,exact
CHEBI:15551,related,direct,Minprositin E2,II-Medical-8B,-1,undefined
CHEBI:15551,related,direct,Minprostin E2,II-Medical-8B,-1,undefined
CHEBI:15551,related,direct,PGE2,II-Medical-8B,-1,undefined
CHEBI:15551,related,direct,Prepidil,II-Medical-8B,-1,exact
CHEBI:15551,related,direct,Propess,II-Medical-8B,-1,undefined
CHEBI:15551,related,direct,Prostarmon E,II-Medical-8B,-1,exact
CHEBI:15551,related,direct,Prostenone,II-Medical-8B,-1,undefined
CHEBI:15551,related,direct,Prostin,II-Medical-8B,-1,undefined
CHEBI:15551,related,direct,Prostin E2,II-Medical-8B,-1,undefined
CHEBI:15551,related,direct,U 12062,II-Medical-8B,-1,undefined
CHEBI:15551,related,direct,"U-12,062",II-Medical-8B,-1,exact
CHEBI:15551,related,direct,U-12062,II-Medical-8B,-1,undefined
CHEBI:15551,related,direct,dinoprostona,II-Medical-8B,-1,undefined
CHEBI:15551,related,direct,dinoprostone,II-Medical-8B,-1,undefined
CHEBI:15551,related,direct,dinoprostonum,II-Medical-8B,-1,undefined
CHEBI:155837,related,direct,L-amino acid tripeptide zwitterion,II-Medical-8B,-1,undefined
CHEBI:155837,related,direct,L-amino acid tripeptide zwitterions,II-Medical-8B,-1,undefined
CHEBI:155837,related,direct,amino acid tripeptide zwitterion,II-Medical-8B,-1,undefined
CHEBI:155837,related,direct,amino acid tripeptide zwitterions,II-Medical-8B,-1,undefined
CHEBI:155837,related,direct,an L-amino acid tripeptide,II-Medical-8B,-1,undefined
CHEBI:156068,related,direct,N-acetyl-alpha-neuraminosyl-(2->3)-beta-D-galactosyl-(1->4)-D-glucose,II-Medical-8B,-1,undefined
CHEBI:156068,related,direct,alpha-NeuAc-(2->3)-beta-D-Gal-(1->4)-D-Glc(1-),II-Medical-8B,-1,undefined
CHEBI:15611,exact,direct,SARCOSINE,II-Medical-8B,-1,undefined
CHEBI:15611,exact,direct,Sarcosine,II-Medical-8B,-1,undefined
CHEBI:15611,exact,direct,sarcosine,II-Medical-8B,-1,undefined
CHEBI:15611,related,direct,(methylamino)acetic acid,II-Medical-8B,-1,undefined
CHEBI:15611,related,direct,(methylamino)ethanoic acid,II-Medical-8B,-1,exact
CHEBI:15611,related,direct,L-sarcosine,II-Medical-8B,-1,undefined
CHEBI:15611,related,direct,MeGly,II-Medical-8B,-1,undefined
CHEBI:15611,related,direct,N-Methylglycine,II-Medical-8B,-1,undefined
CHEBI:15611,related,direct,N-methylaminoacetic acid,II-Medical-8B,-1,undefined
CHEBI:15611,related,direct,Sar,II-Medical-8B,-1,undefined
CHEBI:15611,related,direct,methylaminoacetic acid,II-Medical-8B,-1,undefined
CHEBI:15611,related,direct,sarcosinic acid,II-Medical-8B,-1,exact
CHEBI:15676,exact,direct,Allantoin,II-Medical-8B,-1,undefined
CHEBI:15676,exact,direct,"N-(2,5-dioxoimidazolidin-4-yl)urea",II-Medical-8B,-1,undefined
CHEBI:15676,exact,direct,allantoin,II-Medical-8B,-1,undefined
CHEBI:15676,related,direct,"(2,5-Dioxo-4-imidazolidinyl)urea",II-Medical-8B,-1,undefined
CHEBI:15676,related,direct,"2,5-Dioxo-4-imidazolidinyl-urea",II-Medical-8B,-1,undefined
CHEBI:15676,related,direct,"4-ureido-2,5-imidazolidinedione",II-Medical-8B,-1,undefined
CHEBI:15676,related,direct,"5-Ureido-2,4-imidazolidindione",II-Medical-8B,-1,undefined
CHEBI:15676,related,direct,5-Ureidohydantoin,II-Medical-8B,-1,undefined
CHEBI:15676,related,direct,Glyoxyldiureide,II-Medical-8B,-1,undefined
CHEBI:15676,related,direct,"N-(2,5-Dioxo-4-imidazolidinyl)urea",II-Medical-8B,-1,undefined
CHEBI:15681,exact,direct,"(2S,3R,4E)-2-(acylamino)-3-hydroxyoctadec-4-en-1-yl 5-acetamido-3,5-dideoxy-D-glycero-alpha-D-galacto-non-2-ulopyranonosyl-(2->3)-beta-D-galactopyranosyl-(1->4)-beta-D-glucopyranoside",II-Medical-8B,-1,undefined
CHEBI:15681,related,direct,(Gal)1 (Glc)1 (Neu5Ac)1 (Cer)1,II-Medical-8B,-1,undefined
CHEBI:15681,related,direct,(N-Acetylneuraminyl)-D-galactosyl-D-glucosylceramide,II-Medical-8B,-1,undefined
CHEBI:15681,related,direct,(Neu5Ac)GM3,II-Medical-8B,-1,undefined
CHEBI:15681,related,direct,GM3,II-Medical-8B,-1,exact
CHEBI:15681,related,direct,GM3 (NeuAc),II-Medical-8B,-1,undefined
CHEBI:15681,related,direct,Hematoside,II-Medical-8B,-1,undefined
CHEBI:15681,related,direct,"N-Acetylneuraminyl-2,3-alpha-D-galactosyl-1,4-beta-D-glucosylceramide",II-Medical-8B,-1,undefined
CHEBI:15681,related,direct,Neu5Ac-alpha2->3Gal-beta1->4Glc-beta1->1'Cer,II-Medical-8B,-1,exact
CHEBI:15681,related,direct,Neu5Acalpha2->3Galbeta1->4Glcbeta-Cer,II-Medical-8B,-1,undefined
CHEBI:15681,related,direct,NeuAc-GM3,II-Medical-8B,-1,undefined
CHEBI:15681,related,direct,NeuAcalpha2-3Galbeta1-4Glcbeta1-1'Cer,II-Medical-8B,-1,undefined
CHEBI:15681,related,direct,NeuAcalpha2->3Galbeta1->4Glc-Cer,II-Medical-8B,-1,exact
CHEBI:15681,related,direct,"alpha-N-Acetylneuraminyl-2,3-beta-D-galactosyl-1,4-beta-D-glucosylceramide",II-Medical-8B,-1,undefined
CHEBI:15681,related,direct,alpha-N-acetylneuraminosyl-(2->3)-beta-D-galactosyl-(1->4)-beta-D-glucosylceramide,II-Medical-8B,-1,exact
CHEBI:15681,related,direct,alpha-N-acetylneuraminosyl-(2->3)-beta-D-galactosyl-(1->4)-beta-D-glucosylceramides,II-Medical-8B,-1,exact
CHEBI:15681,related,direct,alpha-Neu5Ac-(2->3)-beta-D-Gal-(1->4)-beta-D-Glc-(1<->1')-Cer,II-Medical-8B,-1,undefined
CHEBI:15681,related,direct,alpha-Neu5Ac-(2->3)-beta-D-Galp-(1->4)-beta-D-Glcp-(1<->1')-Cer,II-Medical-8B,-1,exact
CHEBI:15681,related,direct,ganglioside GM3,II-Medical-8B,-1,undefined
CHEBI:15681,related,direct,monosialoganglioside GM3,II-Medical-8B,-1,undefined
CHEBI:15693,exact,direct,Aldose,II-Medical-8B,-1,undefined
CHEBI:15693,related,direct,aldoses,II-Medical-8B,-1,exact
CHEBI:15693,related,direct,an aldose,II-Medical-8B,-1,undefined
CHEBI:15705,exact,direct,L-alpha-amino acid,II-Medical-8B,-1,exact
CHEBI:15705,exact,direct,L-alpha-amino acids,II-Medical-8B,-1,undefined
CHEBI:15705,related,direct,L-2-Amino acid,II-Medical-8B,-1,undefined
CHEBI:15705,related,direct,L-Amino acid,II-Medical-8B,-1,undefined
CHEBI:15705,related,direct,L-alpha-amino acids,II-Medical-8B,-1,undefined
CHEBI:15727,exact,direct,Carnosine,II-Medical-8B,-1,undefined
CHEBI:15727,exact,direct,N(alpha)-(beta-alanyl)-L-histidine,II-Medical-8B,-1,undefined
CHEBI:15727,related,direct,(2S)-2-(3-aminopropanamido)-3-(1H-imidazol-4-yl)propanoic acid,II-Medical-8B,-1,undefined
CHEBI:15727,related,direct,Karnozin,II-Medical-8B,-1,undefined
CHEBI:15727,related,direct,Karnozzn,II-Medical-8B,-1,undefined
CHEBI:15727,related,direct,L-carnosine,II-Medical-8B,-1,undefined
CHEBI:15727,related,direct,N-(3-aminopropanoyl)-L-histidine,II-Medical-8B,-1,undefined
CHEBI:15727,related,direct,N-2-M,II-Medical-8B,-1,undefined
CHEBI:15727,related,direct,N-beta-alanyl-L-histidine,II-Medical-8B,-1,exact
CHEBI:15727,related,direct,Nalpha-(beta-alanyl)-L-histidine,II-Medical-8B,-1,undefined
CHEBI:15727,related,direct,beta-alanyl-L-histidine,II-Medical-8B,-1,undefined
CHEBI:15727,related,direct,ignotine,II-Medical-8B,-1,undefined
CHEBI:15734,exact,direct,Primary alcohol,II-Medical-8B,-1,undefined
CHEBI:15734,related,direct,1-Alcohol,II-Medical-8B,-1,undefined
CHEBI:15734,related,direct,a primary alcohol,II-Medical-8B,-1,undefined
CHEBI:15734,related,direct,primary alcohols,II-Medical-8B,-1,undefined
CHEBI:15740,exact,direct,formate,II-Medical-8B,-1,undefined
CHEBI:15740,related,direct,HCO2 anion,II-Medical-8B,-1,exact
CHEBI:15740,related,direct,aminate,II-Medical-8B,-1,undefined
CHEBI:15740,related,direct,formiate,II-Medical-8B,-1,undefined
CHEBI:15740,related,direct,"formic acid, ion(1-)",II-Medical-8B,-1,exact
CHEBI:15740,related,direct,formylate,II-Medical-8B,-1,undefined
CHEBI:15740,related,direct,hydrogen carboxylate,II-Medical-8B,-1,undefined
CHEBI:15740,related,direct,methanoate,II-Medical-8B,-1,undefined
CHEBI:15753,exact,direct,2-Oxoadipic acid,II-Medical-8B,-1,exact
CHEBI:15753,exact,direct,2-oxohexanedioic acid,II-Medical-8B,-1,undefined
CHEBI:15753,related,direct,2-ketoadipic acid,II-Medical-8B,-1,undefined
CHEBI:15753,related,direct,2-oxo-hexanedioic acid,II-Medical-8B,-1,undefined
CHEBI:15753,related,direct,alpha-ketoadipic acid,II-Medical-8B,-1,undefined
CHEBI:15753,related,direct,alpha-oxoadipic acid,II-Medical-8B,-1,undefined
CHEBI:15756,exact,direct,hexadecanoic acid,II-Medical-8B,-1,exact
CHEBI:15756,related,direct,1-Pentadecanecarboxylic acid,II-Medical-8B,-1,undefined
CHEBI:15756,related,direct,1-hexyldecanoic acid,II-Medical-8B,-1,undefined
CHEBI:15756,related,direct,16:00,II-Medical-8B,-1,undefined
CHEBI:15756,related,direct,C16,II-Medical-8B,-1,undefined
CHEBI:15756,related,direct,C16 fatty acid,II-Medical-8B,-1,undefined
CHEBI:15756,related,direct,C16:0,II-Medical-8B,-1,undefined
CHEBI:15756,related,direct,CH3-[CH2]14-COOH,II-Medical-8B,-1,undefined
CHEBI:15756,related,direct,FA 16:0,II-Medical-8B,-1,undefined
CHEBI:15756,related,direct,Hexadecanoate,II-Medical-8B,-1,exact
CHEBI:15756,related,direct,Hexadecylic acid,II-Medical-8B,-1,undefined
CHEBI:15756,related,direct,Hexaectylic acid,II-Medical-8B,-1,undefined
CHEBI:15756,related,direct,PALMITIC ACID,II-Medical-8B,-1,undefined
CHEBI:15756,related,direct,Palmitate,II-Medical-8B,-1,undefined
CHEBI:15756,related,direct,Palmitic acid,II-Medical-8B,-1,undefined
CHEBI:15756,related,direct,Palmitinic acid,II-Medical-8B,-1,undefined
CHEBI:15756,related,direct,Palmitinsaeure,II-Medical-8B,-1,undefined
CHEBI:15756,related,direct,Pentadecanecarboxylic acid,II-Medical-8B,-1,undefined
CHEBI:15756,related,direct,cetylic acid,II-Medical-8B,-1,undefined
CHEBI:15756,related,direct,hexadecoic acid,II-Medical-8B,-1,undefined
CHEBI:15756,related,direct,n-hexadecanoic acid,II-Medical-8B,-1,undefined
CHEBI:15756,related,direct,n-hexadecoic acid,II-Medical-8B,-1,undefined
CHEBI:15756,related,direct,palmitic acid,II-Medical-8B,-1,undefined
CHEBI:157750,related,direct,heparan sulfate group,II-Medical-8B,-1,undefined
CHEBI:15792,exact,direct,propanedioate,II-Medical-8B,-1,undefined
CHEBI:15792,related,direct,(-)OOC-CH2-COO(-),II-Medical-8B,-1,exact
CHEBI:15792,related,direct,MALONATE ION,II-Medical-8B,-1,undefined
CHEBI:15792,related,direct,malo,II-Medical-8B,-1,undefined
CHEBI:15792,related,direct,malonate,II-Medical-8B,-1,undefined
CHEBI:15792,related,direct,"malonic acid, ion(2-)",II-Medical-8B,-1,undefined
CHEBI:15792,related,direct,"propanedioic acid, ion(2-)",II-Medical-8B,-1,undefined
CHEBI:15801,exact,direct,(2R)-2-hydroxypentanedioate,II-Medical-8B,-1,exact
CHEBI:15801,related,direct,(R)-2-hydroxyglutarate,II-Medical-8B,-1,undefined
CHEBI:15841,exact,direct,Polypeptide,II-Medical-8B,-1,exact
CHEBI:15841,exact,direct,polypeptides,II-Medical-8B,-1,undefined
CHEBI:15841,related,direct,Polypeptid,II-Medical-8B,-1,undefined
CHEBI:15841,related,direct,polipeptido,II-Medical-8B,-1,undefined
CHEBI:15889,exact,direct,Sterol,II-Medical-8B,-1,undefined
CHEBI:15889,exact,direct,sterols,II-Medical-8B,-1,undefined
CHEBI:15889,related,direct,3-hydroxysteroids,II-Medical-8B,-1,undefined
CHEBI:15889,related,direct,a sterol,II-Medical-8B,-1,undefined
CHEBI:15891,exact,direct,2-aminoethanesulfonic acid,II-Medical-8B,-1,undefined
CHEBI:15891,exact,direct,Taurine,II-Medical-8B,-1,undefined
CHEBI:15891,related,direct,2-Aminoethanesulfonic acid,II-Medical-8B,-1,undefined
CHEBI:15891,related,direct,2-aminoethyl sulfonate,II-Medical-8B,-1,undefined
CHEBI:15891,related,direct,Aminoethylsulfonic acid,II-Medical-8B,-1,undefined
CHEBI:15891,related,direct,beta-aminoethylsulfonic acid,II-Medical-8B,-1,undefined
CHEBI:15901,exact,direct,"5,6-Dihydrouracil",II-Medical-8B,-1,undefined
CHEBI:15901,exact,direct,"5,6-dihydrouracil",II-Medical-8B,-1,exact
CHEBI:15901,exact,direct,"dihydropyrimidine-2,4(1H,3H)-dione",II-Medical-8B,-1,undefined
CHEBI:15901,related,direct,"2,4(1H,3H)-Pyrimidinedione, dihydro-",II-Medical-8B,-1,undefined
CHEBI:15901,related,direct,"2,4-Dioxotetrahydropyrimidine",II-Medical-8B,-1,exact
CHEBI:15901,related,direct,"5,6-Dihydro-2,4-dihydroxypyrimidine",II-Medical-8B,-1,undefined
CHEBI:15901,related,direct,"DIHYDROPYRIMIDINE-2,4(1H,3H)-DIONE",II-Medical-8B,-1,undefined
CHEBI:15901,related,direct,"Dihydro-2,4(1H,3H)-pyrimidinedione",II-Medical-8B,-1,undefined
CHEBI:15901,related,direct,Dihydrouracil,II-Medical-8B,-1,undefined
CHEBI:15901,related,direct,Dihydrouracile,II-Medical-8B,-1,undefined
CHEBI:15901,related,direct,Hydrouracil,II-Medical-8B,-1,undefined
CHEBI:15903,exact,direct,BETA-D-GLUCOSE,II-Medical-8B,-1,undefined
CHEBI:15903,exact,direct,beta-D-Glucose,II-Medical-8B,-1,exact
CHEBI:15903,exact,direct,beta-D-glucopyranose,II-Medical-8B,-1,undefined
CHEBI:15903,exact,direct,beta-D-glucose,II-Medical-8B,-1,exact
CHEBI:15903,related,direct,D-gluco-Hexose,II-Medical-8B,-1,undefined
CHEBI:15903,related,direct,"WURCS=2.0/1,1,0/[a2122h-1b_1-5]/1/",II-Medical-8B,-1,undefined
CHEBI:15904,exact,direct,Long-chain fatty acid,II-Medical-8B,-1,undefined
CHEBI:15904,related,direct,Higher fatty acid,II-Medical-8B,-1,undefined
CHEBI:15904,related,direct,LCFA,II-Medical-8B,-1,undefined
CHEBI:15904,related,direct,LCFAs,II-Medical-8B,-1,undefined
CHEBI:15904,related,direct,long-chain fatty acids,II-Medical-8B,-1,undefined
CHEBI:15963,exact,direct,"(2R,3s,4S)-pentane-1,2,3,4,5-pentol",II-Medical-8B,-1,undefined
CHEBI:15963,exact,direct,Ribitol,II-Medical-8B,-1,undefined
CHEBI:15963,exact,direct,meso-ribitol,II-Medical-8B,-1,undefined
CHEBI:15963,exact,direct,ribitol,II-Medical-8B,-1,exact
CHEBI:15963,related,direct,"(2R,3s,4S)-pentane-1,2,3,4,5-pentol",II-Medical-8B,-1,exact
CHEBI:15963,related,direct,Adonitol,II-Medical-8B,-1,undefined
CHEBI:15963,related,direct,D-Adonitol,II-Medical-8B,-1,undefined
CHEBI:15963,related,direct,D-Ribitol,II-Medical-8B,-1,undefined
CHEBI:15963,related,direct,L-ribitol,II-Medical-8B,-1,undefined
CHEBI:15966,exact,direct,(2R)-2-aminopentanedioic acid,II-Medical-8B,-1,undefined
CHEBI:15966,exact,direct,D-Glutamic acid,II-Medical-8B,-1,undefined
CHEBI:15966,exact,direct,D-glutamic acid,II-Medical-8B,-1,exact
CHEBI:15966,related,direct,(R)-2-aminopentanedioic acid,II-Medical-8B,-1,undefined
CHEBI:15966,related,direct,D-2-Aminoglutaric acid,II-Medical-8B,-1,undefined
CHEBI:15966,related,direct,D-Glutaminic acid,II-Medical-8B,-1,undefined
CHEBI:15966,related,direct,D-Glutaminsaeure,II-Medical-8B,-1,undefined
CHEBI:15966,related,direct,DGL,II-Medical-8B,-1,undefined
CHEBI:15966,related,direct,glutamic acid D-form,II-Medical-8B,-1,undefined
CHEBI:15999,exact,direct,3-(4-hydroxyphenyl)-2-oxopropanoic acid,II-Medical-8B,-1,undefined
CHEBI:15999,exact,direct,4-hydroxyphenylpyruvic acid,II-Medical-8B,-1,undefined
CHEBI:15999,related,direct,(4-hydroxyphenyl)pyruvic acid,II-Medical-8B,-1,undefined
CHEBI:15999,related,direct,(p-hydroxyphenyl)pyruvic acid,II-Medical-8B,-1,exact
CHEBI:15999,related,direct,3-(4-HYDROXY-PHENYL)PYRUVIC ACID,II-Medical-8B,-1,undefined
CHEBI:15999,related,direct,3-(4-hydroxyphenyl)pyruvic acid,II-Medical-8B,-1,undefined
CHEBI:15999,related,direct,3-(p-hydroxyphenyl)-2-oxopropanoic acid,II-Medical-8B,-1,undefined
CHEBI:15999,related,direct,4-hydroxy alpha-oxobenzenepropanoic acid,II-Medical-8B,-1,undefined
CHEBI:15999,related,direct,p-Hydroxyphenylpyruvic acid,II-Medical-8B,-1,undefined
CHEBI:16004,exact,direct,(2R)-2-hydroxypropanoate,II-Medical-8B,-1,exact
CHEBI:16004,exact,direct,(R)-lactate,II-Medical-8B,-1,undefined
CHEBI:16004,related,direct,D-2-hydroxypropanoate,II-Medical-8B,-1,undefined
CHEBI:16004,related,direct,D-2-hydroxypropionate,II-Medical-8B,-1,undefined
CHEBI:16004,related,direct,D-lactate,II-Medical-8B,-1,undefined
CHEBI:16010,exact,direct,5-OXOPROLINE,II-Medical-8B,-1,undefined
CHEBI:16010,exact,direct,5-Oxoproline,II-Medical-8B,-1,undefined
CHEBI:16010,exact,direct,5-oxoproline,II-Medical-8B,-1,exact
CHEBI:16010,exact,direct,5-oxopyrrolidine-2-carboxylic acid,II-Medical-8B,-1,undefined
CHEBI:16010,related,direct,2-pyrrolidone-5-carboxylic acid,II-Medical-8B,-1,undefined
CHEBI:16010,related,direct,5-Pyrrolidone-2-carboxylic acid,II-Medical-8B,-1,undefined
CHEBI:16010,related,direct,5-oxo-DL-proline,II-Medical-8B,-1,undefined
CHEBI:16010,related,direct,Glp,II-Medical-8B,-1,undefined
CHEBI:16010,related,direct,Pyroglutamate,II-Medical-8B,-1,undefined
CHEBI:16010,related,direct,Pyroglutamic acid,II-Medical-8B,-1,undefined
CHEBI:16015,exact,direct,(2S)-2-aminopentanedioic acid,II-Medical-8B,-1,undefined
CHEBI:16015,exact,direct,L-Glutamic acid,II-Medical-8B,-1,undefined
CHEBI:16015,exact,direct,L-glutamic acid,II-Medical-8B,-1,undefined
CHEBI:16015,related,direct,(S)-2-aminopentanedioic acid,II-Medical-8B,-1,undefined
CHEBI:16015,related,direct,(S)-glutamic acid,II-Medical-8B,-1,undefined
CHEBI:16015,related,direct,E,II-Medical-8B,-1,undefined
CHEBI:16015,related,direct,GLUTAMIC ACID,II-Medical-8B,-1,undefined
CHEBI:16015,related,direct,Glu,II-Medical-8B,-1,undefined
CHEBI:16015,related,direct,Glutamate,II-Medical-8B,-1,undefined
CHEBI:16015,related,direct,L-Glu,II-Medical-8B,-1,undefined
CHEBI:16015,related,direct,L-Glutaminic acid,II-Medical-8B,-1,undefined
CHEBI:16015,related,direct,L-Glutaminsaeure,II-Medical-8B,-1,undefined
CHEBI:16015,related,direct,acide glutamique,II-Medical-8B,-1,undefined
CHEBI:16015,related,direct,acido glutamico,II-Medical-8B,-1,undefined
CHEBI:16015,related,direct,acidum glutamicum,II-Medical-8B,-1,undefined
CHEBI:16015,related,direct,glutamic acid,II-Medical-8B,-1,undefined
CHEBI:16024,exact,direct,D-manno-hexose,II-Medical-8B,-1,undefined
CHEBI:16024,exact,direct,D-mannose,II-Medical-8B,-1,exact
CHEBI:16042,exact,direct,halide ions,II-Medical-8B,-1,undefined
CHEBI:16042,related,direct,HX,II-Medical-8B,-1,undefined
CHEBI:16042,related,direct,Halide,II-Medical-8B,-1,undefined
CHEBI:16042,related,direct,a halide anion,II-Medical-8B,-1,undefined
CHEBI:16042,related,direct,halide anions,II-Medical-8B,-1,undefined
CHEBI:16042,related,direct,halide(1-),II-Medical-8B,-1,undefined
CHEBI:16042,related,direct,halides,II-Medical-8B,-1,undefined
CHEBI:16042,related,direct,halogen anion,II-Medical-8B,-1,undefined
CHEBI:16070,exact,direct,"(2R,3S,4R,5S)-2-(hydroxymethyl)oxane-3,4,5-triol",II-Medical-8B,-1,undefined
CHEBI:16070,exact,direct,"1,5-Anhydro-D-glucitol",II-Medical-8B,-1,exact
CHEBI:16070,exact,direct,"1,5-anhydro-D-glucitol",II-Medical-8B,-1,undefined
CHEBI:16070,related,direct,"1,5-ANHYDROSORBITOL",II-Medical-8B,-1,undefined
CHEBI:16070,related,direct,"1,5-Anhydro-D-sorbitol",II-Medical-8B,-1,undefined
CHEBI:16070,related,direct,"1,5-Anhydroglucitol",II-Medical-8B,-1,exact
CHEBI:16070,related,direct,"1,5-anhydro-D-sorbitol",II-Medical-8B,-1,undefined
CHEBI:16070,related,direct,"1,5-anhydroglucitol",II-Medical-8B,-1,undefined
CHEBI:16080,exact,direct,4-amino-3-hydroxybutanoic acid,II-Medical-8B,-1,undefined
CHEBI:16080,exact,direct,gamma-Amino-beta-hydroxybutyric acid,II-Medical-8B,-1,undefined
CHEBI:16080,related,direct,3-hydroxy-GABA,II-Medical-8B,-1,undefined
CHEBI:16080,related,direct,4-Amino-3-hydroxybutanoic acid,II-Medical-8B,-1,exact
CHEBI:16080,related,direct,4-amino-3-hydroxybutyric acid,II-Medical-8B,-1,undefined
CHEBI:16080,related,direct,GABOB,II-Medical-8B,-1,undefined
CHEBI:16094,exact,direct,sulfurothioate,II-Medical-8B,-1,undefined
CHEBI:16094,exact,direct,thiosulfate,II-Medical-8B,-1,undefined
CHEBI:16094,exact,direct,trioxidosulfidosulfate(2-),II-Medical-8B,-1,exact
CHEBI:16094,related,direct,Hyposulfite,II-Medical-8B,-1,undefined
CHEBI:16094,related,direct,S2O3,II-Medical-8B,-1,exact
CHEBI:16094,related,direct,S2O3(2-),II-Medical-8B,-1,undefined
CHEBI:16094,related,direct,TETRATHIONATE,II-Medical-8B,-1,undefined
CHEBI:16094,related,direct,Thiosulfate,II-Medical-8B,-1,undefined
CHEBI:16094,related,direct,[SO3S](2-),II-Medical-8B,-1,undefined
CHEBI:16094,related,direct,thiosulfate (S2O3(2-)),II-Medical-8B,-1,exact
CHEBI:16094,related,direct,thiosulfate dianion,II-Medical-8B,-1,undefined
CHEBI:16094,related,direct,thiosulfate ion,II-Medical-8B,-1,undefined
CHEBI:16094,related,direct,thiosulfate ion(2-),II-Medical-8B,-1,undefined
CHEBI:16094,related,direct,thiosulphate,II-Medical-8B,-1,undefined
CHEBI:16094,related,direct,trioxido-1kappa(3)O-disulfate(S--S)(2-),II-Medical-8B,-1,undefined
CHEBI:16113,exact,direct,CHOLESTEROL,II-Medical-8B,-1,undefined
CHEBI:16113,exact,direct,Cholesterol,II-Medical-8B,-1,undefined
CHEBI:16113,exact,direct,cholest-5-en-3beta-ol,II-Medical-8B,-1,undefined
CHEBI:16113,exact,direct,cholesterol,II-Medical-8B,-1,undefined
CHEBI:16113,related,direct,"(3beta,14beta,17alpha)-cholest-5-en-3-ol",II-Medical-8B,-1,undefined
CHEBI:16113,related,direct,Cholest-5-en-3beta-ol,II-Medical-8B,-1,undefined
CHEBI:16113,related,direct,Cholesterin,II-Medical-8B,-1,undefined
CHEBI:16134,exact,direct,AMMONIA,II-Medical-8B,-1,undefined
CHEBI:16134,exact,direct,Ammonia,II-Medical-8B,-1,undefined
CHEBI:16134,exact,direct,ammonia,II-Medical-8B,-1,exact
CHEBI:16134,exact,direct,azane,II-Medical-8B,-1,undefined
CHEBI:16134,related,direct,Ammoniak,II-Medical-8B,-1,undefined
CHEBI:16134,related,direct,NH3,II-Medical-8B,-1,undefined
CHEBI:16134,related,direct,R-717,II-Medical-8B,-1,undefined
CHEBI:16134,related,direct,[NH3],II-Medical-8B,-1,undefined
CHEBI:16134,related,direct,ammoniac,II-Medical-8B,-1,undefined
CHEBI:16134,related,direct,amoniaco,II-Medical-8B,-1,undefined
CHEBI:16134,related,direct,spirit of hartshorn,II-Medical-8B,-1,undefined
CHEBI:16135,exact,direct,2-methylpropanoic acid,II-Medical-8B,-1,undefined
CHEBI:16135,exact,direct,ISOBUTYRIC ACID,II-Medical-8B,-1,undefined
CHEBI:16135,exact,direct,Isobutyric acid,II-Medical-8B,-1,undefined
CHEBI:16135,related,direct,"2,2-dimethylacetic acid",II-Medical-8B,-1,undefined
CHEBI:16135,related,direct,2-METHYL-PROPIONIC ACID,II-Medical-8B,-1,exact
CHEBI:16135,related,direct,2-Methylpropanoate,II-Medical-8B,-1,undefined
CHEBI:16135,related,direct,2-Methylpropanoic acid,II-Medical-8B,-1,undefined
CHEBI:16135,related,direct,2-Methylpropionsaeure,II-Medical-8B,-1,undefined
CHEBI:16135,related,direct,Dimethylacetic acid,II-Medical-8B,-1,undefined
CHEBI:16135,related,direct,Isobutanoate,II-Medical-8B,-1,undefined
CHEBI:16135,related,direct,Isobuttersaeure,II-Medical-8B,-1,undefined
CHEBI:16135,related,direct,Isobutyrate,II-Medical-8B,-1,undefined
CHEBI:16135,related,direct,alpha-isobutyric acid,II-Medical-8B,-1,undefined
CHEBI:16135,related,direct,alpha-methylpropanoic acid,II-Medical-8B,-1,undefined
CHEBI:16135,related,direct,alpha-methylpropionic acid,II-Medical-8B,-1,undefined
CHEBI:16135,related,direct,iso-C3H7COOH,II-Medical-8B,-1,undefined
CHEBI:16135,related,direct,iso-butyric acid,II-Medical-8B,-1,undefined
CHEBI:16135,related,direct,isobutanoic acid,II-Medical-8B,-1,undefined
CHEBI:16135,related,direct,isopropylformic acid,II-Medical-8B,-1,undefined
CHEBI:16136,exact,direct,Hydrogen sulfide,II-Medical-8B,-1,exact
CHEBI:16136,exact,direct,dihydridosulfur,II-Medical-8B,-1,undefined
CHEBI:16136,exact,direct,dihydrogen(sulfide),II-Medical-8B,-1,undefined
CHEBI:16136,exact,direct,hydrogen sulfide,II-Medical-8B,-1,exact
CHEBI:16136,exact,direct,sulfane,II-Medical-8B,-1,undefined
CHEBI:16136,related,direct,H2S,II-Medical-8B,-1,undefined
CHEBI:16136,related,direct,HYDROSULFURIC ACID,II-Medical-8B,-1,exact
CHEBI:16136,related,direct,Hydrogen-sulfide,II-Medical-8B,-1,undefined
CHEBI:16136,related,direct,Schwefelwasserstoff,II-Medical-8B,-1,undefined
CHEBI:16136,related,direct,Sulfide,II-Medical-8B,-1,undefined
CHEBI:16136,related,direct,[SH2],II-Medical-8B,-1,undefined
CHEBI:16136,related,direct,acide sulfhydrique,II-Medical-8B,-1,undefined
CHEBI:16136,related,direct,dihydrogen monosulfide,II-Medical-8B,-1,undefined
CHEBI:16136,related,direct,dihydrogen sulfide,II-Medical-8B,-1,undefined
CHEBI:16136,related,direct,hydrogen monosulfide,II-Medical-8B,-1,undefined
CHEBI:16136,related,direct,hydrogen sulphide,II-Medical-8B,-1,undefined
CHEBI:16136,related,direct,hydrogene sulfure,II-Medical-8B,-1,undefined
CHEBI:16136,related,direct,sulfure d'hydrogene,II-Medical-8B,-1,undefined
CHEBI:16137,related,direct,Chondroitin,II-Medical-8B,-1,undefined
CHEBI:16137,related,direct,Chondroitin-D-glucuronate,II-Medical-8B,-1,undefined
CHEBI:16180,exact,direct,N-Acylglycine,II-Medical-8B,-1,undefined
CHEBI:16189,exact,direct,Sulfate,II-Medical-8B,-1,undefined
CHEBI:16189,exact,direct,sulfate,II-Medical-8B,-1,exact
CHEBI:16189,exact,direct,tetraoxidosulfate(2-),II-Medical-8B,-1,exact
CHEBI:16189,exact,direct,tetraoxosulfate(2-),II-Medical-8B,-1,exact
CHEBI:16189,exact,direct,tetraoxosulfate(VI),II-Medical-8B,-1,undefined
CHEBI:16189,related,direct,SO4(2-),II-Medical-8B,-1,undefined
CHEBI:16189,related,direct,SULFATE ION,II-Medical-8B,-1,undefined
CHEBI:16189,related,direct,Sulfate anion(2-),II-Medical-8B,-1,exact
CHEBI:16189,related,direct,Sulfate dianion,II-Medical-8B,-1,undefined
CHEBI:16189,related,direct,Sulfate(2-),II-Medical-8B,-1,undefined
CHEBI:16189,related,direct,Sulfuric acid ion(2-),II-Medical-8B,-1,exact
CHEBI:16189,related,direct,[SO4](2-),II-Medical-8B,-1,undefined
CHEBI:16189,related,direct,sulphate,II-Medical-8B,-1,undefined
CHEBI:16189,related,direct,sulphate ion,II-Medical-8B,-1,undefined
CHEBI:16199,exact,direct,UREA,II-Medical-8B,-1,undefined
CHEBI:16199,exact,direct,Urea,II-Medical-8B,-1,undefined
CHEBI:16199,exact,direct,urea,II-Medical-8B,-1,undefined
CHEBI:16199,related,direct,1728,II-Medical-8B,-1,undefined
CHEBI:16199,related,direct,Carbamide,II-Medical-8B,-1,undefined
CHEBI:16199,related,direct,E927b,II-Medical-8B,-1,undefined
CHEBI:16199,related,direct,H2NC(O)NH2,II-Medical-8B,-1,undefined
CHEBI:16199,related,direct,Harnstoff,II-Medical-8B,-1,undefined
CHEBI:16199,related,direct,Karbamid,II-Medical-8B,-1,undefined
CHEBI:16199,related,direct,carbamide,II-Medical-8B,-1,undefined
CHEBI:16199,related,direct,carbonyldiamide,II-Medical-8B,-1,undefined
CHEBI:16199,related,direct,ur,II-Medical-8B,-1,undefined
CHEBI:16199,related,direct,uree,II-Medical-8B,-1,undefined
CHEBI:16235,exact,direct,"2-amino-1,9-dihydro-6H-purin-6-one",II-Medical-8B,-1,undefined
CHEBI:16235,exact,direct,GUANINE,II-Medical-8B,-1,exact
CHEBI:16235,exact,direct,Guanine,II-Medical-8B,-1,undefined
CHEBI:16235,exact,direct,guanine,II-Medical-8B,-1,undefined
CHEBI:16235,related,direct,2-Amino-6-hydroxypurine,II-Medical-8B,-1,undefined
CHEBI:16235,related,direct,2-amino-6-oxopurine,II-Medical-8B,-1,undefined
CHEBI:16235,related,direct,G,II-Medical-8B,-1,undefined
CHEBI:16235,related,direct,Gua,II-Medical-8B,-1,undefined
CHEBI:16247,exact,direct,Phospholipid,II-Medical-8B,-1,undefined
CHEBI:16247,related,direct,a phospholipid derivative,II-Medical-8B,-1,undefined
CHEBI:16247,related,direct,phospholipids,II-Medical-8B,-1,undefined
CHEBI:16285,exact,direct,"3,7,11,15-tetramethylhexadecanoic acid",II-Medical-8B,-1,undefined
CHEBI:16285,exact,direct,Phytanic acid,II-Medical-8B,-1,undefined
CHEBI:16285,related,direct,"3,7,11,15-Tetramethyl-hexadecansaeure",II-Medical-8B,-1,exact
CHEBI:16285,related,direct,"3,7,11,15-tetramethyl hexadecanoic acid",II-Medical-8B,-1,undefined
CHEBI:16285,related,direct,"3,7,11,15-tetramethyl-hexadecanoic acid",II-Medical-8B,-1,exact
CHEBI:16313,exact,direct,D-PROLINE,II-Medical-8B,-1,undefined
CHEBI:16313,exact,direct,D-Proline,II-Medical-8B,-1,undefined
CHEBI:16313,exact,direct,D-proline,II-Medical-8B,-1,undefined
CHEBI:16313,related,direct,(2R)-pyrrolidine-2-carboxylic acid,II-Medical-8B,-1,exact
CHEBI:16313,related,direct,(R)-2-Carboxypyrrolidine,II-Medical-8B,-1,undefined
CHEBI:16313,related,direct,(R)-pyrrolidine-2-carboxylic acid,II-Medical-8B,-1,exact
CHEBI:16313,related,direct,D-Prolin,II-Medical-8B,-1,undefined
CHEBI:16313,related,direct,DPR,II-Medical-8B,-1,undefined
CHEBI:16336,exact,direct,Hyaluronic acid,II-Medical-8B,-1,undefined
CHEBI:16336,related,direct,Hyaluronsaeure,II-Medical-8B,-1,undefined
CHEBI:16336,related,direct,[beta-D-glucopyranuronosyl-(1->3)-2-(acetylamino)-2-deoxy-beta-D-glucopyranosyl-(1->4)]n,II-Medical-8B,-1,undefined
CHEBI:16336,related,direct,"[beta-N-Acetyl-D-glucosaminyl(1,4)beta-D-glucuronosyl(1,3)]n",II-Medical-8B,-1,undefined
CHEBI:16336,related,direct,acide hyaluronique,II-Medical-8B,-1,undefined
CHEBI:16336,related,direct,acido hialuronico,II-Medical-8B,-1,undefined
CHEBI:16336,related,direct,hyaluronan,II-Medical-8B,-1,undefined
CHEBI:16344,exact,direct,(carbamimidamido)acetic acid,II-Medical-8B,-1,undefined
CHEBI:16344,exact,direct,Guanidinoacetic acid,II-Medical-8B,-1,undefined
CHEBI:16344,exact,direct,N-carbamimidoylglycine,II-Medical-8B,-1,undefined
CHEBI:16344,related,direct,Glycocyamine,II-Medical-8B,-1,undefined
CHEBI:16344,related,direct,Guanidinoacetate,II-Medical-8B,-1,undefined
CHEBI:16344,related,direct,Guanidoacetic acid,II-Medical-8B,-1,undefined
CHEBI:16344,related,direct,N-(carbamimidoyl)glycine,II-Medical-8B,-1,undefined
CHEBI:16344,related,direct,N-Amidinoglycine,II-Medical-8B,-1,undefined
CHEBI:16344,related,direct,N-[Amino(Imino)Methyl]Glycine,II-Medical-8B,-1,undefined
CHEBI:16344,related,direct,N-amidinoglycine,II-Medical-8B,-1,exact
CHEBI:16344,related,direct,N-guanylglycine,II-Medical-8B,-1,undefined
CHEBI:16344,related,direct,guanidineacetic acid,II-Medical-8B,-1,undefined
CHEBI:16375,exact,direct,D-CYSTEINE,II-Medical-8B,-1,undefined
CHEBI:16375,exact,direct,D-Cysteine,II-Medical-8B,-1,undefined
CHEBI:16375,exact,direct,D-cysteine,II-Medical-8B,-1,exact
CHEBI:16375,related,direct,(2S)-2-amino-3-mercaptopropanoic acid,II-Medical-8B,-1,undefined
CHEBI:16375,related,direct,(2S)-2-amino-3-sulfanylpropanoic acid,II-Medical-8B,-1,undefined
CHEBI:16375,related,direct,(S)-2-amino-3-mercaptopropanoic acid,II-Medical-8B,-1,undefined
CHEBI:16375,related,direct,D-Amino-3-mercaptopropionic acid,II-Medical-8B,-1,undefined
CHEBI:16375,related,direct,D-Cystein,II-Medical-8B,-1,exact
CHEBI:16375,related,direct,D-Zystein,II-Medical-8B,-1,undefined
CHEBI:16375,related,direct,DCY,II-Medical-8B,-1,undefined
CHEBI:16385,exact,direct,sulfides,II-Medical-8B,-1,undefined
CHEBI:16385,related,direct,RSR,II-Medical-8B,-1,undefined
CHEBI:16385,related,direct,Sulfide,II-Medical-8B,-1,undefined
CHEBI:16385,related,direct,Thioether,II-Medical-8B,-1,undefined
CHEBI:16385,related,direct,organic sulfides,II-Medical-8B,-1,undefined
CHEBI:16385,related,direct,thioethers,II-Medical-8B,-1,undefined
CHEBI:16449,exact,direct,2-aminopropanoic acid,II-Medical-8B,-1,exact
CHEBI:16449,exact,direct,Alanine,II-Medical-8B,-1,undefined
CHEBI:16449,exact,direct,alanine,II-Medical-8B,-1,undefined
CHEBI:16449,related,direct,2-Aminopropanoic acid,II-Medical-8B,-1,undefined
CHEBI:16449,related,direct,2-Aminopropionic acid,II-Medical-8B,-1,undefined
CHEBI:16449,related,direct,A,II-Medical-8B,-1,undefined
CHEBI:16449,related,direct,ALA,II-Medical-8B,-1,undefined
CHEBI:16449,related,direct,Alanin,II-Medical-8B,-1,undefined
CHEBI:16449,related,direct,alanina,II-Medical-8B,-1,undefined
CHEBI:16498,exact,direct,"5-alkanamido-3,5-dideoxy-D-glycero-D-galacto-non-2-ulopyranosonic acid",II-Medical-8B,-1,undefined
CHEBI:16498,related,direct,N-Acylneuraminate,II-Medical-8B,-1,undefined
CHEBI:16498,related,direct,N-acylneuraminic acids,II-Medical-8B,-1,undefined
CHEBI:16526,exact,direct,CARBON DIOXIDE,II-Medical-8B,-1,undefined
CHEBI:16526,exact,direct,Carbon dioxide,II-Medical-8B,-1,undefined
CHEBI:16526,exact,direct,carbon dioxide,II-Medical-8B,-1,exact
CHEBI:16526,exact,direct,dioxidocarbon,II-Medical-8B,-1,undefined
CHEBI:16526,exact,direct,methanedione,II-Medical-8B,-1,undefined
CHEBI:16526,related,direct,CO2,II-Medical-8B,-1,undefined
CHEBI:16526,related,direct,E 290,II-Medical-8B,-1,undefined
CHEBI:16526,related,direct,E-290,II-Medical-8B,-1,undefined
CHEBI:16526,related,direct,E290,II-Medical-8B,-1,undefined
CHEBI:16526,related,direct,R-744,II-Medical-8B,-1,undefined
CHEBI:16526,related,direct,[CO2],II-Medical-8B,-1,exact
CHEBI:16526,related,direct,carbonic anhydride,II-Medical-8B,-1,undefined
CHEBI:16530,exact,direct,3-METHYL-2-OXOBUTANOIC ACID,II-Medical-8B,-1,undefined
CHEBI:16530,exact,direct,3-Methyl-2-oxobutanoic acid,II-Medical-8B,-1,undefined
CHEBI:16530,exact,direct,3-methyl-2-oxobutanoic acid,II-Medical-8B,-1,exact
CHEBI:16530,related,direct,2-Keto-3-methylbutyric acid,II-Medical-8B,-1,undefined
CHEBI:16530,related,direct,2-Ketoisovaleric acid,II-Medical-8B,-1,undefined
CHEBI:16530,related,direct,2-Ketovaline,II-Medical-8B,-1,exact
CHEBI:16530,related,direct,2-Oxo-3-methylbutanoic acid,II-Medical-8B,-1,undefined
CHEBI:16530,related,direct,2-Oxo-3-methylbutyric acid,II-Medical-8B,-1,undefined
CHEBI:16530,related,direct,2-Oxoisovaleric acid,II-Medical-8B,-1,undefined
CHEBI:16530,related,direct,3-Methyl-2-oxobutanoate,II-Medical-8B,-1,undefined
CHEBI:16530,related,direct,3-Methyl-2-oxobutyric acid,II-Medical-8B,-1,undefined
CHEBI:16530,related,direct,Dimethylpyruvic acid,II-Medical-8B,-1,exact
CHEBI:16530,related,direct,Isopropylglyoxylic acid,II-Medical-8B,-1,undefined
CHEBI:16530,related,direct,alpha-Ketovaline,II-Medical-8B,-1,undefined
CHEBI:16530,related,direct,alpha-keto-isovaleric acid,II-Medical-8B,-1,undefined
CHEBI:16530,related,direct,alpha-oxo-beta-methylbutyricacid,II-Medical-8B,-1,undefined
CHEBI:16530,related,direct,alpha-oxoisovaleric acid,II-Medical-8B,-1,undefined
CHEBI:16541,related,direct,Protein,II-Medical-8B,-1,undefined
CHEBI:16541,related,direct,a protein,II-Medical-8B,-1,undefined
CHEBI:16541,related,direct,polypeptide chain,II-Medical-8B,-1,undefined
CHEBI:16541,related,direct,protein polypeptide chains,II-Medical-8B,-1,undefined
CHEBI:16643,exact,direct,L-Methionine,II-Medical-8B,-1,exact
CHEBI:16643,exact,direct,L-methionine,II-Medical-8B,-1,exact
CHEBI:16643,related,direct,(2S)-2-amino-4-(methylsulfanyl)butanoic acid,II-Medical-8B,-1,undefined
CHEBI:16643,related,direct,(S)-2-amino-4-(methylthio)butanoic acid,II-Medical-8B,-1,undefined
CHEBI:16643,related,direct,(S)-2-amino-4-(methylthio)butyric acid,II-Medical-8B,-1,exact
CHEBI:16643,related,direct,(S)-methionine,II-Medical-8B,-1,undefined
CHEBI:16643,related,direct,L-(-)-methionine,II-Medical-8B,-1,undefined
CHEBI:16643,related,direct,L-Methionin,II-Medical-8B,-1,undefined
CHEBI:16643,related,direct,L-alpha-amino-gamma-methylmercaptobutyric acid,II-Medical-8B,-1,undefined
CHEBI:16643,related,direct,M,II-Medical-8B,-1,exact
CHEBI:16643,related,direct,METHIONINE,II-Medical-8B,-1,undefined
CHEBI:16643,related,direct,Met,II-Medical-8B,-1,undefined
CHEBI:16643,related,direct,Methionine,II-Medical-8B,-1,undefined
CHEBI:16646,exact,direct,carbohydrate,II-Medical-8B,-1,undefined
CHEBI:16646,exact,direct,carbohydrates,II-Medical-8B,-1,undefined
CHEBI:16646,related,direct,Kohlenhydrat,II-Medical-8B,-1,undefined
CHEBI:16646,related,direct,Kohlenhydrate,II-Medical-8B,-1,undefined
CHEBI:16646,related,direct,a carbohydrate,II-Medical-8B,-1,undefined
CHEBI:16646,related,direct,carbohidrato,II-Medical-8B,-1,undefined
CHEBI:16646,related,direct,carbohidratos,II-Medical-8B,-1,undefined
CHEBI:16646,related,direct,glucide,II-Medical-8B,-1,undefined
CHEBI:16646,related,direct,glucides,II-Medical-8B,-1,undefined
CHEBI:16646,related,direct,glucido,II-Medical-8B,-1,undefined
CHEBI:16646,related,direct,glucidos,II-Medical-8B,-1,undefined
CHEBI:16646,related,direct,hydrates de carbone,II-Medical-8B,-1,undefined
CHEBI:16646,related,direct,saccharide,II-Medical-8B,-1,undefined
CHEBI:16646,related,direct,saccharides,II-Medical-8B,-1,undefined
CHEBI:16646,related,direct,saccharidum,II-Medical-8B,-1,undefined
CHEBI:16651,exact,direct,(2S)-2-hydroxypropanoate,II-Medical-8B,-1,undefined
CHEBI:16651,exact,direct,(S)-lactate,II-Medical-8B,-1,exact
CHEBI:16651,related,direct,(+)-lactate,II-Medical-8B,-1,undefined
CHEBI:16651,related,direct,L(+)-lactate,II-Medical-8B,-1,exact
CHEBI:16651,related,direct,L-(+)-lactate,II-Medical-8B,-1,undefined
CHEBI:16651,related,direct,L-lactate,II-Medical-8B,-1,undefined
CHEBI:16670,exact,direct,Peptide,II-Medical-8B,-1,undefined
CHEBI:16670,exact,direct,peptides,II-Medical-8B,-1,undefined
CHEBI:16670,related,direct,Peptid,II-Medical-8B,-1,undefined
CHEBI:16670,related,direct,peptido,II-Medical-8B,-1,undefined
CHEBI:16670,related,direct,peptidos,II-Medical-8B,-1,undefined
CHEBI:16680,exact,direct,S-(5'-deoxyadenosin-5'-yl)-L-homocysteine,II-Medical-8B,-1,undefined
CHEBI:16680,exact,direct,S-ADENOSYL-L-HOMOCYSTEINE,II-Medical-8B,-1,undefined
CHEBI:16680,exact,direct,S-Adenosyl-L-homocysteine,II-Medical-8B,-1,undefined
CHEBI:16680,related,direct,"(2S)-2-amino-4-({[(2S,3S,4R,5R)-5-(6-amino-9H-purin-9-yl)-3,4-dihydroxytetrahydrofuran-2-yl]methyl}sulfanyl)butanoic acid",II-Medical-8B,-1,undefined
CHEBI:16680,related,direct,2-S-adenosyl-L-homocysteine,II-Medical-8B,-1,undefined
CHEBI:16680,related,direct,Adenosyl-L-homocysteine,II-Medical-8B,-1,undefined
CHEBI:16680,related,direct,AdoHcy,II-Medical-8B,-1,undefined
CHEBI:16680,related,direct,S-(5'-adenosyl)-L-homocysteine,II-Medical-8B,-1,undefined
CHEBI:16680,related,direct,S-Adenosylhomocysteine,II-Medical-8B,-1,undefined
CHEBI:16680,related,direct,"S-[1-(adenin-9-yl)-1,5-dideoxy-beta-D-ribofuranos-5-yl]-L-homocysteine",II-Medical-8B,-1,undefined
CHEBI:16680,related,direct,SAH,II-Medical-8B,-1,undefined
CHEBI:16680,related,direct,adenosylhomocysteine,II-Medical-8B,-1,undefined
CHEBI:166902,related,direct,noradrenaline,II-Medical-8B,-1,undefined
CHEBI:16708,exact,direct,9H-purin-6-amine,II-Medical-8B,-1,undefined
CHEBI:16708,exact,direct,ADENINE,II-Medical-8B,-1,undefined
CHEBI:16708,exact,direct,Adenine,II-Medical-8B,-1,undefined
CHEBI:16708,exact,direct,adenine,II-Medical-8B,-1,undefined
CHEBI:16708,related,direct,6-Aminopurine,II-Medical-8B,-1,undefined
CHEBI:16708,related,direct,A,II-Medical-8B,-1,undefined
CHEBI:16708,related,direct,Ade,II-Medical-8B,-1,undefined
CHEBI:16708,related,direct,Adenin,II-Medical-8B,-1,undefined
CHEBI:167114,related,direct,a 2-hydroxydicarboxylate,II-Medical-8B,-1,undefined
CHEBI:16716,exact,direct,BENZENE,II-Medical-8B,-1,undefined
CHEBI:16716,exact,direct,Benzene,II-Medical-8B,-1,undefined
CHEBI:16716,exact,direct,benzene,II-Medical-8B,-1,exact
CHEBI:16716,related,direct,Benzen,II-Medical-8B,-1,undefined
CHEBI:16716,related,direct,Benzine,II-Medical-8B,-1,undefined
CHEBI:16716,related,direct,Benzol,II-Medical-8B,-1,undefined
CHEBI:16716,related,direct,Bicarburet of hydrogen,II-Medical-8B,-1,undefined
CHEBI:16716,related,direct,Coal naphtha,II-Medical-8B,-1,undefined
CHEBI:16716,related,direct,Mineral naphtha,II-Medical-8B,-1,undefined
CHEBI:16716,related,direct,Phene,II-Medical-8B,-1,undefined
CHEBI:16716,related,direct,Pyrobenzol,II-Medical-8B,-1,undefined
CHEBI:16716,related,direct,Pyrobenzole,II-Medical-8B,-1,undefined
CHEBI:16716,related,direct,[6]annulene,II-Medical-8B,-1,undefined
CHEBI:16716,related,direct,benzole,II-Medical-8B,-1,undefined
CHEBI:16716,related,direct,cyclohexatriene,II-Medical-8B,-1,undefined
CHEBI:16716,related,direct,phenyl hydride,II-Medical-8B,-1,undefined
CHEBI:16733,exact,direct,D-alpha-amino acid,II-Medical-8B,-1,undefined
CHEBI:16733,exact,direct,D-alpha-amino acids,II-Medical-8B,-1,undefined
CHEBI:16733,related,direct,D-Amino acid,II-Medical-8B,-1,undefined
CHEBI:16733,related,direct,D-alpha-amino acids,II-Medical-8B,-1,undefined
CHEBI:16737,exact,direct,2-imino-1-methylimidazolidin-4-one,II-Medical-8B,-1,undefined
CHEBI:16737,exact,direct,Creatinine,II-Medical-8B,-1,undefined
CHEBI:16737,exact,direct,creatinine,II-Medical-8B,-1,exact
CHEBI:16737,related,direct,1-Methylglycocyamidine,II-Medical-8B,-1,undefined
CHEBI:16737,related,direct,1-Methylhydantoin-2-imide,II-Medical-8B,-1,undefined
CHEBI:16737,related,direct,1-methylglycocyamidine,II-Medical-8B,-1,undefined
CHEBI:16737,related,direct,2-Amino-1-methylimidazolin-4-one,II-Medical-8B,-1,undefined
CHEBI:16737,related,direct,"2-amino-1,5-dihydro-1-methyl-4H-Imidazol-4-one",II-Medical-8B,-1,undefined
CHEBI:16737,related,direct,Creatine anhydride,II-Medical-8B,-1,undefined
CHEBI:16737,related,direct,Kreatinin,II-Medical-8B,-1,undefined
CHEBI:16737,related,direct,creatinina,II-Medical-8B,-1,undefined
CHEBI:16742,exact,direct,"2,6-dioxo-1,2,3,6-tetrahydropyrimidine-4-carboxylic acid",II-Medical-8B,-1,undefined
CHEBI:16742,exact,direct,OROTIC ACID,II-Medical-8B,-1,undefined
CHEBI:16742,exact,direct,Orotic acid,II-Medical-8B,-1,undefined
CHEBI:16742,related,direct,Orotsaeure,II-Medical-8B,-1,undefined
CHEBI:16742,related,direct,Uracil-6-carboxylic acid,II-Medical-8B,-1,undefined
CHEBI:16750,exact,direct,Guanosine,II-Medical-8B,-1,undefined
CHEBI:16750,exact,direct,guanosine,II-Medical-8B,-1,undefined
CHEBI:16750,related,direct,2(3H)-imino-9-beta-D-ribofuranosyl-9H-purin-6(1H)-one,II-Medical-8B,-1,undefined
CHEBI:16750,related,direct,"2-amino-1,9-dihydro-9-beta-D-ribofuranosyl-6H-purin-6-one",II-Medical-8B,-1,undefined
CHEBI:16750,related,direct,"2-amino-9-beta-D-ribofuranosyl-1,9-dihydro-6H-purin-6-one",II-Medical-8B,-1,undefined
CHEBI:16750,related,direct,9-beta-D-ribofuranosyl-guanine,II-Medical-8B,-1,undefined
CHEBI:16750,related,direct,G,II-Medical-8B,-1,undefined
CHEBI:16750,related,direct,Guanine riboside,II-Medical-8B,-1,undefined
CHEBI:16750,related,direct,Guanine-9-beta-D-ribofuranoside,II-Medical-8B,-1,undefined
CHEBI:16750,related,direct,Guanosin,II-Medical-8B,-1,undefined
CHEBI:16750,related,direct,Guo,II-Medical-8B,-1,undefined
CHEBI:167559,related,direct,glycans,II-Medical-8B,-1,undefined
CHEBI:16765,exact,direct,2-(1H-indol-3-yl)ethanamine,II-Medical-8B,-1,undefined
CHEBI:16765,exact,direct,Tryptamine,II-Medical-8B,-1,exact
CHEBI:16765,related,direct,1H-indole-3-ethanamine,II-Medical-8B,-1,undefined
CHEBI:16765,related,direct,2-(1H-INDOL-3-YL)ETHANAMINE,II-Medical-8B,-1,undefined
CHEBI:16765,related,direct,2-(3-indolyl)ethylamine,II-Medical-8B,-1,undefined
CHEBI:16765,related,direct,3-(2-Aminoethyl)indole,II-Medical-8B,-1,undefined
CHEBI:16782,exact,direct,(2S)-2-hydroxypentanedioate,II-Medical-8B,-1,exact
CHEBI:16782,related,direct,(S)-2-hydroxyglutarate,II-Medical-8B,-1,undefined
CHEBI:16810,exact,direct,2-oxopentanedioate,II-Medical-8B,-1,undefined
CHEBI:16810,related,direct,2-ketoglutarate,II-Medical-8B,-1,undefined
CHEBI:16810,related,direct,2-oxoglutarate,II-Medical-8B,-1,undefined
CHEBI:16810,related,direct,"2-oxopentanedioic acid, ion(2-)",II-Medical-8B,-1,exact
CHEBI:16810,related,direct,alpha-ketoglutarate,II-Medical-8B,-1,undefined
CHEBI:16811,exact,direct,Methionine,II-Medical-8B,-1,undefined
CHEBI:16811,exact,direct,methionine,II-Medical-8B,-1,exact
CHEBI:16811,related,direct,2-Amino-4-(methylthio)butyric acid,II-Medical-8B,-1,undefined
CHEBI:16811,related,direct,2-amino-4-(methylsulfanyl)butanoic acid,II-Medical-8B,-1,undefined
CHEBI:16811,related,direct,2-amino-4-(methylthio)butanoic acid,II-Medical-8B,-1,undefined
CHEBI:16811,related,direct,DL-Methionine,II-Medical-8B,-1,undefined
CHEBI:16811,related,direct,Hmet,II-Medical-8B,-1,undefined
CHEBI:16811,related,direct,M,II-Medical-8B,-1,undefined
CHEBI:16811,related,direct,Met,II-Medical-8B,-1,undefined
CHEBI:16811,related,direct,Methionin,II-Medical-8B,-1,undefined
CHEBI:16811,related,direct,Racemethionine,II-Medical-8B,-1,undefined
CHEBI:16811,related,direct,alpha-amino-gamma-methylmercaptobutyric acid,II-Medical-8B,-1,undefined
CHEBI:16811,related,direct,metionina,II-Medical-8B,-1,undefined
CHEBI:16813,exact,direct,Galactitol,II-Medical-8B,-1,undefined
CHEBI:16813,exact,direct,galactitol,II-Medical-8B,-1,exact
CHEBI:16813,exact,direct,meso-galactitol,II-Medical-8B,-1,undefined
CHEBI:16813,related,direct,"(2R,3S,4R,5S)-hexane-1,2,3,4,5,6-hexol",II-Medical-8B,-1,undefined
CHEBI:16813,related,direct,D-Dulcitol,II-Medical-8B,-1,undefined
CHEBI:16813,related,direct,D-galactitol,II-Medical-8B,-1,undefined
CHEBI:16813,related,direct,Dulcitol,II-Medical-8B,-1,undefined
CHEBI:16813,related,direct,Dulcose,II-Medical-8B,-1,undefined
CHEBI:16813,related,direct,Euonymit,II-Medical-8B,-1,undefined
CHEBI:16813,related,direct,L-galactitol,II-Medical-8B,-1,exact
CHEBI:16813,related,direct,Melampyrin,II-Medical-8B,-1,related
CHEBI:16813,related,direct,Melampyrit,II-Medical-8B,-1,undefined
CHEBI:16827,exact,direct,"11beta,21-dihydroxypregn-4-ene-3,20-dione",II-Medical-8B,-1,undefined
CHEBI:16827,exact,direct,CORTICOSTERONE,II-Medical-8B,-1,undefined
CHEBI:16827,exact,direct,Corticosterone,II-Medical-8B,-1,undefined
CHEBI:16827,exact,direct,corticosterone,II-Medical-8B,-1,exact
CHEBI:16827,related,direct,"(11beta)-11,21-dihydroxypregn-4-ene-3,20-dione",II-Medical-8B,-1,undefined
CHEBI:16827,related,direct,"11beta,21-Dihydroxy-4-pregnene-3,20-dione",II-Medical-8B,-1,undefined
CHEBI:16827,related,direct,"11beta,21-dihydroxyprogesterone",II-Medical-8B,-1,undefined
CHEBI:16827,related,direct,17-deoxycortisol,II-Medical-8B,-1,undefined
CHEBI:16827,related,direct,Kendall's compound B,II-Medical-8B,-1,undefined
CHEBI:16827,related,direct,Reichstein's substance H,II-Medical-8B,-1,undefined
CHEBI:16831,exact,direct,3-hydroxy-3-methylpentanedioic acid,II-Medical-8B,-1,undefined
CHEBI:16831,related,direct,(S)-3-Hydroxy-3-methylglutaric acid,II-Medical-8B,-1,exact
CHEBI:16831,related,direct,(S)-Meglutol,II-Medical-8B,-1,undefined
CHEBI:16831,related,direct,3-HYDROXY-3-METHYL-GLUTARIC ACID,II-Medical-8B,-1,undefined
CHEBI:16831,related,direct,3-Hydroxy-3-methylpentanedioic acid,II-Medical-8B,-1,undefined
CHEBI:16831,related,direct,Dicrotalic acid,II-Medical-8B,-1,undefined
CHEBI:16831,related,direct,beta-Hydroxy-beta-methylglutaric acid,II-Medical-8B,-1,undefined
CHEBI:16831,related,direct,beta-hydroxy-beta-methylglutaric acid,II-Medical-8B,-1,undefined
CHEBI:16831,related,direct,meglutol,II-Medical-8B,-1,undefined
CHEBI:16831,related,direct,meglutolum,II-Medical-8B,-1,undefined
CHEBI:16856,exact,direct,Glutathione,II-Medical-8B,-1,undefined
CHEBI:16856,exact,direct,L-gamma-glutamyl-L-cysteinylglycine,II-Medical-8B,-1,undefined
CHEBI:16856,related,direct,5-L-Glutamyl-L-cysteinylglycine,II-Medical-8B,-1,undefined
CHEBI:16856,related,direct,GSH,II-Medical-8B,-1,undefined
CHEBI:16856,related,direct,Glutathione-SH,II-Medical-8B,-1,undefined
CHEBI:16856,related,direct,N-(N-gamma-L-Glutamyl-L-cysteinyl)glycine,II-Medical-8B,-1,undefined
CHEBI:16856,related,direct,Reduced glutathione,II-Medical-8B,-1,undefined
CHEBI:16856,related,direct,gamma-L-Glutamyl-L-cysteinyl-glycine,II-Medical-8B,-1,undefined
CHEBI:16865,exact,direct,4-aminobutanoic acid,II-Medical-8B,-1,exact
CHEBI:16865,exact,direct,gamma-Aminobutyric acid,II-Medical-8B,-1,undefined
CHEBI:16865,exact,direct,gamma-aminobutyric acid,II-Medical-8B,-1,exact
CHEBI:16865,related,direct,4-Aminobutanoic acid,II-Medical-8B,-1,undefined
CHEBI:16865,related,direct,4-Aminobutyric acid,II-Medical-8B,-1,undefined
CHEBI:16865,related,direct,4-aminobutanoic acid,II-Medical-8B,-1,exact
CHEBI:16865,related,direct,4-aminobutyric acid,II-Medical-8B,-1,undefined
CHEBI:16865,related,direct,4Abu,II-Medical-8B,-1,undefined
CHEBI:16865,related,direct,GABA,II-Medical-8B,-1,undefined
CHEBI:16865,related,direct,GAMMA-AMINO-BUTANOIC ACID,II-Medical-8B,-1,undefined
CHEBI:16865,related,direct,gamma-Aminobuttersaeure,II-Medical-8B,-1,undefined
CHEBI:16865,related,direct,gamma-amino-n-butyric acid,II-Medical-8B,-1,undefined
CHEBI:16865,related,direct,gamma-aminobutanoic acid,II-Medical-8B,-1,undefined
CHEBI:16865,related,direct,omega-aminobutyric acid,II-Medical-8B,-1,undefined
CHEBI:16865,related,direct,piperidic acid,II-Medical-8B,-1,undefined
CHEBI:16865,related,direct,piperidinic acid,II-Medical-8B,-1,undefined
CHEBI:16867,exact,direct,D-METHIONINE,II-Medical-8B,-1,undefined
CHEBI:16867,exact,direct,D-Methionine,II-Medical-8B,-1,exact
CHEBI:16867,exact,direct,D-methionine,II-Medical-8B,-1,exact
CHEBI:16867,related,direct,(2R)-2-amino-4-(methylsulfanyl)butanoic acid,II-Medical-8B,-1,exact
CHEBI:16867,related,direct,(R)-2-amino-4-(methylthio)butanoic acid,II-Medical-8B,-1,undefined
CHEBI:16867,related,direct,(R)-methionine,II-Medical-8B,-1,exact
CHEBI:16867,related,direct,D-2-Amino-4-(methylthio)butyric acid,II-Medical-8B,-1,undefined
CHEBI:16867,related,direct,D-Methionin,II-Medical-8B,-1,undefined
CHEBI:16867,related,direct,MED,II-Medical-8B,-1,undefined
CHEBI:16919,exact,direct,Creatine,II-Medical-8B,-1,exact
CHEBI:16919,exact,direct,N-[amino(imino)methyl]-N-methylglycine,II-Medical-8B,-1,undefined
CHEBI:16919,related,direct,((amino(imino)methyl)(methyl)amino)acetic acid,II-Medical-8B,-1,undefined
CHEBI:16919,related,direct,(N-methylcarbamimidamido)acetic acid,II-Medical-8B,-1,undefined
CHEBI:16919,related,direct,(alpha-methylguanido)acetic acid,II-Medical-8B,-1,undefined
CHEBI:16919,related,direct,Creatin,II-Medical-8B,-1,undefined
CHEBI:16919,related,direct,Kreatin,II-Medical-8B,-1,undefined
CHEBI:16919,related,direct,Methylglycocyamine,II-Medical-8B,-1,undefined
CHEBI:16919,related,direct,N-(aminoiminomethyl)-N-methylglycine,II-Medical-8B,-1,exact
CHEBI:16919,related,direct,N-Methyl-N-guanylglycine,II-Medical-8B,-1,exact
CHEBI:16919,related,direct,N-[(E)-AMINO(IMINO)METHYL]-N-METHYLGLYCINE,II-Medical-8B,-1,undefined
CHEBI:16919,related,direct,N-amidinosarcosine,II-Medical-8B,-1,undefined
CHEBI:16919,related,direct,N-carbamimidoyl-N-methylglycine,II-Medical-8B,-1,undefined
CHEBI:16919,related,direct,N-methyl-N-guanylglycine,II-Medical-8B,-1,exact
CHEBI:16919,related,direct,alpha-Methylguanidino acetic acid,II-Medical-8B,-1,undefined
CHEBI:16924,exact,direct,(2R)-5-oxopyrrolidine-2-carboxylic acid,II-Medical-8B,-1,undefined
CHEBI:16924,exact,direct,5-Oxo-D-proline,II-Medical-8B,-1,exact
CHEBI:16924,exact,direct,5-oxo-D-proline,II-Medical-8B,-1,undefined
CHEBI:16924,related,direct,D-5-Pyrrolidone-2-carboxylic acid,II-Medical-8B,-1,undefined
CHEBI:16924,related,direct,D-Pyroglutamic acid,II-Medical-8B,-1,undefined
CHEBI:16947,exact,direct,"2-hydroxypropane-1,2,3-tricarboxylate",II-Medical-8B,-1,exact
CHEBI:16947,related,direct,"2-hydroxy-1,2,3-propanetricarboxylate",II-Medical-8B,-1,undefined
CHEBI:16947,related,direct,"2-hydroxy-1,2,3-propanetricarboxylate(3-)",II-Medical-8B,-1,undefined
CHEBI:16947,related,direct,"2-hydroxy-1,2,3-propanetricarboxylic acid, ion(3-)",II-Medical-8B,-1,exact
CHEBI:16947,related,direct,2-hydroxytricarballylate,II-Medical-8B,-1,undefined
CHEBI:16947,related,direct,CITRATE ANION,II-Medical-8B,-1,undefined
CHEBI:16947,related,direct,cit,II-Medical-8B,-1,undefined
CHEBI:16947,related,direct,cit(3-),II-Medical-8B,-1,undefined
CHEBI:16947,related,direct,citrate,II-Medical-8B,-1,undefined
CHEBI:16953,exact,direct,(2S)-2-acetamidobutanedioate,II-Medical-8B,-1,undefined
CHEBI:16953,related,direct,(S)-2-(acetylamino)succinate,II-Medical-8B,-1,undefined
CHEBI:16953,related,direct,N-Acetyl-L-aspartate,II-Medical-8B,-1,exact
CHEBI:16953,related,direct,N-acetyl-L-aspartate,II-Medical-8B,-1,undefined
CHEBI:16958,exact,direct,3-aminopropanoic acid,II-Medical-8B,-1,undefined
CHEBI:16958,exact,direct,BETA-ALANINE,II-Medical-8B,-1,undefined
CHEBI:16958,exact,direct,beta-Alanine,II-Medical-8B,-1,undefined
CHEBI:16958,exact,direct,beta-alanine,II-Medical-8B,-1,exact
CHEBI:16958,related,direct,3-Aminopropionic acid,II-Medical-8B,-1,undefined
CHEBI:16958,related,direct,3-aminopropanoic acid,II-Medical-8B,-1,undefined
CHEBI:16958,related,direct,H-beta-Ala-OH,II-Medical-8B,-1,undefined
CHEBI:16958,related,direct,bAla,II-Medical-8B,-1,undefined
CHEBI:16958,related,direct,beta-aminopropionic acid,II-Medical-8B,-1,undefined
CHEBI:16958,related,direct,omega-aminopropionic acid,II-Medical-8B,-1,undefined
CHEBI:16988,exact,direct,D-ribo-pentose,II-Medical-8B,-1,undefined
CHEBI:16988,exact,direct,D-ribose,II-Medical-8B,-1,undefined
CHEBI:16988,related,direct,D-Rib,II-Medical-8B,-1,undefined
CHEBI:16990,exact,direct,"3,18-diethenyl-2,7,13,17-tetramethyl-1,19-dioxo-1,10,19,22,23,24-hexahydro-21H-biline-8,12-dipropanoic acid",II-Medical-8B,-1,undefined
CHEBI:16990,exact,direct,bilirubin,II-Medical-8B,-1,undefined
CHEBI:16990,related,direct,"1,10,19,22,23,24-hexahydro-2,7,13,17-tetramethyl-1,19-dioxo-3,18-divinylbiline-8,12-dipropionic acid",II-Medical-8B,-1,exact
CHEBI:16990,related,direct,"2,17-diethenyl-1,10,19,22,23,24-hexahydro-3,7,13,18-tetramethyl-1,19-dioxo-21H-biline-8,12-dipropanoic acid",II-Medical-8B,-1,undefined
CHEBI:16990,related,direct,"2,7,13,17-tetramethyl-1,19-dioxo-3,18-divinyl-1,10,19,22,23,24-hexahydro-21H-biline-8,12-dipropanoic acid",II-Medical-8B,-1,undefined
CHEBI:16990,related,direct,"8,12-bis(2-carboxyethyl)-2,7,13,17-tetramethyl-3,18-divinylbiladiene-ac-1,19(21H,24H)-dione",II-Medical-8B,-1,exact
CHEBI:16990,related,direct,Bilirubin,II-Medical-8B,-1,undefined
CHEBI:16990,related,direct,"bilirubin(Z,Z)",II-Medical-8B,-1,exact
CHEBI:16990,related,direct,bilirubin-IXalpha,II-Medical-8B,-1,undefined
CHEBI:16995,exact,direct,OXALIC ACID,II-Medical-8B,-1,undefined
CHEBI:16995,exact,direct,Oxalic acid,II-Medical-8B,-1,undefined
CHEBI:16995,exact,direct,oxalic acid,II-Medical-8B,-1,exact
CHEBI:16995,related,direct,Ethandisaeure,II-Medical-8B,-1,undefined
CHEBI:16995,related,direct,Ethanedioic acid,II-Medical-8B,-1,undefined
CHEBI:16995,related,direct,H2ox,II-Medical-8B,-1,exact
CHEBI:16995,related,direct,HOOCCOOH,II-Medical-8B,-1,undefined
CHEBI:16995,related,direct,Oxalsaeure,II-Medical-8B,-1,undefined
CHEBI:16995,related,direct,"ethane-1,2-dioic acid",II-Medical-8B,-1,undefined
CHEBI:16997,exact,direct,"Propane-1,2-diol",II-Medical-8B,-1,undefined
CHEBI:16997,exact,direct,"propane-1,2-diol",II-Medical-8B,-1,undefined
CHEBI:16997,related,direct,"1,2-Propanediol",II-Medical-8B,-1,undefined
CHEBI:16997,related,direct,"1,2-Propylenglykol",II-Medical-8B,-1,undefined
CHEBI:16997,related,direct,"1,2-dihydroxypropane",II-Medical-8B,-1,undefined
CHEBI:16997,related,direct,2-hydroxypropanol,II-Medical-8B,-1,undefined
CHEBI:16997,related,direct,CH3CH(OH)CH2OH,II-Medical-8B,-1,undefined
CHEBI:16997,related,direct,HOCH2CH(OH)CH3,II-Medical-8B,-1,undefined
CHEBI:16997,related,direct,HOCH2CH(OH)Me,II-Medical-8B,-1,undefined
CHEBI:16997,related,direct,MeCH(OH)CH2OH,II-Medical-8B,-1,undefined
CHEBI:16997,related,direct,PPD,II-Medical-8B,-1,undefined
CHEBI:16997,related,direct,Propylene glycol,II-Medical-8B,-1,undefined
CHEBI:16997,related,direct,alpha-propyleneglycol,II-Medical-8B,-1,undefined
CHEBI:16997,related,direct,isopropylene glycol,II-Medical-8B,-1,undefined
CHEBI:16997,related,direct,methyl glycol,II-Medical-8B,-1,undefined
CHEBI:16997,related,direct,methylethyl glycol,II-Medical-8B,-1,undefined
CHEBI:16997,related,direct,methylethylene glycol,II-Medical-8B,-1,undefined
CHEBI:16997,related,direct,monopropylene glycol,II-Medical-8B,-1,undefined
CHEBI:17002,related,direct,Cholesterol ester,II-Medical-8B,-1,undefined
CHEBI:17002,related,direct,a cholesterol ester,II-Medical-8B,-1,undefined
CHEBI:17002,related,direct,cholesterol esters,II-Medical-8B,-1,undefined
CHEBI:17002,related,direct,cholesteryl esters,II-Medical-8B,-1,undefined
CHEBI:17012,exact,direct,"5-acetamido-3,5-dideoxy-D-glycero-D-galacto-non-2-ulopyranosonic acid",II-Medical-8B,-1,exact
CHEBI:17012,exact,direct,N-Acetylneuraminic acid,II-Medical-8B,-1,undefined
CHEBI:17012,related,direct,"5-Acetamido-3,5-dideoxy-D-glycero-D-galacto-2-nonulosonic acid",II-Medical-8B,-1,undefined
CHEBI:17012,related,direct,Aceneuramic acid,II-Medical-8B,-1,exact
CHEBI:17012,related,direct,Neu5Ac,II-Medical-8B,-1,exact
CHEBI:17012,related,direct,NeuAc,II-Medical-8B,-1,undefined
CHEBI:17012,related,direct,O-sialic acid,II-Medical-8B,-1,undefined
CHEBI:17012,related,direct,"WURCS=2.0/1,1,0/[Aad21122h-2x_2-6_5*NCC/3=O]/1/",II-Medical-8B,-1,undefined
CHEBI:17012,related,direct,aceneuramic acid,II-Medical-8B,-1,undefined
CHEBI:17012,related,direct,acide aceneuramique,II-Medical-8B,-1,undefined
CHEBI:17012,related,direct,acidium aceneuramicum,II-Medical-8B,-1,undefined
CHEBI:17012,related,direct,acido aceneuramico,II-Medical-8B,-1,undefined
CHEBI:17026,exact,direct,PROGESTERONE,II-Medical-8B,-1,undefined
CHEBI:17026,exact,direct,Progesterone,II-Medical-8B,-1,undefined
CHEBI:17026,exact,direct,"pregn-4-ene-3,20-dione",II-Medical-8B,-1,undefined
CHEBI:17026,exact,direct,progesterone,II-Medical-8B,-1,undefined
CHEBI:17026,related,direct,"(S)-4-Pregnene-3,20-dione",II-Medical-8B,-1,undefined
CHEBI:17026,related,direct,"(S)-Pregn-4-en-3,20-dione",II-Medical-8B,-1,undefined
CHEBI:17026,related,direct,(S)-Progesterone,II-Medical-8B,-1,undefined
CHEBI:17026,related,direct,17alpha-progesterone,II-Medical-8B,-1,undefined
CHEBI:17026,related,direct,"4-Pregnene-3,20-dione",II-Medical-8B,-1,undefined
CHEBI:17026,related,direct,Agolutin,II-Medical-8B,-1,undefined
CHEBI:17026,related,direct,Akrolutin,II-Medical-8B,-1,undefined
CHEBI:17026,related,direct,Crinone,II-Medical-8B,-1,undefined
CHEBI:17026,related,direct,"Delta(4)-pregnene-3,20-dione",II-Medical-8B,-1,undefined
CHEBI:17026,related,direct,Gelbkoerperhormon,II-Medical-8B,-1,undefined
CHEBI:17026,related,direct,Progesteron,II-Medical-8B,-1,undefined
CHEBI:17026,related,direct,corpus luteum hormone,II-Medical-8B,-1,undefined
CHEBI:17026,related,direct,luteohormone,II-Medical-8B,-1,undefined
CHEBI:17033,exact,direct,Biliverdin,II-Medical-8B,-1,undefined
CHEBI:17033,exact,direct,biliverdin,II-Medical-8B,-1,undefined
CHEBI:17033,related,direct,"8,12-bis(2-carboxyethyl)-2,7,13,17-tetramethyl-3,18-divinylbilin-1(19)(21H,24H)-dione",II-Medical-8B,-1,undefined
CHEBI:17033,related,direct,BILIVERDINE IX ALPHA,II-Medical-8B,-1,undefined
CHEBI:17033,related,direct,Biliverdin IX alpha,II-Medical-8B,-1,undefined
CHEBI:17033,related,direct,Biliverdin IXalpha,II-Medical-8B,-1,undefined
CHEBI:17033,related,direct,Biliverdine,II-Medical-8B,-1,undefined
CHEBI:17044,exact,direct,6-O-phosphono-D-glucitol,II-Medical-8B,-1,undefined
CHEBI:17044,exact,direct,D-Glucitol 6-phosphate,II-Medical-8B,-1,undefined
CHEBI:17044,exact,direct,D-glucitol 6-(dihydrogen phosphate),II-Medical-8B,-1,exact
CHEBI:17044,related,direct,"D-Glucitol, 6-(dihydrogen phosphate)",II-Medical-8B,-1,undefined
CHEBI:17044,related,direct,D-Sorbitol 6-phosphate,II-Medical-8B,-1,undefined
CHEBI:17044,related,direct,Sorbitol 6-phosphate,II-Medical-8B,-1,undefined
CHEBI:17044,related,direct,Sorbitol-6-phosphate,II-Medical-8B,-1,undefined
CHEBI:17053,exact,direct,(2S)-2-aminobutanedioic acid,II-Medical-8B,-1,undefined
CHEBI:17053,exact,direct,L-Aspartic acid,II-Medical-8B,-1,undefined
CHEBI:17053,exact,direct,L-aspartic acid,II-Medical-8B,-1,exact
CHEBI:17053,related,direct,(S)-2-aminobutanedioic acid,II-Medical-8B,-1,undefined
CHEBI:17053,related,direct,(S)-2-aminosuccinic acid,II-Medical-8B,-1,undefined
CHEBI:17053,related,direct,2-Aminosuccinic acid,II-Medical-8B,-1,undefined
CHEBI:17053,related,direct,ASPARTIC ACID,II-Medical-8B,-1,undefined
CHEBI:17053,related,direct,Asp,II-Medical-8B,-1,exact
CHEBI:17053,related,direct,D,II-Medical-8B,-1,undefined
CHEBI:17053,related,direct,L-Asparaginsaeure,II-Medical-8B,-1,undefined
CHEBI:17062,related,direct,RCH2NH2,II-Medical-8B,-1,undefined
CHEBI:17062,related,direct,primary aliphatic amines,II-Medical-8B,-1,undefined
CHEBI:17084,exact,direct,2-hydroxyglutaric acid,II-Medical-8B,-1,exact
CHEBI:17084,exact,direct,2-hydroxypentanedioic acid,II-Medical-8B,-1,undefined
CHEBI:17084,related,direct,alpha-hydroxyglutaric acid,II-Medical-8B,-1,undefined
CHEBI:17087,exact,direct,Ketone,II-Medical-8B,-1,undefined
CHEBI:17087,exact,direct,ketones,II-Medical-8B,-1,undefined
CHEBI:17087,related,direct,Keton,II-Medical-8B,-1,exact
CHEBI:17087,related,direct,R-CO-R',II-Medical-8B,-1,undefined
CHEBI:17087,related,direct,a ketone,II-Medical-8B,-1,undefined
CHEBI:17087,related,direct,cetone,II-Medical-8B,-1,undefined
CHEBI:17087,related,direct,ketones,II-Medical-8B,-1,undefined
CHEBI:17089,exact,direct,Glycoprotein,II-Medical-8B,-1,undefined
CHEBI:17089,exact,direct,glycoproteins,II-Medical-8B,-1,undefined
CHEBI:17089,related,direct,Glykoprotein,II-Medical-8B,-1,exact
CHEBI:17089,related,direct,Glykoproteine,II-Medical-8B,-1,undefined
CHEBI:17089,related,direct,a glycoprotein,II-Medical-8B,-1,undefined
CHEBI:17089,related,direct,glicoproteina,II-Medical-8B,-1,undefined
CHEBI:17089,related,direct,glicoproteinas,II-Medical-8B,-1,undefined
CHEBI:17089,related,direct,glycoproteine,II-Medical-8B,-1,undefined
CHEBI:17089,related,direct,glycoproteines,II-Medical-8B,-1,undefined
CHEBI:17113,exact,direct,Erythritol,II-Medical-8B,-1,undefined
CHEBI:17113,exact,direct,erythritol,II-Medical-8B,-1,exact
CHEBI:17113,exact,direct,meso-erythritol,II-Medical-8B,-1,undefined
CHEBI:17113,related,direct,"(2R,3S)-butane-1,2,3,4-tetrol",II-Medical-8B,-1,undefined
CHEBI:17113,related,direct,Erythrit,II-Medical-8B,-1,exact
CHEBI:17113,related,direct,Erythrite,II-Medical-8B,-1,undefined
CHEBI:17113,related,direct,Erythrol,II-Medical-8B,-1,undefined
CHEBI:17113,related,direct,L-erythritol,II-Medical-8B,-1,undefined
CHEBI:17113,related,direct,MESO-ERYTHRITOL,II-Medical-8B,-1,undefined
CHEBI:17113,related,direct,Phycite,II-Medical-8B,-1,undefined
CHEBI:17113,related,direct,Phycitol,II-Medical-8B,-1,undefined
CHEBI:17113,related,direct,erythro-tetritol,II-Medical-8B,-1,undefined
CHEBI:17113,related,direct,mesoerythritol,II-Medical-8B,-1,undefined
CHEBI:17120,exact,direct,hexanoate,II-Medical-8B,-1,undefined
CHEBI:17120,related,direct,1-hexanoate,II-Medical-8B,-1,undefined
CHEBI:17120,related,direct,1-pentacarboxylate,II-Medical-8B,-1,undefined
CHEBI:17120,related,direct,1-pentanecarboxylate,II-Medical-8B,-1,undefined
CHEBI:17120,related,direct,CH3-[CH2]4-COO(-),II-Medical-8B,-1,undefined
CHEBI:17120,related,direct,butylacetate,II-Medical-8B,-1,undefined
CHEBI:17120,related,direct,caproate,II-Medical-8B,-1,undefined
CHEBI:17120,related,direct,capronate,II-Medical-8B,-1,undefined
CHEBI:17120,related,direct,hexoate,II-Medical-8B,-1,undefined
CHEBI:17120,related,direct,hexylate,II-Medical-8B,-1,undefined
CHEBI:17120,related,direct,n-caproate,II-Medical-8B,-1,undefined
CHEBI:17120,related,direct,n-hexanoate,II-Medical-8B,-1,exact
CHEBI:17120,related,direct,n-hexoate,II-Medical-8B,-1,undefined
CHEBI:17120,related,direct,n-hexylate,II-Medical-8B,-1,undefined
CHEBI:17120,related,direct,nPnCO2 anion,II-Medical-8B,-1,undefined
CHEBI:17120,related,direct,pentanecarboxylate,II-Medical-8B,-1,exact
CHEBI:17120,related,direct,pentylformate,II-Medical-8B,-1,undefined
CHEBI:17126,exact,direct,3-hydroxy-4-(trimethylammonio)butanoate,II-Medical-8B,-1,undefined
CHEBI:17126,exact,direct,carnitine,II-Medical-8B,-1,exact
CHEBI:17126,related,direct,"D,L-carnitine",II-Medical-8B,-1,undefined
CHEBI:17128,exact,direct,hexanedioate,II-Medical-8B,-1,undefined
CHEBI:17128,related,direct,O2C(CH2)4CO2 dianion,II-Medical-8B,-1,undefined
CHEBI:17128,related,direct,adipate dianion,II-Medical-8B,-1,exact
CHEBI:17128,related,direct,"hexan-1,6-dicarboxylate",II-Medical-8B,-1,undefined
CHEBI:17128,related,direct,hexanedioate,II-Medical-8B,-1,exact
CHEBI:17128,related,direct,"hexanedioic acid, ion(2-)",II-Medical-8B,-1,exact
CHEBI:17137,exact,direct,hydrogen(trioxidosulfate)(1-),II-Medical-8B,-1,undefined
CHEBI:17137,exact,direct,hydrogensulfite(1-),II-Medical-8B,-1,exact
CHEBI:17137,exact,direct,hydrogentrioxosulfate(1-),II-Medical-8B,-1,undefined
CHEBI:17137,exact,direct,hydrogentrioxosulfate(IV),II-Medical-8B,-1,undefined
CHEBI:17137,exact,direct,hydroxidodioxidosulfate(1-),II-Medical-8B,-1,exact
CHEBI:17137,exact,direct,monohydrogentrioxosulfate,II-Medical-8B,-1,undefined
CHEBI:17137,related,direct,Bisulfite,II-Medical-8B,-1,undefined
CHEBI:17137,related,direct,HSO3(-),II-Medical-8B,-1,exact
CHEBI:17137,related,direct,HSO3-,II-Medical-8B,-1,undefined
CHEBI:17137,related,direct,Hydrogen sulfite,II-Medical-8B,-1,undefined
CHEBI:17137,related,direct,[SO2(OH)](-),II-Medical-8B,-1,undefined
CHEBI:17137,related,direct,bisulfite,II-Medical-8B,-1,undefined
CHEBI:17137,related,direct,bisulphite,II-Medical-8B,-1,undefined
CHEBI:17137,related,direct,hydrogen sulfite(1-),II-Medical-8B,-1,exact
CHEBI:17137,related,direct,hydrosulfite anion,II-Medical-8B,-1,undefined
CHEBI:17151,exact,direct,"(2R,3r,4S)-pentane-1,2,3,4,5-pentol",II-Medical-8B,-1,undefined
CHEBI:17151,exact,direct,Xylitol,II-Medical-8B,-1,undefined
CHEBI:17151,exact,direct,meso-xylitol,II-Medical-8B,-1,undefined
CHEBI:17151,exact,direct,xylitol,II-Medical-8B,-1,undefined
CHEBI:17151,related,direct,"(2R,3R,4S)-Pentane-1,2,3,4,5-pentaol",II-Medical-8B,-1,exact
CHEBI:17151,related,direct,D-XYLITOL,II-Medical-8B,-1,undefined
CHEBI:17151,related,direct,L-xylitol,II-Medical-8B,-1,exact
CHEBI:17151,related,direct,Xylit,II-Medical-8B,-1,undefined
CHEBI:17151,related,direct,xylite,II-Medical-8B,-1,undefined
CHEBI:17168,exact,direct,5alpha-Cholest-7-en-3beta-ol,II-Medical-8B,-1,undefined
CHEBI:17168,exact,direct,5alpha-cholest-7-en-3beta-ol,II-Medical-8B,-1,exact
CHEBI:17168,related,direct,Lathosterol,II-Medical-8B,-1,undefined
CHEBI:17168,related,direct,gamma-Cholesterol,II-Medical-8B,-1,undefined
CHEBI:17168,related,direct,lathosterol,II-Medical-8B,-1,undefined
CHEBI:17196,exact,direct,L-Asparagine,II-Medical-8B,-1,undefined
CHEBI:17196,exact,direct,L-asparagine,II-Medical-8B,-1,exact
CHEBI:17196,related,direct,"(2S)-2,4-diamino-4-oxobutanoic acid",II-Medical-8B,-1,undefined
CHEBI:17196,related,direct,(2S)-2-amino-3-carbamoylpropanoic acid,II-Medical-8B,-1,undefined
CHEBI:17196,related,direct,(S)-2-amino-3-carbamoylpropanoic acid,II-Medical-8B,-1,undefined
CHEBI:17196,related,direct,(S)-Asparagine,II-Medical-8B,-1,undefined
CHEBI:17196,related,direct,2-Aminosuccinamic acid,II-Medical-8B,-1,undefined
CHEBI:17196,related,direct,ASPARAGINE,II-Medical-8B,-1,undefined
CHEBI:17196,related,direct,Asn,II-Medical-8B,-1,undefined
CHEBI:17196,related,direct,Aspartamic acid,II-Medical-8B,-1,undefined
CHEBI:17196,related,direct,L-2-aminosuccinamic acid,II-Medical-8B,-1,undefined
CHEBI:17196,related,direct,L-Asparagin,II-Medical-8B,-1,undefined
CHEBI:17196,related,direct,L-aspartic acid beta-amide,II-Medical-8B,-1,undefined
CHEBI:17196,related,direct,N,II-Medical-8B,-1,undefined
CHEBI:17196,related,direct,alpha-aminosuccinamic acid,II-Medical-8B,-1,undefined
CHEBI:17203,exact,direct,L-Proline,II-Medical-8B,-1,undefined
CHEBI:17203,exact,direct,L-proline,II-Medical-8B,-1,undefined
CHEBI:17203,related,direct,(-)-(S)-proline,II-Medical-8B,-1,undefined
CHEBI:17203,related,direct,(-)-2-pyrrolidinecarboxylic acid,II-Medical-8B,-1,undefined
CHEBI:17203,related,direct,(-)-proline,II-Medical-8B,-1,undefined
CHEBI:17203,related,direct,(2S)-pyrrolidine-2-carboxylic acid,II-Medical-8B,-1,undefined
CHEBI:17203,related,direct,(S)-2-carboxypyrrolidine,II-Medical-8B,-1,undefined
CHEBI:17203,related,direct,(S)-2-pyrrolidinecarboxylic acid,II-Medical-8B,-1,undefined
CHEBI:17203,related,direct,(S)-pyrrolidine-2-carboxylic acid,II-Medical-8B,-1,undefined
CHEBI:17203,related,direct,2-Pyrrolidinecarboxylic acid,II-Medical-8B,-1,exact
CHEBI:17203,related,direct,L-(-)-proline,II-Medical-8B,-1,undefined
CHEBI:17203,related,direct,L-Prolin,II-Medical-8B,-1,undefined
CHEBI:17203,related,direct,L-alpha-pyrrolidinecarboxylic acid,II-Medical-8B,-1,undefined
CHEBI:17203,related,direct,L-pyrrolidine-2-carboxylic acid,II-Medical-8B,-1,undefined
CHEBI:17203,related,direct,P,II-Medical-8B,-1,undefined
CHEBI:17203,related,direct,PROLINE,II-Medical-8B,-1,undefined
CHEBI:17203,related,direct,prolina,II-Medical-8B,-1,undefined
CHEBI:17203,related,direct,proline,II-Medical-8B,-1,undefined
CHEBI:17203,related,direct,prolinum,II-Medical-8B,-1,undefined
CHEBI:17217,exact,direct,2-Butenoic acid,II-Medical-8B,-1,exact
CHEBI:17217,exact,direct,but-2-enoic acid,II-Medical-8B,-1,undefined
CHEBI:17217,related,direct,2-Butenoate,II-Medical-8B,-1,exact
CHEBI:17217,related,direct,2-butenic acid,II-Medical-8B,-1,undefined
CHEBI:17217,related,direct,3-methylacrylic acid,II-Medical-8B,-1,exact
CHEBI:17217,related,direct,CTA,II-Medical-8B,-1,undefined
CHEBI:17217,related,direct,Crotonic acid,II-Medical-8B,-1,undefined
CHEBI:17217,related,direct,Crotonsaeure,II-Medical-8B,-1,undefined
CHEBI:17217,related,direct,acide crotonique,II-Medical-8B,-1,undefined
CHEBI:17217,related,direct,alpha-butenoic acid,II-Medical-8B,-1,exact
CHEBI:17217,related,direct,alpha-crotonic acid,II-Medical-8B,-1,undefined
CHEBI:17217,related,direct,beta-methacrylic acid,II-Medical-8B,-1,exact
CHEBI:17217,related,direct,beta-methylacrylic acid,II-Medical-8B,-1,undefined
CHEBI:1722,related,direct,3beta-hydroxy Delta(5)-steroids,II-Medical-8B,-1,exact
CHEBI:1722,related,direct,3beta-hydroxy-Delta(5)-steroids,II-Medical-8B,-1,undefined
CHEBI:1722,related,direct,a 3beta-hydroxy-Delta(5)-steroid,II-Medical-8B,-1,undefined
CHEBI:17230,exact,direct,2-amino-4-sulfanylbutanoic acid,II-Medical-8B,-1,undefined
CHEBI:17230,exact,direct,Homocysteine,II-Medical-8B,-1,undefined
CHEBI:17230,exact,direct,homocysteine,II-Medical-8B,-1,exact
CHEBI:17230,related,direct,2-Amino-4-mercaptobutyric acid,II-Medical-8B,-1,undefined
CHEBI:17230,related,direct,Hcy,II-Medical-8B,-1,exact
CHEBI:17234,exact,direct,Glucose,II-Medical-8B,-1,undefined
CHEBI:17234,exact,direct,gluco-hexose,II-Medical-8B,-1,undefined
CHEBI:17234,exact,direct,glucose,II-Medical-8B,-1,undefined
CHEBI:17234,related,direct,DL-glucose,II-Medical-8B,-1,undefined
CHEBI:17234,related,direct,Glc,II-Medical-8B,-1,undefined
CHEBI:17234,related,direct,Glukose,II-Medical-8B,-1,undefined
CHEBI:17258,exact,direct,7H-purine,II-Medical-8B,-1,undefined
CHEBI:17258,related,direct,Purine,II-Medical-8B,-1,undefined
CHEBI:17258,related,direct,Purine base,II-Medical-8B,-1,undefined
CHEBI:17261,exact,direct,N(4)-(2-acetamido-2-deoxy-beta-D-glucopyranosyl)-L-asparagine,II-Medical-8B,-1,undefined
CHEBI:17261,related,direct,1-beta-Aspartyl-N-acetyl-D-glucosaminylamine,II-Medical-8B,-1,undefined
CHEBI:17261,related,direct,"2-Acetamido-1-(beta-L-aspartamido)-1,2-dideoxy-beta-D-glucose",II-Medical-8B,-1,exact
CHEBI:17261,related,direct,2-Acetamido-1-N-(4'-L-aspartyl)-2-deoxy-beta-D-glucopyranosylamine,II-Medical-8B,-1,exact
CHEBI:17261,related,direct,2-acetamido-N(1)-L-beta-aspartyl-2-deoxy-beta-D-glucopyranosylamine,II-Medical-8B,-1,undefined
CHEBI:17261,related,direct,2-acetamido-N-L-beta-aspartyl-2-deoxy-beta-D-glucopyranosylamine,II-Medical-8B,-1,undefined
CHEBI:17261,related,direct,AADG,II-Medical-8B,-1,undefined
CHEBI:17261,related,direct,N-Acetylglucosaminylasparagine,II-Medical-8B,-1,undefined
CHEBI:17261,related,direct,N4-(Acetyl-beta-D-glucosaminyl)asparagine,II-Medical-8B,-1,undefined
CHEBI:17261,related,direct,N4-(beta-N-Acetyl-D-glucosaminyl)-L-asparagine,II-Medical-8B,-1,undefined
CHEBI:17261,related,direct,beta-N-acetylglucosaminyl-L-asparagine,II-Medical-8B,-1,undefined
CHEBI:17272,exact,direct,propanoate,II-Medical-8B,-1,undefined
CHEBI:17272,exact,direct,propionate,II-Medical-8B,-1,undefined
CHEBI:17272,related,direct,CH3-CH2-COO(-),II-Medical-8B,-1,undefined
CHEBI:17272,related,direct,EtCO2 anion,II-Medical-8B,-1,exact
CHEBI:17272,related,direct,carboxylatoethane,II-Medical-8B,-1,undefined
CHEBI:17272,related,direct,ethanecarboxylate,II-Medical-8B,-1,undefined
CHEBI:17272,related,direct,ethylformate,II-Medical-8B,-1,undefined
CHEBI:17272,related,direct,metacetonate,II-Medical-8B,-1,exact
CHEBI:17272,related,direct,methylacetate,II-Medical-8B,-1,undefined
CHEBI:17272,related,direct,propanate,II-Medical-8B,-1,undefined
CHEBI:17272,related,direct,propanoate,II-Medical-8B,-1,undefined
CHEBI:17272,related,direct,"propanoic acid, ion(1-)",II-Medical-8B,-1,undefined
CHEBI:17272,related,direct,pseudoacetate,II-Medical-8B,-1,undefined
CHEBI:173084,related,direct,ferroptosis inhibitors,II-Medical-8B,-1,undefined
CHEBI:173085,related,direct,ferroptosis inducers,II-Medical-8B,-1,undefined
CHEBI:17325,exact,direct,3-hydroxy-3-methylpentanedioate,II-Medical-8B,-1,undefined
CHEBI:17325,related,direct,3-hydroxy-3-methylglutarate,II-Medical-8B,-1,undefined
CHEBI:17347,exact,direct,17beta-hydroxyandrost-4-en-3-one,II-Medical-8B,-1,undefined
CHEBI:17347,exact,direct,TESTOSTERONE,II-Medical-8B,-1,undefined
CHEBI:17347,exact,direct,Testosterone,II-Medical-8B,-1,undefined
CHEBI:17347,exact,direct,testosterone,II-Medical-8B,-1,undefined
CHEBI:17347,related,direct,17beta-Hydroxy-4-androsten-3-one,II-Medical-8B,-1,undefined
CHEBI:17347,related,direct,17beta-hydroxy-4-androsten-3-one,II-Medical-8B,-1,undefined
CHEBI:17347,related,direct,4-androsten-17beta-ol-3-one,II-Medical-8B,-1,undefined
CHEBI:17347,related,direct,Androderm,II-Medical-8B,-1,undefined
CHEBI:17347,related,direct,Testosteron,II-Medical-8B,-1,undefined
CHEBI:17347,related,direct,testosterona,II-Medical-8B,-1,undefined
CHEBI:17347,related,direct,testosterone,II-Medical-8B,-1,undefined
CHEBI:17347,related,direct,testosteronum,II-Medical-8B,-1,undefined
CHEBI:17359,exact,direct,sulfite,II-Medical-8B,-1,exact
CHEBI:17359,exact,direct,trioxidosulfate(2-),II-Medical-8B,-1,undefined
CHEBI:17359,exact,direct,trioxosulfate(2-),II-Medical-8B,-1,undefined
CHEBI:17359,exact,direct,trioxosulfate(IV),II-Medical-8B,-1,undefined
CHEBI:17359,related,direct,SO3,II-Medical-8B,-1,exact
CHEBI:17359,related,direct,SO3(2-),II-Medical-8B,-1,undefined
CHEBI:17359,related,direct,SULFITE ION,II-Medical-8B,-1,undefined
CHEBI:17359,related,direct,[SO3](2-),II-Medical-8B,-1,undefined
CHEBI:17359,related,direct,sulphite,II-Medical-8B,-1,undefined
CHEBI:17364,exact,direct,(2R)-2-aminobutanedioic acid,II-Medical-8B,-1,undefined
CHEBI:17364,exact,direct,D-Aspartic acid,II-Medical-8B,-1,exact
CHEBI:17364,exact,direct,D-aspartic acid,II-Medical-8B,-1,undefined
CHEBI:17364,related,direct,(R)-2-aminobutanedioic acid,II-Medical-8B,-1,undefined
CHEBI:17364,related,direct,(R)-2-aminosuccinic acid,II-Medical-8B,-1,undefined
CHEBI:17364,related,direct,D-Asparaginsaeure,II-Medical-8B,-1,undefined
CHEBI:17364,related,direct,DAS,II-Medical-8B,-1,exact
CHEBI:17364,related,direct,aspartic acid D-form,II-Medical-8B,-1,undefined
CHEBI:17368,exact,direct,"1,7-dihydro-6H-purin-6-one",II-Medical-8B,-1,undefined
CHEBI:17368,exact,direct,HYPOXANTHINE,II-Medical-8B,-1,undefined
CHEBI:17368,exact,direct,Hypoxanthine,II-Medical-8B,-1,undefined
CHEBI:17368,exact,direct,hypoxanthine,II-Medical-8B,-1,undefined
CHEBI:17368,related,direct,6(1H)-purinone,II-Medical-8B,-1,undefined
CHEBI:17368,related,direct,6-oxopurine,II-Medical-8B,-1,undefined
CHEBI:17368,related,direct,9H-purin-6(1H)-one,II-Medical-8B,-1,undefined
CHEBI:17368,related,direct,Hyp,II-Medical-8B,-1,undefined
CHEBI:17368,related,direct,Purine-6-ol,II-Medical-8B,-1,undefined
CHEBI:17368,related,direct,purin-6(1H)-one,II-Medical-8B,-1,undefined
CHEBI:17375,related,direct,(2S)-2-hydroxy monocarboxylic acids,II-Medical-8B,-1,undefined
CHEBI:17375,related,direct,(S)-2-Hydroxy acid,II-Medical-8B,-1,undefined
CHEBI:17375,related,direct,(S)-2-Hydroxyalkanoic acid,II-Medical-8B,-1,undefined
CHEBI:17375,related,direct,(S)-2-Hydroxycarboxylic acid,II-Medical-8B,-1,undefined
CHEBI:17375,related,direct,(S)-2-Hydroxymonocarboxylic acid,II-Medical-8B,-1,undefined
CHEBI:17376,exact,direct,"3,3'-disulfanediylbis(2-aminopropanoic acid)",II-Medical-8B,-1,undefined
CHEBI:17376,exact,direct,Cystine,II-Medical-8B,-1,undefined
CHEBI:17376,exact,direct,cystine,II-Medical-8B,-1,exact
CHEBI:17376,related,direct,"3,3'-dithiobis(2-aminopropanoic acid)",II-Medical-8B,-1,undefined
CHEBI:17376,related,direct,Cystin,II-Medical-8B,-1,undefined
CHEBI:17376,related,direct,Dicysteine,II-Medical-8B,-1,undefined
CHEBI:17376,related,direct,Zystin,II-Medical-8B,-1,undefined
CHEBI:17376,related,direct,alpha-Diamino-beta-dithiolactic acid,II-Medical-8B,-1,undefined
CHEBI:17376,related,direct,cistina,II-Medical-8B,-1,undefined
CHEBI:17381,exact,direct,3-[5-(aminomethyl)-4-(carboxymethyl)-1H-pyrrol-3-yl]propanoic acid,II-Medical-8B,-1,undefined
CHEBI:17381,exact,direct,Porphobilinogen,II-Medical-8B,-1,undefined
CHEBI:17418,exact,direct,Valeric acid,II-Medical-8B,-1,undefined
CHEBI:17418,exact,direct,pentanoic acid,II-Medical-8B,-1,undefined
CHEBI:17418,related,direct,1-butanecarboxylic acid,II-Medical-8B,-1,undefined
CHEBI:17418,related,direct,CH3-[CH2]3-COOH,II-Medical-8B,-1,exact
CHEBI:17418,related,direct,PENTANOIC ACID,II-Medical-8B,-1,exact
CHEBI:17418,related,direct,Pentanoate,II-Medical-8B,-1,undefined
CHEBI:17418,related,direct,Pentanoic acid,II-Medical-8B,-1,undefined
CHEBI:17418,related,direct,Valerate,II-Medical-8B,-1,undefined
CHEBI:17418,related,direct,Valerianic acid,II-Medical-8B,-1,undefined
CHEBI:17418,related,direct,Valeriansaeure,II-Medical-8B,-1,undefined
CHEBI:17418,related,direct,n-BuCOOH,II-Medical-8B,-1,undefined
CHEBI:17418,related,direct,n-Pentanoate,II-Medical-8B,-1,undefined
CHEBI:17418,related,direct,n-Valeric acid,II-Medical-8B,-1,undefined
CHEBI:17418,related,direct,n-pentanoic acid,II-Medical-8B,-1,undefined
CHEBI:17418,related,direct,n-valeric acid,II-Medical-8B,-1,undefined
CHEBI:17418,related,direct,pentoic acid,II-Medical-8B,-1,exact
CHEBI:17418,related,direct,propylacetic acid,II-Medical-8B,-1,undefined
CHEBI:17418,related,direct,"valeric acid, normal",II-Medical-8B,-1,undefined
CHEBI:17453,exact,direct,methylpropanedioate,II-Medical-8B,-1,undefined
CHEBI:17453,related,direct,methylmalonate,II-Medical-8B,-1,undefined
CHEBI:17453,related,direct,methylmalonate dianion,II-Medical-8B,-1,undefined
CHEBI:17478,exact,direct,Aldehyde,II-Medical-8B,-1,undefined
CHEBI:17478,exact,direct,aldehyde,II-Medical-8B,-1,undefined
CHEBI:17478,exact,direct,aldehydes,II-Medical-8B,-1,exact
CHEBI:17478,related,direct,Aldehyd,II-Medical-8B,-1,undefined
CHEBI:17478,related,direct,RC(=O)H,II-Medical-8B,-1,undefined
CHEBI:17478,related,direct,RCHO,II-Medical-8B,-1,undefined
CHEBI:17478,related,direct,aldehido,II-Medical-8B,-1,undefined
CHEBI:17478,related,direct,aldehidos,II-Medical-8B,-1,undefined
CHEBI:17478,related,direct,aldehydes,II-Medical-8B,-1,undefined
CHEBI:17478,related,direct,aldehydum,II-Medical-8B,-1,undefined
CHEBI:17478,related,direct,an aldehyde,II-Medical-8B,-1,undefined
CHEBI:17485,exact,direct,"4,4'-disulfanediylbis(2-aminobutanoic acid)",II-Medical-8B,-1,undefined
CHEBI:17485,exact,direct,Homocystine,II-Medical-8B,-1,undefined
CHEBI:17485,related,direct,"4,4'-Dithiobis(2-aminobutyric acid)",II-Medical-8B,-1,undefined
CHEBI:17485,related,direct,"4,4'-dithiobis(2-aminobutyric acid)",II-Medical-8B,-1,undefined
CHEBI:17497,exact,direct,GLYCOLIC ACID,II-Medical-8B,-1,undefined
CHEBI:17497,exact,direct,Glycolic acid,II-Medical-8B,-1,undefined
CHEBI:17497,exact,direct,hydroxyacetic acid,II-Medical-8B,-1,undefined
CHEBI:17497,related,direct,2-Hydroxyacetic acid,II-Medical-8B,-1,undefined
CHEBI:17497,related,direct,2-Hydroxyethanoic acid,II-Medical-8B,-1,undefined
CHEBI:17497,related,direct,Glycollic acid,II-Medical-8B,-1,undefined
CHEBI:17497,related,direct,HOCH2COOH,II-Medical-8B,-1,undefined
CHEBI:17497,related,direct,Hydroxyacetic acid,II-Medical-8B,-1,undefined
CHEBI:17497,related,direct,Hydroxyethanoic acid,II-Medical-8B,-1,undefined
CHEBI:17497,related,direct,alpha-Hydroxyacetic acid,II-Medical-8B,-1,undefined
CHEBI:17497,related,direct,alpha-hydroxyacetic acid,II-Medical-8B,-1,undefined
CHEBI:17522,exact,direct,Alditol,II-Medical-8B,-1,undefined
CHEBI:17522,exact,direct,alditol,II-Medical-8B,-1,exact
CHEBI:17522,related,direct,Glycitol,II-Medical-8B,-1,undefined
CHEBI:17522,related,direct,Sugar alcohol,II-Medical-8B,-1,undefined
CHEBI:17522,related,direct,alditols,II-Medical-8B,-1,undefined
CHEBI:17544,exact,direct,Hydrogencarbonate,II-Medical-8B,-1,undefined
CHEBI:17544,exact,direct,hydrogen(trioxidocarbonate)(1-),II-Medical-8B,-1,undefined
CHEBI:17544,exact,direct,hydrogencarbonate,II-Medical-8B,-1,undefined
CHEBI:17544,exact,direct,hydrogencarbonate(1-),II-Medical-8B,-1,undefined
CHEBI:17544,exact,direct,hydrogentrioxocarbonate(1-),II-Medical-8B,-1,undefined
CHEBI:17544,exact,direct,hydrogentrioxocarbonate(IV),II-Medical-8B,-1,undefined
CHEBI:17544,exact,direct,hydroxidodioxidocarbonate(1-),II-Medical-8B,-1,undefined
CHEBI:17544,related,direct,Acid carbonate,II-Medical-8B,-1,undefined
CHEBI:17544,related,direct,BICARBONATE ION,II-Medical-8B,-1,undefined
CHEBI:17544,related,direct,Bicarbonate,II-Medical-8B,-1,undefined
CHEBI:17544,related,direct,HCO3(-),II-Medical-8B,-1,exact
CHEBI:17544,related,direct,HCO3-,II-Medical-8B,-1,undefined
CHEBI:17544,related,direct,[CO2(OH)](-),II-Medical-8B,-1,exact
CHEBI:17544,related,direct,hydrogen carbonate,II-Medical-8B,-1,undefined
CHEBI:17549,exact,direct,5-amino-4-oxopentanoic acid,II-Medical-8B,-1,undefined
CHEBI:17549,related,direct,5-ALA,II-Medical-8B,-1,undefined
CHEBI:17549,related,direct,5-Amino-4-oxopentanoate,II-Medical-8B,-1,undefined
CHEBI:17549,related,direct,5-Amino-4-oxovaleric acid,II-Medical-8B,-1,undefined
CHEBI:17549,related,direct,5-Aminolevulinate,II-Medical-8B,-1,undefined
CHEBI:17549,related,direct,aminolevulinic acid,II-Medical-8B,-1,undefined
CHEBI:17549,related,direct,dALA,II-Medical-8B,-1,undefined
CHEBI:17549,related,direct,delta-ALA,II-Medical-8B,-1,undefined
CHEBI:17549,related,direct,delta-aminolevulinic acid,II-Medical-8B,-1,undefined
CHEBI:17561,exact,direct,L-Cysteine,II-Medical-8B,-1,undefined
CHEBI:17561,exact,direct,L-cysteine,II-Medical-8B,-1,exact
CHEBI:17561,related,direct,(2R)-2-amino-3-mercaptopropanoic acid,II-Medical-8B,-1,undefined
CHEBI:17561,related,direct,(2R)-2-amino-3-sulfanylpropanoic acid,II-Medical-8B,-1,undefined
CHEBI:17561,related,direct,(R)-2-amino-3-mercaptopropanoic acid,II-Medical-8B,-1,exact
CHEBI:17561,related,direct,C,II-Medical-8B,-1,undefined
CHEBI:17561,related,direct,CYSTEINE,II-Medical-8B,-1,undefined
CHEBI:17561,related,direct,Cys,II-Medical-8B,-1,undefined
CHEBI:17561,related,direct,E 920,II-Medical-8B,-1,undefined
CHEBI:17561,related,direct,E-920,II-Medical-8B,-1,undefined
CHEBI:17561,related,direct,E920,II-Medical-8B,-1,undefined
CHEBI:17561,related,direct,FREE CYSTEINE,II-Medical-8B,-1,undefined
CHEBI:17561,related,direct,L-2-Amino-3-mercaptopropionic acid,II-Medical-8B,-1,undefined
CHEBI:17561,related,direct,L-Cystein,II-Medical-8B,-1,undefined
CHEBI:17561,related,direct,L-Zystein,II-Medical-8B,-1,undefined
CHEBI:17568,exact,direct,URACIL,II-Medical-8B,-1,undefined
CHEBI:17568,exact,direct,Uracil,II-Medical-8B,-1,undefined
CHEBI:17568,exact,direct,"pyrimidine-2,4(1H,3H)-dione",II-Medical-8B,-1,undefined
CHEBI:17568,exact,direct,uracil,II-Medical-8B,-1,undefined
CHEBI:17568,related,direct,"2,4(1H,3H)-pyrimidinedione",II-Medical-8B,-1,undefined
CHEBI:17568,related,direct,"2,4-Dioxopyrimidine",II-Medical-8B,-1,undefined
CHEBI:17568,related,direct,"2,4-Pyrimidinedione",II-Medical-8B,-1,undefined
CHEBI:17568,related,direct,U,II-Medical-8B,-1,undefined
CHEBI:17568,related,direct,Ura,II-Medical-8B,-1,undefined
CHEBI:17568,related,direct,Urazil,II-Medical-8B,-1,undefined
CHEBI:17578,exact,direct,TOLUENE,II-Medical-8B,-1,undefined
CHEBI:17578,exact,direct,Toluene,II-Medical-8B,-1,undefined
CHEBI:17578,exact,direct,toluene,II-Medical-8B,-1,undefined
CHEBI:17578,related,direct,Toluen,II-Medical-8B,-1,undefined
CHEBI:17578,related,direct,Toluol,II-Medical-8B,-1,undefined
CHEBI:17578,related,direct,methylbenzene,II-Medical-8B,-1,undefined
CHEBI:17578,related,direct,phenylmethane,II-Medical-8B,-1,undefined
CHEBI:17579,exact,direct,BETA-CAROTENE,II-Medical-8B,-1,undefined
CHEBI:17579,exact,direct,"beta,beta-carotene",II-Medical-8B,-1,undefined
CHEBI:17579,exact,direct,beta-Carotene,II-Medical-8B,-1,undefined
CHEBI:17579,related,direct,"1,1'-[(1E,3E,5E,7E,9E,11E,13E,15E,17E)-3,7,12,16-tetramethyloctadeca-1,3,5,7,9,11,13,15,17-nonaene-1,18-diyl]bis(2,6,6-trimethylcyclohexene)",II-Medical-8B,-1,undefined
CHEBI:17579,related,direct,all-trans-beta-carotene,II-Medical-8B,-1,undefined
CHEBI:17579,related,direct,beta-Karotin,II-Medical-8B,-1,undefined
CHEBI:17608,related,direct,D-aldohexoses,II-Medical-8B,-1,undefined
CHEBI:17612,exact,direct,"(3,4-dihydroxyphenyl)acetate",II-Medical-8B,-1,undefined
CHEBI:17612,related,direct,"3,4-dihydroxyphenylacetate",II-Medical-8B,-1,exact
CHEBI:17612,related,direct,homoprotocatechuate,II-Medical-8B,-1,undefined
CHEBI:17634,exact,direct,D-gluco-hexose,II-Medical-8B,-1,undefined
CHEBI:17634,exact,direct,D-glucose,II-Medical-8B,-1,undefined
CHEBI:17634,related,direct,D(+)-glucose,II-Medical-8B,-1,undefined
CHEBI:17634,related,direct,D-(+)-glucose,II-Medical-8B,-1,undefined
CHEBI:17634,related,direct,Traubenzucker,II-Medical-8B,-1,undefined
CHEBI:17634,related,direct,dextrose,II-Medical-8B,-1,undefined
CHEBI:17634,related,direct,grape sugar,II-Medical-8B,-1,undefined
CHEBI:176497,related,direct,anti-aging agent,II-Medical-8B,-1,undefined
CHEBI:176497,related,direct,anti-aging agents,II-Medical-8B,-1,undefined
CHEBI:176497,related,direct,anti-aging drug,II-Medical-8B,-1,undefined
CHEBI:176497,related,direct,anti-aging drugs,II-Medical-8B,-1,undefined
CHEBI:176497,related,direct,geroprotective agent,II-Medical-8B,-1,undefined
CHEBI:176497,related,direct,geroprotective agents,II-Medical-8B,-1,undefined
CHEBI:176497,related,direct,geroprotectors,II-Medical-8B,-1,undefined
CHEBI:17650,exact,direct,"11beta,17,21-trihydroxypregn-4-ene-3,20-dione",II-Medical-8B,-1,exact
CHEBI:17650,exact,direct,Cortisol,II-Medical-8B,-1,undefined
CHEBI:17650,exact,direct,cortisol,II-Medical-8B,-1,undefined
CHEBI:17650,related,direct,"(11beta)-11,17,21-trihydroxypregn-4-ene-3,20-dione",II-Medical-8B,-1,undefined
CHEBI:17650,related,direct,"11beta,17alpha,21-Trihydroxy-4-pregnene-3,20-dione",II-Medical-8B,-1,exact
CHEBI:17650,related,direct,"11beta,17alpha,21-trihydroxy-4-pregnene-3,20-dione",II-Medical-8B,-1,undefined
CHEBI:17650,related,direct,11beta-hydrocortisone,II-Medical-8B,-1,undefined
CHEBI:17650,related,direct,17-hydroxycorticosterone,II-Medical-8B,-1,undefined
CHEBI:17650,related,direct,"4-pregnen-11beta,17alpha,21-triol-3,20-dione",II-Medical-8B,-1,undefined
CHEBI:17650,related,direct,Hydrocortisone,II-Medical-8B,-1,undefined
CHEBI:17650,related,direct,Kendall's compound F,II-Medical-8B,-1,undefined
CHEBI:17650,related,direct,Reichstein's substance M,II-Medical-8B,-1,undefined
CHEBI:17650,related,direct,hidrocortisona,II-Medical-8B,-1,undefined
CHEBI:17650,related,direct,hydrocortisone,II-Medical-8B,-1,undefined
CHEBI:17650,related,direct,hydrocortisonum,II-Medical-8B,-1,undefined
CHEBI:176718,exact,direct,"3-octadeca-2,4,6-trienoyloxy-4-(trimethylazaniumyl)butanoate",II-Medical-8B,-1,undefined
CHEBI:176783,exact,direct,Vitamin C,II-Medical-8B,-1,undefined
CHEBI:176783,related,direct,vitamin C vitamer,II-Medical-8B,-1,undefined
CHEBI:176783,related,direct,vitamin C vitamers,II-Medical-8B,-1,undefined
CHEBI:176783,related,direct,vitamina C,II-Medical-8B,-1,undefined
CHEBI:176783,related,direct,vitamine C,II-Medical-8B,-1,exact
CHEBI:176783,related,direct,vitaminum C,II-Medical-8B,-1,undefined
CHEBI:176842,exact,direct,vitamin B9,II-Medical-8B,-1,undefined
CHEBI:176842,related,direct,folate vitamer,II-Medical-8B,-1,undefined
CHEBI:176842,related,direct,folate vitamers,II-Medical-8B,-1,undefined
CHEBI:176842,related,direct,vitamin B-9,II-Medical-8B,-1,undefined
CHEBI:176842,related,direct,vitamin B9 vitamer,II-Medical-8B,-1,undefined
CHEBI:176842,related,direct,vitamin B9 vitamers,II-Medical-8B,-1,undefined
CHEBI:176842,related,direct,vitamins B9,II-Medical-8B,-1,undefined
CHEBI:176843,exact,direct,vitamin B12,II-Medical-8B,-1,undefined
CHEBI:176843,related,direct,vitamin B-12,II-Medical-8B,-1,undefined
CHEBI:176843,related,direct,vitamin B12 vitamer,II-Medical-8B,-1,undefined
CHEBI:176843,related,direct,vitamin B12 vitamers,II-Medical-8B,-1,undefined
CHEBI:176843,related,direct,vitamins B12,II-Medical-8B,-1,undefined
CHEBI:17724,exact,direct,"N,N-DIMETHYLGLYCINE",II-Medical-8B,-1,undefined
CHEBI:17724,exact,direct,"N,N-Dimethylglycine",II-Medical-8B,-1,undefined
CHEBI:17724,exact,direct,"N,N-dimethylglycine",II-Medical-8B,-1,undefined
CHEBI:17724,related,direct,(dimethylamino)acetic acid,II-Medical-8B,-1,undefined
CHEBI:17724,related,direct,2-(Dimethylamino)acetic acid,II-Medical-8B,-1,undefined
CHEBI:17724,related,direct,Dimethylglycine,II-Medical-8B,-1,undefined
CHEBI:17724,related,direct,"N,N-Dimethylaminoacetic acid",II-Medical-8B,-1,undefined
CHEBI:17724,related,direct,N-Methylsarcosine,II-Medical-8B,-1,undefined
CHEBI:17748,exact,direct,THYMIDINE,II-Medical-8B,-1,exact
CHEBI:17748,exact,direct,Thymidine,II-Medical-8B,-1,undefined
CHEBI:17748,exact,direct,thymidine,II-Medical-8B,-1,exact
CHEBI:17748,related,direct,"1-(2-deoxy-beta-D-erythro-pentofuranosyl)-5-methylpyrimidine-2,4(1H,3H)-dione",II-Medical-8B,-1,undefined
CHEBI:17748,related,direct,2'-deoxy-5-methyluridine,II-Medical-8B,-1,undefined
CHEBI:17748,related,direct,2'-deoxythymidine,II-Medical-8B,-1,undefined
CHEBI:17748,related,direct,2'-thymidine,II-Medical-8B,-1,undefined
CHEBI:17748,related,direct,5-methyl-2'-deoxyuridine,II-Medical-8B,-1,undefined
CHEBI:17748,related,direct,Deoxythymidine,II-Medical-8B,-1,undefined
CHEBI:17748,related,direct,T,II-Medical-8B,-1,undefined
CHEBI:17748,related,direct,dThd,II-Medical-8B,-1,undefined
CHEBI:17748,related,direct,thymine 2'-deoxyriboside,II-Medical-8B,-1,undefined
CHEBI:17754,exact,direct,GLYCEROL,II-Medical-8B,-1,undefined
CHEBI:17754,exact,direct,Glycerol,II-Medical-8B,-1,undefined
CHEBI:17754,exact,direct,glycerol,II-Medical-8B,-1,exact
CHEBI:17754,exact,direct,"propane-1,2,3-triol",II-Medical-8B,-1,undefined
CHEBI:17754,related,direct,"1,2,3-Propanetriol",II-Medical-8B,-1,undefined
CHEBI:17754,related,direct,"1,2,3-Trihydroxypropane",II-Medical-8B,-1,undefined
CHEBI:17754,related,direct,Glycerin,II-Medical-8B,-1,undefined
CHEBI:17754,related,direct,Glyceritol,II-Medical-8B,-1,undefined
CHEBI:17754,related,direct,Glyzerin,II-Medical-8B,-1,undefined
CHEBI:17754,related,direct,Gro,II-Medical-8B,-1,undefined
CHEBI:17754,related,direct,Oelsuess,II-Medical-8B,-1,undefined
CHEBI:17754,related,direct,Propanetriol,II-Medical-8B,-1,exact
CHEBI:17754,related,direct,Trihydroxypropane,II-Medical-8B,-1,undefined
CHEBI:17754,related,direct,glycerine,II-Medical-8B,-1,undefined
CHEBI:17754,related,direct,glycerol,II-Medical-8B,-1,exact
CHEBI:17754,related,direct,glycerolum,II-Medical-8B,-1,undefined
CHEBI:17754,related,direct,glycyl alcohol,II-Medical-8B,-1,undefined
CHEBI:17755,exact,direct,2-amino-4-[(2-amino-2-carboxyethyl)sulfanyl]butanoic acid,II-Medical-8B,-1,undefined
CHEBI:17755,exact,direct,Cystathionine,II-Medical-8B,-1,undefined
CHEBI:17755,exact,direct,S-(2-amino-2-carboxyethyl)homocysteine,II-Medical-8B,-1,undefined
CHEBI:17755,related,direct,DL-Cystathionine,II-Medical-8B,-1,undefined
CHEBI:17755,related,direct,cystathione,II-Medical-8B,-1,undefined
CHEBI:17761,exact,direct,Ceramide,II-Medical-8B,-1,exact
CHEBI:17761,related,direct,Cer,II-Medical-8B,-1,undefined
CHEBI:17761,related,direct,N-acylated sphingoid,II-Medical-8B,-1,undefined
CHEBI:17761,related,direct,a ceramide,II-Medical-8B,-1,undefined
CHEBI:17761,related,direct,ceramides,II-Medical-8B,-1,undefined
CHEBI:17790,exact,direct,METHANOL,II-Medical-8B,-1,undefined
CHEBI:17790,exact,direct,Methanol,II-Medical-8B,-1,undefined
CHEBI:17790,exact,direct,methanol,II-Medical-8B,-1,undefined
CHEBI:17790,related,direct,CH3OH,II-Medical-8B,-1,undefined
CHEBI:17790,related,direct,MeOH,II-Medical-8B,-1,undefined
CHEBI:17790,related,direct,Methyl alcohol,II-Medical-8B,-1,undefined
CHEBI:17790,related,direct,Methylalkohol,II-Medical-8B,-1,undefined
CHEBI:17790,related,direct,carbinol,II-Medical-8B,-1,undefined
CHEBI:17790,related,direct,spirit of wood,II-Medical-8B,-1,undefined
CHEBI:17790,related,direct,wood alcohol,II-Medical-8B,-1,undefined
CHEBI:17790,related,direct,wood naphtha,II-Medical-8B,-1,undefined
CHEBI:17790,related,direct,wood spirit,II-Medical-8B,-1,undefined
CHEBI:177917,related,direct,a phenolic steroid,II-Medical-8B,-1,undefined
CHEBI:177917,related,direct,phenolic steroids,II-Medical-8B,-1,undefined
CHEBI:17792,related,direct,RX,II-Medical-8B,-1,undefined
CHEBI:17792,related,direct,organic halide,II-Medical-8B,-1,undefined
CHEBI:17792,related,direct,organic halides,II-Medical-8B,-1,exact
CHEBI:17792,related,direct,organohalogen compounds,II-Medical-8B,-1,undefined
CHEBI:17821,exact,direct,THYMINE,II-Medical-8B,-1,undefined
CHEBI:17821,exact,direct,Thymine,II-Medical-8B,-1,undefined
CHEBI:17821,exact,direct,thymine,II-Medical-8B,-1,undefined
CHEBI:17821,related,direct,"2,4-dihydroxy-5-methylpyrimidine",II-Medical-8B,-1,undefined
CHEBI:17821,related,direct,5-Methyluracil,II-Medical-8B,-1,undefined
CHEBI:17821,related,direct,"5-methyl-2,4(1H,3H)-pyrimidinedione",II-Medical-8B,-1,exact
CHEBI:17821,related,direct,"5-methylpyrimidine-2,4(1H,3H)-dione",II-Medical-8B,-1,undefined
CHEBI:17821,related,direct,5-methyluracil,II-Medical-8B,-1,undefined
CHEBI:17821,related,direct,T,II-Medical-8B,-1,undefined
CHEBI:17821,related,direct,Thy,II-Medical-8B,-1,undefined
CHEBI:17821,related,direct,Thymin,II-Medical-8B,-1,undefined
CHEBI:17822,exact,direct,Serine,II-Medical-8B,-1,undefined
CHEBI:17822,exact,direct,serine,II-Medical-8B,-1,undefined
CHEBI:17822,related,direct,2-Amino-3-hydroxypropionic acid,II-Medical-8B,-1,exact
CHEBI:17822,related,direct,2-amino-3-hydroxypropanoic acid,II-Medical-8B,-1,exact
CHEBI:17822,related,direct,3-Hydroxyalanine,II-Medical-8B,-1,undefined
CHEBI:17822,related,direct,Serin,II-Medical-8B,-1,undefined
CHEBI:17823,exact,direct,"(1S,3R,5Z,7E)-9,10-secocholesta-5,7,10(19)-triene-1,3,25-triol",II-Medical-8B,-1,undefined
CHEBI:17823,exact,direct,Calcitriol,II-Medical-8B,-1,undefined
CHEBI:17823,exact,direct,calcitriol,II-Medical-8B,-1,exact
CHEBI:17823,related,direct,"(1S,3R,5Z,7E)-9,10-secocholesta-5,7,10-triene-1,3,25-triol",II-Medical-8B,-1,undefined
CHEBI:17823,related,direct,"(1alpha,3beta,5Z,7E)-9,10-secocholesta-5,7,10(19)-triene-1,3,25-triol",II-Medical-8B,-1,undefined
CHEBI:17823,related,direct,"(5Z,7E)-(1S,3R)-9,10-secocholesta-5,7,10(19)-triene-1,3,25-triol",II-Medical-8B,-1,undefined
CHEBI:17823,related,direct,"1,25-DHCC",II-Medical-8B,-1,undefined
CHEBI:17823,related,direct,1-alpha-25-Dihydroxyvitamin D3,II-Medical-8B,-1,undefined
CHEBI:17823,related,direct,"1alpha,25(OH)2D3",II-Medical-8B,-1,undefined
CHEBI:17823,related,direct,"1alpha,25-dihydroxycholecalciferol",II-Medical-8B,-1,undefined
CHEBI:17823,related,direct,"1alpha,25-dihydroxyvitamin D3",II-Medical-8B,-1,undefined
CHEBI:17823,related,direct,"5-{2-[1-(5-HYDROXY-1,5-DIMETHYL-HEXYL)-7A-METHYL-OCTAHYDRO-INDEN-4-YLIDENE]-ETHYLIDENE}-4-METHYLENE-CYCLOHEXANE-1,3-DIOL",II-Medical-8B,-1,undefined
CHEBI:17823,related,direct,Calcijex,II-Medical-8B,-1,undefined
CHEBI:17823,related,direct,Decostriol,II-Medical-8B,-1,undefined
CHEBI:17823,related,direct,Rocaltrol,II-Medical-8B,-1,undefined
CHEBI:17823,related,direct,calcitriol,II-Medical-8B,-1,exact
CHEBI:17823,related,direct,calcitriolum,II-Medical-8B,-1,undefined
CHEBI:17855,exact,direct,Triglyceride,II-Medical-8B,-1,undefined
CHEBI:17855,exact,direct,triglycerides,II-Medical-8B,-1,undefined
CHEBI:17855,related,direct,Triacylglycerol,II-Medical-8B,-1,undefined
CHEBI:17855,related,direct,Triglycerid,II-Medical-8B,-1,undefined
CHEBI:17855,related,direct,Triglyzerid,II-Medical-8B,-1,undefined
CHEBI:17855,related,direct,a triacylglycerol,II-Medical-8B,-1,undefined
CHEBI:17855,related,direct,triacylglycerols,II-Medical-8B,-1,undefined
CHEBI:17855,related,direct,triglycerides,II-Medical-8B,-1,undefined
CHEBI:17859,exact,direct,GLUTARIC ACID,II-Medical-8B,-1,exact
CHEBI:17859,exact,direct,Glutaric acid,II-Medical-8B,-1,undefined
CHEBI:17859,exact,direct,pentanedioic acid,II-Medical-8B,-1,undefined
CHEBI:17859,related,direct,"1,3-Propanedicarboxylic acid",II-Medical-8B,-1,undefined
CHEBI:17859,related,direct,"1,5-pentanedioic acid",II-Medical-8B,-1,undefined
CHEBI:17859,related,direct,Glutarsaeure,II-Medical-8B,-1,undefined
CHEBI:17859,related,direct,Pentanedioic acid,II-Medical-8B,-1,undefined
CHEBI:17865,exact,direct,4-methyl-2-oxopentanoate,II-Medical-8B,-1,undefined
CHEBI:17865,related,direct,2-Oxoisocaproate,II-Medical-8B,-1,undefined
CHEBI:17865,related,direct,alpha-ketoisocaproate,II-Medical-8B,-1,exact
CHEBI:17883,exact,direct,Hydrogen chloride,II-Medical-8B,-1,undefined
CHEBI:17883,exact,direct,chlorane,II-Medical-8B,-1,undefined
CHEBI:17883,exact,direct,chloridohydrogen,II-Medical-8B,-1,undefined
CHEBI:17883,exact,direct,hydrogen chloride,II-Medical-8B,-1,undefined
CHEBI:17883,related,direct,Chlorwasserstoff,II-Medical-8B,-1,undefined
CHEBI:17883,related,direct,HCl,II-Medical-8B,-1,undefined
CHEBI:17883,related,direct,Hydrochloride,II-Medical-8B,-1,undefined
CHEBI:17883,related,direct,Hydrogenchlorid,II-Medical-8B,-1,undefined
CHEBI:17883,related,direct,Wasserstoffchlorid,II-Medical-8B,-1,undefined
CHEBI:17883,related,direct,[HCl],II-Medical-8B,-1,undefined
CHEBI:17883,related,direct,chlorure d'hydrogene,II-Medical-8B,-1,undefined
CHEBI:17883,related,direct,cloruro de hidrogeno,II-Medical-8B,-1,undefined
CHEBI:17883,related,direct,hydrochloric acid,II-Medical-8B,-1,undefined
CHEBI:17891,exact,direct,Donor,II-Medical-8B,-1,undefined
CHEBI:17891,related,direct,Donator,II-Medical-8B,-1,undefined
CHEBI:17891,related,direct,donneur,II-Medical-8B,-1,undefined
CHEBI:17893,related,direct,(2R)-2-hydroxy monocarboxylic acids,II-Medical-8B,-1,undefined
CHEBI:17893,related,direct,(2R)-Hydroxy-carboxylate,II-Medical-8B,-1,undefined
CHEBI:17893,related,direct,(R)-2-Hydroxyacid,II-Medical-8B,-1,undefined
CHEBI:17893,related,direct,(R)-2-Hydroxycarboxylic acid,II-Medical-8B,-1,undefined
CHEBI:17924,exact,direct,D-Glucitol,II-Medical-8B,-1,undefined
CHEBI:17924,exact,direct,D-glucitol,II-Medical-8B,-1,undefined
CHEBI:17924,related,direct,(-)-sorbitol,II-Medical-8B,-1,undefined
CHEBI:17924,related,direct,"(2R,3R,4R,5S)-hexane-1,2,3,4,5,6-hexol",II-Medical-8B,-1,undefined
CHEBI:17924,related,direct,D-(-)-sorbitol,II-Medical-8B,-1,undefined
CHEBI:17924,related,direct,D-SORBITOL,II-Medical-8B,-1,undefined
CHEBI:17924,related,direct,D-Sorbit,II-Medical-8B,-1,undefined
CHEBI:17924,related,direct,D-Sorbitol,II-Medical-8B,-1,undefined
CHEBI:17924,related,direct,D-sorbitol,II-Medical-8B,-1,undefined
CHEBI:17924,related,direct,E 420,II-Medical-8B,-1,undefined
CHEBI:17924,related,direct,E-420,II-Medical-8B,-1,undefined
CHEBI:17924,related,direct,E420,II-Medical-8B,-1,undefined
CHEBI:17924,related,direct,G-ol,II-Medical-8B,-1,undefined
CHEBI:17924,related,direct,Glc-ol,II-Medical-8B,-1,undefined
CHEBI:17924,related,direct,L-Gulitol,II-Medical-8B,-1,undefined
CHEBI:17933,exact,direct,"(3S,5Z,7E)-9,10-secocholesta-5,7,10(19)-triene-3,25-diol",II-Medical-8B,-1,undefined
CHEBI:17933,exact,direct,Calcidiol,II-Medical-8B,-1,undefined
CHEBI:17933,exact,direct,calcidiol,II-Medical-8B,-1,undefined
CHEBI:17933,related,direct,"(3S,5Z,7E)-9,10-secocholesta-5,7,10-triene-3,25-diol",II-Medical-8B,-1,undefined
CHEBI:17933,related,direct,"(3beta,5Z,7E)-9,10-secocholesta-5,7,10(19)-triene-3,25-diol",II-Medical-8B,-1,undefined
CHEBI:17933,related,direct,"(5Z,7E)-(3S)-9,10-secocholesta-5,7,10(19)-triene-3,25-diol",II-Medical-8B,-1,undefined
CHEBI:17933,related,direct,25(OH)D3,II-Medical-8B,-1,undefined
CHEBI:17933,related,direct,25-Hydroxyvitamin D3,II-Medical-8B,-1,exact
CHEBI:17933,related,direct,25-hydroxycholecalciferol,II-Medical-8B,-1,exact
CHEBI:17933,related,direct,25-hydroxyvitamin D3,II-Medical-8B,-1,undefined
CHEBI:17933,related,direct,"3-{2-[1-(5-HYDROXY-1,5-DIMETHYL-HEXYL)-7A-METHYL-OCTAHYDRO-INDEN-4-YLIDENE]-ETHYLIDENE}-4-METHYLENE-CYCLOHEXANOL",II-Medical-8B,-1,undefined
CHEBI:17933,related,direct,Calcifediol,II-Medical-8B,-1,undefined
CHEBI:17933,related,direct,Calcifediol anhydrous,II-Medical-8B,-1,undefined
CHEBI:17933,related,direct,Rayaldee,II-Medical-8B,-1,undefined
CHEBI:17933,related,direct,calcifediol,II-Medical-8B,-1,undefined
CHEBI:17933,related,direct,calcifediolum,II-Medical-8B,-1,undefined
CHEBI:17964,exact,direct,piperidine-2-carboxylic acid,II-Medical-8B,-1,undefined
CHEBI:17964,related,direct,2-piperidinecarboxylic acid,II-Medical-8B,-1,undefined
CHEBI:17964,related,direct,homoproline,II-Medical-8B,-1,undefined
CHEBI:17964,related,direct,pipecolinic acid,II-Medical-8B,-1,undefined
CHEBI:17968,exact,direct,butanoate,II-Medical-8B,-1,exact
CHEBI:17968,exact,direct,butyrate,II-Medical-8B,-1,undefined
CHEBI:17968,related,direct,1-butanoate,II-Medical-8B,-1,undefined
CHEBI:17968,related,direct,1-butyrate,II-Medical-8B,-1,undefined
CHEBI:17968,related,direct,1-propanecarboxylate,II-Medical-8B,-1,undefined
CHEBI:17968,related,direct,CH3-[CH2]2-COO(-),II-Medical-8B,-1,undefined
CHEBI:17968,related,direct,butanate,II-Medical-8B,-1,exact
CHEBI:17968,related,direct,butanoate,II-Medical-8B,-1,undefined
CHEBI:17968,related,direct,"butanoic acid, ion(1-)",II-Medical-8B,-1,undefined
CHEBI:17968,related,direct,n-butanoate,II-Medical-8B,-1,undefined
CHEBI:17968,related,direct,n-butyrate,II-Medical-8B,-1,undefined
CHEBI:17968,related,direct,propanecarboxylate,II-Medical-8B,-1,undefined
CHEBI:17968,related,direct,propylformate,II-Medical-8B,-1,undefined
CHEBI:17996,exact,direct,Chloride,II-Medical-8B,-1,undefined
CHEBI:17996,exact,direct,chloride,II-Medical-8B,-1,undefined
CHEBI:17996,exact,direct,chloride(1-),II-Medical-8B,-1,exact
CHEBI:17996,related,direct,CHLORIDE ION,II-Medical-8B,-1,undefined
CHEBI:17996,related,direct,Chloride ion,II-Medical-8B,-1,undefined
CHEBI:17996,related,direct,Chloride(1-),II-Medical-8B,-1,exact
CHEBI:17996,related,direct,Chlorine anion,II-Medical-8B,-1,undefined
CHEBI:17996,related,direct,Cl(-),II-Medical-8B,-1,undefined
CHEBI:17996,related,direct,Cl-,II-Medical-8B,-1,undefined
CHEBI:18059,exact,direct,Lipid,II-Medical-8B,-1,undefined
CHEBI:18059,exact,direct,lipids,II-Medical-8B,-1,undefined
CHEBI:18085,exact,direct,Glycosaminoglycan,II-Medical-8B,-1,undefined
CHEBI:18085,exact,direct,glycosaminoglycan,II-Medical-8B,-1,undefined
CHEBI:18085,related,direct,Glykosaminoglykan,II-Medical-8B,-1,undefined
CHEBI:18085,related,direct,glicosaminoglicano,II-Medical-8B,-1,undefined
CHEBI:18085,related,direct,glycosaminoglycane,II-Medical-8B,-1,undefined
CHEBI:18085,related,direct,glycosaminoglycans,II-Medical-8B,-1,undefined
CHEBI:18089,exact,direct,N-Benzoylglycine,II-Medical-8B,-1,undefined
CHEBI:18089,exact,direct,N-benzoylglycine,II-Medical-8B,-1,undefined
CHEBI:18089,related,direct,Benzamidoacetic acid,II-Medical-8B,-1,exact
CHEBI:18089,related,direct,Benzamidoessigsaeure,II-Medical-8B,-1,undefined
CHEBI:18089,related,direct,Benzoylaminoacetic acid,II-Medical-8B,-1,undefined
CHEBI:18089,related,direct,Benzoylaminoessigsaeure,II-Medical-8B,-1,exact
CHEBI:18089,related,direct,Hippurate,II-Medical-8B,-1,exact
CHEBI:18089,related,direct,Hippuric acid,II-Medical-8B,-1,undefined
CHEBI:18089,related,direct,Hippursaeure,II-Medical-8B,-1,undefined
CHEBI:18089,related,direct,Phenylcarbonylaminoacetic acid,II-Medical-8B,-1,undefined
CHEBI:18095,exact,direct,(4R)-4-hydroxy-L-proline,II-Medical-8B,-1,undefined
CHEBI:18095,exact,direct,trans-4-Hydroxy-L-proline,II-Medical-8B,-1,undefined
CHEBI:18095,exact,direct,trans-4-hydroxy-L-proline,II-Medical-8B,-1,exact
CHEBI:18095,related,direct,"(2S,4R)-4-hydroxy-2-pyrrolidinecarboxylic acid",II-Medical-8B,-1,undefined
CHEBI:18095,related,direct,"(2S,4R)-trans-4-hydroxyproline",II-Medical-8B,-1,undefined
CHEBI:18095,related,direct,Hydroxy-L-proline,II-Medical-8B,-1,undefined
CHEBI:18095,related,direct,Hydroxyproline,II-Medical-8B,-1,undefined
CHEBI:18095,related,direct,Hyp,II-Medical-8B,-1,undefined
CHEBI:18095,related,direct,Hypro,II-Medical-8B,-1,undefined
CHEBI:18095,related,direct,L-4-Hydroxyproline,II-Medical-8B,-1,exact
CHEBI:18095,related,direct,L-threo-4-hydroxyproline,II-Medical-8B,-1,undefined
CHEBI:18095,related,direct,delta-hydroxyproline,II-Medical-8B,-1,undefined
CHEBI:18095,related,direct,trans-Hydroxyproline,II-Medical-8B,-1,undefined
CHEBI:18095,related,direct,trans-L-Hydroxyproline,II-Medical-8B,-1,undefined
CHEBI:18101,exact,direct,(4-hydroxyphenyl)acetic acid,II-Medical-8B,-1,undefined
CHEBI:18101,exact,direct,4-Hydroxyphenylacetic acid,II-Medical-8B,-1,undefined
CHEBI:18101,related,direct,(p-hydroxyphenyl)acetic acid,II-Medical-8B,-1,undefined
CHEBI:18101,related,direct,4-Hydroxyphenylacetate,II-Medical-8B,-1,undefined
CHEBI:18101,related,direct,4-carboxymethylphenol,II-Medical-8B,-1,undefined
CHEBI:18101,related,direct,4-hydroxybenzeneacetic acid,II-Medical-8B,-1,undefined
CHEBI:18101,related,direct,p-hydroxyphenylacetic acid,II-Medical-8B,-1,undefined
CHEBI:18133,exact,direct,Hexose,II-Medical-8B,-1,exact
CHEBI:18133,related,direct,"WURCS=2.0/1,1,0/[axxxxh-1x_1-5_2*NCC/3=O]/1/",II-Medical-8B,-1,undefined
CHEBI:18133,related,direct,hexoses,II-Medical-8B,-1,exact
CHEBI:18139,exact,direct,"N,N-dimethylmethanamine",II-Medical-8B,-1,undefined
CHEBI:18139,exact,direct,Trimethylamine,II-Medical-8B,-1,undefined
CHEBI:18139,related,direct,(CH3)3N,II-Medical-8B,-1,exact
CHEBI:18139,related,direct,N(CH3)3,II-Medical-8B,-1,undefined
CHEBI:18139,related,direct,"N,N,N-trimethylamine",II-Medical-8B,-1,undefined
CHEBI:18139,related,direct,"N,N-Dimethylmethanamine",II-Medical-8B,-1,undefined
CHEBI:18139,related,direct,NMe3,II-Medical-8B,-1,exact
CHEBI:18139,related,direct,TMA,II-Medical-8B,-1,exact
CHEBI:18139,related,direct,Trimethylamin,II-Medical-8B,-1,undefined
CHEBI:18139,related,direct,tridimethylaminomethane,II-Medical-8B,-1,undefined
CHEBI:18140,exact,direct,hydrogen halide,II-Medical-8B,-1,exact
CHEBI:18140,exact,direct,hydrogen halides,II-Medical-8B,-1,undefined
CHEBI:18140,related,direct,hydrogen halides,II-Medical-8B,-1,undefined
CHEBI:18154,exact,direct,Polysaccharide,II-Medical-8B,-1,undefined
CHEBI:18154,exact,direct,polysaccharides,II-Medical-8B,-1,undefined
CHEBI:18154,related,direct,Glycan,II-Medical-8B,-1,undefined
CHEBI:18154,related,direct,Glycane,II-Medical-8B,-1,undefined
CHEBI:18154,related,direct,Glykan,II-Medical-8B,-1,undefined
CHEBI:18154,related,direct,Glykane,II-Medical-8B,-1,undefined
CHEBI:18154,related,direct,glycans,II-Medical-8B,-1,undefined
CHEBI:18154,related,direct,polisacarido,II-Medical-8B,-1,undefined
CHEBI:18154,related,direct,polisacaridos,II-Medical-8B,-1,undefined
CHEBI:18183,exact,direct,(2S)-5-oxopyrrolidine-2-carboxylic acid,II-Medical-8B,-1,exact
CHEBI:18183,exact,direct,5-Oxo-L-proline,II-Medical-8B,-1,undefined
CHEBI:18183,exact,direct,5-oxo-L-proline,II-Medical-8B,-1,exact
CHEBI:18183,related,direct,(-)-2-pyrrolidone-5-carboxylic acid,II-Medical-8B,-1,undefined
CHEBI:18183,related,direct,(S)-(-)-2-pyrrolidone-5-carboxylic acid,II-Medical-8B,-1,undefined
CHEBI:18183,related,direct,(S)-pyroglutamic acid,II-Medical-8B,-1,undefined
CHEBI:18183,related,direct,5-Pyrrolidone-2-carboxylic acid,II-Medical-8B,-1,undefined
CHEBI:18183,related,direct,L-5-Pyrrolidone-2-carboxylic acid,II-Medical-8B,-1,exact
CHEBI:18183,related,direct,L-Pyroglutamic acid,II-Medical-8B,-1,undefined
CHEBI:18183,related,direct,PYROGLUTAMIC ACID,II-Medical-8B,-1,undefined
CHEBI:18183,related,direct,Pyroglutamate,II-Medical-8B,-1,undefined
CHEBI:18183,related,direct,Pyroglutamic acid,II-Medical-8B,-1,exact
CHEBI:18183,related,direct,pidolic acid,II-Medical-8B,-1,undefined
CHEBI:18186,exact,direct,Tyrosine,II-Medical-8B,-1,undefined
CHEBI:18186,exact,direct,tyrosine,II-Medical-8B,-1,exact
CHEBI:18186,related,direct,2-Amino-3-(p-hydroxyphenyl)propionic acid,II-Medical-8B,-1,undefined
CHEBI:18186,related,direct,2-amino-3-(4-hydroxyphenyl)propanoic acid,II-Medical-8B,-1,undefined
CHEBI:18186,related,direct,3-(p-Hydroxyphenyl)alanine,II-Medical-8B,-1,undefined
CHEBI:18186,related,direct,Tyr,II-Medical-8B,-1,undefined
CHEBI:18186,related,direct,Tyrosin,II-Medical-8B,-1,undefined
CHEBI:18186,related,direct,Y,II-Medical-8B,-1,undefined
CHEBI:18186,related,direct,tirosina,II-Medical-8B,-1,undefined
CHEBI:18211,exact,direct,2-amino-5-(carbamoylamino)pentanoic acid,II-Medical-8B,-1,exact
CHEBI:18211,exact,direct,Citrulline,II-Medical-8B,-1,undefined
CHEBI:18211,exact,direct,N(5)-carbamoylornithine,II-Medical-8B,-1,undefined
CHEBI:18211,exact,direct,citrulline,II-Medical-8B,-1,undefined
CHEBI:18211,related,direct,2-Amino-5-uredovaleric acid,II-Medical-8B,-1,undefined
CHEBI:18211,related,direct,Cit,II-Medical-8B,-1,undefined
CHEBI:18211,related,direct,Citrullin,II-Medical-8B,-1,undefined
CHEBI:18211,related,direct,DL-2-amino-5-ureidovaleric acid,II-Medical-8B,-1,undefined
CHEBI:18211,related,direct,N(5)-(aminocarbonyl)-DL-ornithine,II-Medical-8B,-1,undefined
CHEBI:18211,related,direct,N(5)-(aminocarbonyl)ornithine,II-Medical-8B,-1,undefined
CHEBI:18211,related,direct,N(5)-carbamoyl-DL-ornithine,II-Medical-8B,-1,exact
CHEBI:18211,related,direct,citrulina,II-Medical-8B,-1,undefined
CHEBI:18211,related,direct,dl-citrulline,II-Medical-8B,-1,undefined
CHEBI:18237,exact,direct,2-aminopentanedioic acid,II-Medical-8B,-1,undefined
CHEBI:18237,exact,direct,Glutamic acid,II-Medical-8B,-1,undefined
CHEBI:18237,exact,direct,glutamic acid,II-Medical-8B,-1,undefined
CHEBI:18237,related,direct,2-Aminoglutaric acid,II-Medical-8B,-1,undefined
CHEBI:18237,related,direct,DL-Glutamic acid,II-Medical-8B,-1,undefined
CHEBI:18237,related,direct,DL-Glutaminic acid,II-Medical-8B,-1,undefined
CHEBI:18237,related,direct,E,II-Medical-8B,-1,undefined
CHEBI:18237,related,direct,Glu,II-Medical-8B,-1,undefined
CHEBI:18237,related,direct,Glutamate,II-Medical-8B,-1,undefined
CHEBI:18237,related,direct,Glutaminic acid,II-Medical-8B,-1,undefined
CHEBI:18237,related,direct,Glutaminsaeure,II-Medical-8B,-1,undefined
CHEBI:18240,exact,direct,4-Hydroxy-L-proline,II-Medical-8B,-1,undefined
CHEBI:18240,exact,direct,4-hydroxy-L-proline,II-Medical-8B,-1,undefined
CHEBI:18240,related,direct,(2S)-4-hydroxypyrrolidine-2-carboxylic acid,II-Medical-8B,-1,undefined
CHEBI:18240,related,direct,L-Hydroxyproline,II-Medical-8B,-1,undefined
CHEBI:18240,related,direct,cis-4-Hydroxy-L-Proline,II-Medical-8B,-1,undefined
CHEBI:18240,related,direct,hydroxy-L-proline,II-Medical-8B,-1,undefined
CHEBI:18243,exact,direct,"4-(2-aminoethyl)benzene-1,2-diol",II-Medical-8B,-1,undefined
CHEBI:18243,exact,direct,Dopamine,II-Medical-8B,-1,undefined
CHEBI:18243,related,direct,"2-(3,4-Dihydroxyphenyl)ethylamine",II-Medical-8B,-1,exact
CHEBI:18243,related,direct,"2-(3,4-dihydroxyphenyl)ethylamine",II-Medical-8B,-1,undefined
CHEBI:18243,related,direct,"3,4-Dihydroxyphenethylamine",II-Medical-8B,-1,exact
CHEBI:18243,related,direct,3-Hydroxytyramine,II-Medical-8B,-1,undefined
CHEBI:18243,related,direct,"4-(2-Aminoethyl)-1,2-benzenediol",II-Medical-8B,-1,undefined
CHEBI:18243,related,direct,"4-(2-Aminoethyl)benzene-1,2-diol",II-Medical-8B,-1,undefined
CHEBI:18243,related,direct,"4-(2-aminoethyl)-1,2-benzenediol",II-Medical-8B,-1,undefined
CHEBI:18243,related,direct,4-(2-aminoethyl)catechol,II-Medical-8B,-1,undefined
CHEBI:18243,related,direct,4-(2-aminoethyl)pyrocatechol,II-Medical-8B,-1,undefined
CHEBI:18243,related,direct,Deoxyepinephrine,II-Medical-8B,-1,undefined
CHEBI:18243,related,direct,Hydroxytyramin,II-Medical-8B,-1,undefined
CHEBI:18243,related,direct,dopamina,II-Medical-8B,-1,undefined
CHEBI:18243,related,direct,dopamine,II-Medical-8B,-1,undefined
CHEBI:18243,related,direct,dopaminum,II-Medical-8B,-1,undefined
CHEBI:18248,exact,direct,iron,II-Medical-8B,-1,undefined
CHEBI:18248,related,direct,26Fe,II-Medical-8B,-1,undefined
CHEBI:18248,related,direct,Eisen,II-Medical-8B,-1,undefined
CHEBI:18248,related,direct,Fe,II-Medical-8B,-1,undefined
CHEBI:18248,related,direct,Iron,II-Medical-8B,-1,undefined
CHEBI:18248,related,direct,fer,II-Medical-8B,-1,undefined
CHEBI:18248,related,direct,ferrum,II-Medical-8B,-1,undefined
CHEBI:18248,related,direct,hierro,II-Medical-8B,-1,undefined
CHEBI:18248,related,direct,iron,II-Medical-8B,-1,undefined
CHEBI:18254,exact,direct,Ribonucleoside,II-Medical-8B,-1,undefined
CHEBI:18254,related,direct,a ribonucleoside,II-Medical-8B,-1,undefined
CHEBI:18254,related,direct,ribonucleosides,II-Medical-8B,-1,undefined
CHEBI:18257,exact,direct,"2,5-diaminopentanoic acid",II-Medical-8B,-1,undefined
CHEBI:18257,exact,direct,Ornithine,II-Medical-8B,-1,undefined
CHEBI:18257,exact,direct,ornithine,II-Medical-8B,-1,undefined
CHEBI:18257,related,direct,"2,5-Diaminopentanoic acid",II-Medical-8B,-1,undefined
CHEBI:18257,related,direct,"2,5-Diaminovaleric acid",II-Medical-8B,-1,undefined
CHEBI:18257,related,direct,DL-Ornithine,II-Medical-8B,-1,undefined
CHEBI:18257,related,direct,Orn,II-Medical-8B,-1,exact
CHEBI:18258,exact,direct,"3,3',5-triiodo-L-thyronine",II-Medical-8B,-1,undefined
CHEBI:18258,related,direct,"3,5,3'-Triiodo-L-thyronine",II-Medical-8B,-1,undefined
CHEBI:18258,related,direct,"3,5,3'-Triiodothyronine",II-Medical-8B,-1,undefined
CHEBI:18258,related,direct,"3,5,3'TRIIODOTHYRONINE",II-Medical-8B,-1,undefined
CHEBI:18258,related,direct,"4-(4-hydroxy-3-iodophenoxy)-3,5-diiodo-L-phenylalanine",II-Medical-8B,-1,undefined
CHEBI:18258,related,direct,"L-3,3',5-triiodothyronine",II-Medical-8B,-1,undefined
CHEBI:18258,related,direct,"L-3,5,3'-Triiodothyronine",II-Medical-8B,-1,undefined
CHEBI:18258,related,direct,L-T3,II-Medical-8B,-1,undefined
CHEBI:18258,related,direct,L-triiodothyronine,II-Medical-8B,-1,undefined
CHEBI:18258,related,direct,Liothyronine,II-Medical-8B,-1,exact
CHEBI:18258,related,direct,"O-(4-hydroxy-3-iodophenyl)-3,5-diiodo-L-tyrosine",II-Medical-8B,-1,undefined
CHEBI:18258,related,direct,T3,II-Medical-8B,-1,undefined
CHEBI:18258,related,direct,Tertroxin,II-Medical-8B,-1,undefined
CHEBI:18258,related,direct,Tresitope,II-Medical-8B,-1,undefined
CHEBI:18258,related,direct,Triiodothyronine,II-Medical-8B,-1,undefined
CHEBI:18258,related,direct,liothyronine,II-Medical-8B,-1,undefined
CHEBI:18258,related,direct,liothyroninum,II-Medical-8B,-1,undefined
CHEBI:18258,related,direct,liotironina,II-Medical-8B,-1,undefined
CHEBI:18259,exact,direct,"N-[(2S,3R,4E)-1-{[2-acetamido-2-deoxy-beta-D-galactopyranosyl-(1->3)-alpha-D-galactopyranosyl-(1->4)-beta-D-galactopyranosyl-(1->4)-beta-D-glucopyranosyl]oxy}-3-hydroxyoctadec-4-en-2-yl]alkanamide",II-Medical-8B,-1,undefined
CHEBI:18259,related,direct,(Gal)2 (GalNAc)1 (Glc)1 (Cer)1,II-Medical-8B,-1,undefined
CHEBI:18259,related,direct,CTH/Gb4,II-Medical-8B,-1,undefined
CHEBI:18259,related,direct,GalNAc-1->3-Gal-1->4-Gal-1->4-Glc-Cer,II-Medical-8B,-1,exact
CHEBI:18259,related,direct,GalNAcbeta1-3-Galalpha1-4Galbeta1-4Glcbeta1-1Cer,II-Medical-8B,-1,undefined
CHEBI:18259,related,direct,Gb4 Globoside,II-Medical-8B,-1,undefined
CHEBI:18259,related,direct,Gb4 Globotetraosyl ceramide,II-Medical-8B,-1,undefined
CHEBI:18259,related,direct,Gb4Cer,II-Medical-8B,-1,undefined
CHEBI:18259,related,direct,GbOse4Cer,II-Medical-8B,-1,exact
CHEBI:18259,related,direct,Gbose4Cer,II-Medical-8B,-1,undefined
CHEBI:18259,related,direct,Globoside GL-4,II-Medical-8B,-1,undefined
CHEBI:18259,related,direct,Globoside I,II-Medical-8B,-1,undefined
CHEBI:18259,related,direct,Globotetraosyl ceramide,II-Medical-8B,-1,undefined
CHEBI:18259,related,direct,"N-Acetyl-D-galactosaminyl-1,3-D-galactosyl-1,4-D-galactosyl-1,4-D-glucosylceramide",II-Medical-8B,-1,exact
CHEBI:18259,related,direct,"N-Acetyl-galactosaminyl-1,3-D-galactosyl-1,4-D-galactosyl-1,4-D-glucosylceramide",II-Medical-8B,-1,exact
CHEBI:18259,related,direct,N-acetyl-D-galactosaminyl-(1->3)-D-galactosyl-(1->4)-D-galactosyl-(1->4)-D-glucosylceramides,II-Medical-8B,-1,exact
CHEBI:18259,related,direct,Slt-iiv receptor,II-Medical-8B,-1,undefined
CHEBI:18259,related,direct,VT2vp1 Receptor,II-Medical-8B,-1,undefined
CHEBI:18259,related,direct,a globoside Gb4Cer (d18:1(4E)),II-Medical-8B,-1,undefined
CHEBI:18259,related,direct,beta-D-GalNAc-(1->3)-alpha-D-Gal-(1->4)-beta-D-Gal-(1->4)-beta-D-Glc-(1<->1')-Cer,II-Medical-8B,-1,undefined
CHEBI:18259,related,direct,beta-D-GalpNAc-(1->3)-alpha-D-Galp-(1->4)-beta-D-Galp-(1->4)-beta-D-Glcp-(1<->1')-Cer,II-Medical-8B,-1,undefined
CHEBI:18274,related,direct,2'-Deoxynucleoside,II-Medical-8B,-1,undefined
CHEBI:18274,related,direct,2'-deoxyribonucleosides,II-Medical-8B,-1,undefined
CHEBI:18274,related,direct,2-Deoxy-D-ribosyl-base,II-Medical-8B,-1,undefined
CHEBI:18274,related,direct,Deoxynucleoside,II-Medical-8B,-1,undefined
CHEBI:18274,related,direct,a 2'-deoxyribonucleoside,II-Medical-8B,-1,undefined
CHEBI:18282,related,direct,Base,II-Medical-8B,-1,undefined
CHEBI:18282,related,direct,nucleobases,II-Medical-8B,-1,undefined
CHEBI:18287,exact,direct,6-deoxy-L-galactose,II-Medical-8B,-1,undefined
CHEBI:18287,exact,direct,L-fucose,II-Medical-8B,-1,undefined
CHEBI:18287,related,direct,(-)-L-fucose,II-Medical-8B,-1,undefined
CHEBI:18287,related,direct,(-)-fucose,II-Medical-8B,-1,undefined
CHEBI:18287,related,direct,L-(-)-fucose,II-Medical-8B,-1,undefined
CHEBI:18287,related,direct,L-Fuc,II-Medical-8B,-1,undefined
CHEBI:18287,related,direct,L-galactomethylose,II-Medical-8B,-1,undefined
CHEBI:18291,exact,direct,manganese,II-Medical-8B,-1,undefined
CHEBI:18291,related,direct,25Mn,II-Medical-8B,-1,undefined
CHEBI:18291,related,direct,Mangan,II-Medical-8B,-1,undefined
CHEBI:18291,related,direct,Manganese,II-Medical-8B,-1,undefined
CHEBI:18291,related,direct,Mn,II-Medical-8B,-1,undefined
CHEBI:18291,related,direct,manganese,II-Medical-8B,-1,undefined
CHEBI:18291,related,direct,manganeso,II-Medical-8B,-1,undefined
CHEBI:18291,related,direct,manganum,II-Medical-8B,-1,undefined
CHEBI:18310,exact,direct,Alkane,II-Medical-8B,-1,undefined
CHEBI:18310,exact,direct,alkane,II-Medical-8B,-1,exact
CHEBI:18310,exact,direct,alkanes,II-Medical-8B,-1,undefined
CHEBI:18310,related,direct,Alkan,II-Medical-8B,-1,undefined
CHEBI:18310,related,direct,RH,II-Medical-8B,-1,undefined
CHEBI:18310,related,direct,alcane,II-Medical-8B,-1,exact
CHEBI:18310,related,direct,alcanes,II-Medical-8B,-1,undefined
CHEBI:18310,related,direct,alcano,II-Medical-8B,-1,exact
CHEBI:18310,related,direct,alcanos,II-Medical-8B,-1,undefined
CHEBI:18310,related,direct,an alkane,II-Medical-8B,-1,undefined
CHEBI:18361,exact,direct,diphosphate,II-Medical-8B,-1,undefined
CHEBI:18361,exact,direct,mu-oxido-bis(trioxidophosphate)(4-),II-Medical-8B,-1,undefined
CHEBI:18361,exact,direct,mu-oxo-hexaoxodiphosphate,II-Medical-8B,-1,undefined
CHEBI:18361,related,direct,DIPHOSPHATE,II-Medical-8B,-1,undefined
CHEBI:18361,related,direct,Diphosphat,II-Medical-8B,-1,undefined
CHEBI:18361,related,direct,Diphosphate,II-Medical-8B,-1,undefined
CHEBI:18361,related,direct,P2O7(4-),II-Medical-8B,-1,undefined
CHEBI:18361,related,direct,PPi,II-Medical-8B,-1,undefined
CHEBI:18361,related,direct,Pyrophosphat,II-Medical-8B,-1,undefined
CHEBI:18361,related,direct,Pyrophosphate,II-Medical-8B,-1,undefined
CHEBI:18361,related,direct,[O3POPO3](4-),II-Medical-8B,-1,exact
CHEBI:18361,related,direct,pyrophosphate ion,II-Medical-8B,-1,undefined
CHEBI:18367,exact,direct,phosphate,II-Medical-8B,-1,undefined
CHEBI:18367,exact,direct,tetraoxidophosphate(3-),II-Medical-8B,-1,undefined
CHEBI:18367,exact,direct,tetraoxophosphate(3-),II-Medical-8B,-1,exact
CHEBI:18367,exact,direct,tetraoxophosphate(V),II-Medical-8B,-1,undefined
CHEBI:18367,related,direct,Orthophosphate,II-Medical-8B,-1,undefined
CHEBI:18367,related,direct,PHOSPHATE ION,II-Medical-8B,-1,undefined
CHEBI:18367,related,direct,PO4(3-),II-Medical-8B,-1,undefined
CHEBI:18367,related,direct,Phosphate,II-Medical-8B,-1,undefined
CHEBI:18367,related,direct,[PO4](3-),II-Medical-8B,-1,exact
CHEBI:18376,related,direct,Chondroitin sulfate B,II-Medical-8B,-1,undefined
CHEBI:18376,related,direct,Dermatan L-iduronate,II-Medical-8B,-1,undefined
CHEBI:18376,related,direct,beta-Heparin,II-Medical-8B,-1,related
CHEBI:18401,exact,direct,phenylacetate,II-Medical-8B,-1,exact
CHEBI:18401,related,direct,2-phenylacetate,II-Medical-8B,-1,undefined
CHEBI:18401,related,direct,2-phenylethanoate,II-Medical-8B,-1,undefined
CHEBI:18401,related,direct,phenylacetate anion,II-Medical-8B,-1,exact
CHEBI:18401,related,direct,phenylacetate(1-),II-Medical-8B,-1,undefined
CHEBI:18401,related,direct,phenylacetic acid anion,II-Medical-8B,-1,undefined
CHEBI:184023,exact,direct,(2S)-2-[[N'-[(4S)-4-amino-4-carboxybutyl]carbamimidoyl]amino]butanedioic acid,II-Medical-8B,-1,undefined
CHEBI:18408,exact,direct,"Coalpha-[alpha-(5,6-dimethylbenzimidazolyl)]-Cobeta-(5'-deoxy-5'-adenosyl)cobamide",II-Medical-8B,-1,undefined
CHEBI:18408,exact,direct,Cobamamide,II-Medical-8B,-1,undefined
CHEBI:18408,related,direct,"(5,6-Dimethylbenzimidazolyl)cobamide coenzyme",II-Medical-8B,-1,undefined
CHEBI:18408,related,direct,"(5,6-dimethylbenzimidazolyl)cobamide coenzyme",II-Medical-8B,-1,undefined
CHEBI:18408,related,direct,5'-Deoxy-5'-adenosyl vitamin B12,II-Medical-8B,-1,exact
CHEBI:18408,related,direct,"5'-Deoxy-5'-adenosyl-5,6-dimethylbenzimidazolylcobamide",II-Medical-8B,-1,undefined
CHEBI:18408,related,direct,5'-Deoxy-5'-adenosylcobalamin,II-Medical-8B,-1,undefined
CHEBI:18408,related,direct,5'-deoxyadenosyl vitamin B12,II-Medical-8B,-1,undefined
CHEBI:18408,related,direct,"5'-deoxyadenosyl-5,6-dimethylbenzimidazolylcobamide",II-Medical-8B,-1,undefined
CHEBI:18408,related,direct,5'-deoxyadenosylcobalamin,II-Medical-8B,-1,undefined
CHEBI:18408,related,direct,"5,6-Dimethylbenzimidazolyl-5-deoxyadenosyl-cobamide",II-Medical-8B,-1,undefined
CHEBI:18408,related,direct,"5,6-Dimethylbenzimidazolyl-Co-5'-deoxy-5'-adenosylcobamide",II-Medical-8B,-1,undefined
CHEBI:18408,related,direct,Adenosylcob(III)alamin,II-Medical-8B,-1,undefined
CHEBI:18408,related,direct,Adenosylcobalamin,II-Medical-8B,-1,undefined
CHEBI:18408,related,direct,AdoCbl,II-Medical-8B,-1,undefined
CHEBI:18408,related,direct,Calomide,II-Medical-8B,-1,undefined
CHEBI:18408,related,direct,"Coalpha-[alpha-(5,6-dimethylbenzimidazolyl)]-Cobeta-adenosylcobamide",II-Medical-8B,-1,undefined
CHEBI:18408,related,direct,Cobalamin coenzyme,II-Medical-8B,-1,undefined
CHEBI:18408,related,direct,Coenzyme B12,II-Medical-8B,-1,undefined
CHEBI:18408,related,direct,DBC coenzyme,II-Medical-8B,-1,undefined
CHEBI:18408,related,direct,DMBC coenzyme,II-Medical-8B,-1,undefined
CHEBI:18408,related,direct,Deoxyadenosylcobalamin,II-Medical-8B,-1,undefined
CHEBI:18408,related,direct,Dibencozide,II-Medical-8B,-1,undefined
CHEBI:18408,related,direct,Funacomide,II-Medical-8B,-1,undefined
CHEBI:18408,related,direct,Vitamin B12 coenzyme,II-Medical-8B,-1,undefined
CHEBI:18408,related,direct,adenosylcob(III)alamin,II-Medical-8B,-1,undefined
CHEBI:18408,related,direct,adenosylcobalamin,II-Medical-8B,-1,undefined
CHEBI:18408,related,direct,"alpha-(5,6-Dimethylbenzimidazolyl)cobamide coenzyme",II-Medical-8B,-1,undefined
CHEBI:18408,related,direct,cobamamid,II-Medical-8B,-1,undefined
CHEBI:18408,related,direct,cobamamida,II-Medical-8B,-1,undefined
CHEBI:18408,related,direct,cobamamide,II-Medical-8B,-1,undefined
CHEBI:18408,related,direct,cobamamidum,II-Medical-8B,-1,undefined
CHEBI:18408,related,direct,cobamide coenzyme,II-Medical-8B,-1,undefined
CHEBI:18408,related,direct,coenzyme B-12,II-Medical-8B,-1,undefined
CHEBI:188923,related,direct,a C29-steroid,II-Medical-8B,-1,undefined
CHEBI:191197,related,direct,BCKA,II-Medical-8B,-1,exact
CHEBI:191197,related,direct,BCKAs,II-Medical-8B,-1,undefined
CHEBI:191197,related,direct,branched-chain keto acids,II-Medical-8B,-1,undefined
CHEBI:191197,related,direct,branched-chain ketoacid,II-Medical-8B,-1,undefined
CHEBI:191197,related,direct,branched-chain ketoacids,II-Medical-8B,-1,undefined
CHEBI:191201,related,direct,BCKA anion,II-Medical-8B,-1,undefined
CHEBI:191201,related,direct,BCKA anions,II-Medical-8B,-1,undefined
CHEBI:191201,related,direct,branched-chain keto acid anions,II-Medical-8B,-1,undefined
CHEBI:191201,related,direct,branched-chain ketoacid anion,II-Medical-8B,-1,undefined
CHEBI:191201,related,direct,branched-chain ketoacid anions,II-Medical-8B,-1,undefined
CHEBI:191220,related,direct,(2S)-methylsuccinate,II-Medical-8B,-1,undefined
CHEBI:19168,related,direct,17-keto steroid,II-Medical-8B,-1,undefined
CHEBI:19168,related,direct,17-keto steroids,II-Medical-8B,-1,undefined
CHEBI:19168,related,direct,17-ketosteroid,II-Medical-8B,-1,undefined
CHEBI:19168,related,direct,17-ketosteroids,II-Medical-8B,-1,undefined
CHEBI:19168,related,direct,17-oxo steroids,II-Medical-8B,-1,undefined
CHEBI:19168,related,direct,17-oxosteroid,II-Medical-8B,-1,undefined
CHEBI:19168,related,direct,17-oxosteroids,II-Medical-8B,-1,undefined
CHEBI:19168,related,direct,a 17-oxo steroid,II-Medical-8B,-1,exact
CHEBI:191874,related,direct,FA 26:0,II-Medical-8B,-1,undefined
CHEBI:191874,related,direct,FA(26:0),II-Medical-8B,-1,exact
CHEBI:192164,exact,direct,"(1S,2R,5S,7S,9R,12R,15R,16R)-2,16-dimethyl-15-[(2R)-6-methylheptan-2-yl]-8-oxapentacyclo[9.7.0.02,7.07,9.012,16]octadec-10-en-5-ol",II-Medical-8B,-1,undefined
CHEBI:19255,related,direct,pyrimidine 2'-deoxyribonucleosides,II-Medical-8B,-1,undefined
CHEBI:194548,exact,direct,"4-[1-hydroxy-2-(methylamino)ethyl]benzene-1,2-diol",II-Medical-8B,-1,undefined
CHEBI:195274,related,direct,N-acetyl-D-Asp,II-Medical-8B,-1,undefined
CHEBI:195274,related,direct,N-acetyl-D-aspartate,II-Medical-8B,-1,undefined
CHEBI:20067,exact,direct,3-hydroxybutanoic acid,II-Medical-8B,-1,undefined
CHEBI:20067,related,direct,(1)-3-Hydroxybutyric acid,II-Medical-8B,-1,undefined
CHEBI:20067,related,direct,3 HBA,II-Medical-8B,-1,undefined
CHEBI:20067,related,direct,3-Hydroxybuttersaeure,II-Medical-8B,-1,undefined
CHEBI:20067,related,direct,3-OH-butyric acid,II-Medical-8B,-1,undefined
CHEBI:20067,related,direct,BHBA,II-Medical-8B,-1,undefined
CHEBI:20067,related,direct,DL-beta-Hydroxybutyric acid,II-Medical-8B,-1,undefined
CHEBI:20067,related,direct,beta-Hydroxy-n-butyric acid,II-Medical-8B,-1,undefined
CHEBI:20067,related,direct,beta-Hydroxybuttersaeure,II-Medical-8B,-1,undefined
CHEBI:20067,related,direct,beta-hydroxy-n-butyric acid,II-Medical-8B,-1,undefined
CHEBI:20067,related,direct,beta-hydroxybutanoic acid,II-Medical-8B,-1,undefined
CHEBI:20067,related,direct,beta-hydroxybutyric acid,II-Medical-8B,-1,undefined
CHEBI:20106,exact,direct,2-hydroxy-2-(4-hydroxy-3-methoxyphenyl)acetic acid,II-Medical-8B,-1,undefined
CHEBI:20106,exact,direct,Vanillylmandelic acid,II-Medical-8B,-1,undefined
CHEBI:20106,related,direct,3-methoxy-4-hydroxymandelic acid,II-Medical-8B,-1,exact
CHEBI:20106,related,direct,Vanilmandelic acid,II-Medical-8B,-1,undefined
CHEBI:20106,related,direct,hydroxy(4-hydroxy-3-methoxyphenyl)acetic acid,II-Medical-8B,-1,undefined
CHEBI:20392,exact,direct,4-hydroxyproline,II-Medical-8B,-1,undefined
CHEBI:20392,related,direct,4Hyp,II-Medical-8B,-1,undefined
CHEBI:20612,related,direct,5-methyltetrahydrofolates,II-Medical-8B,-1,undefined
CHEBI:20664,exact,direct,5beta-cholane,II-Medical-8B,-1,exact
CHEBI:20702,exact,direct,2-aminopurines,II-Medical-8B,-1,exact
CHEBI:20706,exact,direct,6-aminopurines,II-Medical-8B,-1,undefined
CHEBI:20899,exact,direct,D-alloisoleucine,II-Medical-8B,-1,undefined
CHEBI:20899,related,direct,"(2R,3S)-2-amino-3-methylpentanoic acid",II-Medical-8B,-1,undefined
CHEBI:20899,related,direct,allo-D-isoleucine,II-Medical-8B,-1,undefined
CHEBI:21501,related,direct,N-Acetyl-D-amino-acid,II-Medical-8B,-1,undefined
CHEBI:21501,related,direct,N-acetyl-D-amino acids,II-Medical-8B,-1,undefined
CHEBI:21547,exact,direct,(2S)-2-acetamidobutanedioic acid,II-Medical-8B,-1,exact
CHEBI:21547,related,direct,(S)-2-(acetylamino)butanedioic acid,II-Medical-8B,-1,undefined
CHEBI:21547,related,direct,(S)-2-(acetylamino)succinic acid,II-Medical-8B,-1,undefined
CHEBI:21547,related,direct,L-N-acetylaspartic acid,II-Medical-8B,-1,undefined
CHEBI:21547,related,direct,N-acetylaspartic acid,II-Medical-8B,-1,undefined
CHEBI:21547,related,direct,NAA,II-Medical-8B,-1,undefined
CHEBI:21547,related,direct,acetyl-L-aspartic acid,II-Medical-8B,-1,undefined
CHEBI:21547,related,direct,acetylaspartic acid,II-Medical-8B,-1,undefined
CHEBI:21575,related,direct,N-Acetyl amino acid,II-Medical-8B,-1,undefined
CHEBI:21575,related,direct,N-acetyl-amino acids,II-Medical-8B,-1,undefined
CHEBI:21619,related,direct,N-acetylneuraminate,II-Medical-8B,-1,undefined
CHEBI:21647,related,direct,N-acyl-L-aspartic acids,II-Medical-8B,-1,undefined
CHEBI:21663,related,direct,N-acylneuraminate,II-Medical-8B,-1,undefined
CHEBI:21731,exact,direct,glycosylamine,II-Medical-8B,-1,undefined
CHEBI:21731,related,direct,N-glycoside,II-Medical-8B,-1,undefined
CHEBI:21731,related,direct,N-glycosides,II-Medical-8B,-1,undefined
CHEBI:21731,related,direct,N-glycosyl compounds,II-Medical-8B,-1,undefined
CHEBI:21731,related,direct,glycosylamines,II-Medical-8B,-1,undefined
CHEBI:21760,related,direct,N-methyl-amino acids,II-Medical-8B,-1,undefined
CHEBI:21836,related,direct,N(4)-glycosyl-L-asparagines,II-Medical-8B,-1,undefined
CHEBI:21968,related,direct,O-phosphoamino acids,II-Medical-8B,-1,exact
CHEBI:22195,related,direct,acetyl-amino acids,II-Medical-8B,-1,exact
CHEBI:22221,exact,direct,acyl group,II-Medical-8B,-1,undefined
CHEBI:22221,exact,direct,alkanoyl,II-Medical-8B,-1,undefined
CHEBI:22221,related,direct,acyl groups,II-Medical-8B,-1,undefined
CHEBI:22221,related,direct,alkanoyl group,II-Medical-8B,-1,undefined
CHEBI:22221,related,direct,groupe acyle,II-Medical-8B,-1,undefined
CHEBI:22297,exact,direct,alditol phosphate,II-Medical-8B,-1,exact
CHEBI:22297,related,direct,alditol phosphates,II-Medical-8B,-1,undefined
CHEBI:22299,exact,direct,aldonate,II-Medical-8B,-1,exact
CHEBI:22299,related,direct,aldonates,II-Medical-8B,-1,exact
CHEBI:22301,exact,direct,aldonic acid,II-Medical-8B,-1,exact
CHEBI:22301,related,direct,aldonic acids,II-Medical-8B,-1,undefined
CHEBI:22313,exact,direct,alkaline earth metals,II-Medical-8B,-1,undefined
CHEBI:22313,related,direct,Erdalkalimetall,II-Medical-8B,-1,undefined
CHEBI:22313,related,direct,Erdalkalimetalle,II-Medical-8B,-1,exact
CHEBI:22313,related,direct,alkaline earth metal,II-Medical-8B,-1,undefined
CHEBI:22313,related,direct,alkaline-earth metal,II-Medical-8B,-1,undefined
CHEBI:22313,related,direct,alkaline-earth metals,II-Medical-8B,-1,undefined
CHEBI:22313,related,direct,metal alcalino-terreux,II-Medical-8B,-1,undefined
CHEBI:22313,related,direct,metal alcalinoterreo,II-Medical-8B,-1,related
CHEBI:22313,related,direct,metales alcalinoterreos,II-Medical-8B,-1,undefined
CHEBI:22313,related,direct,metaux alcalino-terreux,II-Medical-8B,-1,undefined
CHEBI:22314,exact,direct,alkali metals,II-Medical-8B,-1,undefined
CHEBI:22314,related,direct,Alkalimetall,II-Medical-8B,-1,undefined
CHEBI:22314,related,direct,Alkalimetalle,II-Medical-8B,-1,undefined
CHEBI:22314,related,direct,alkali metal,II-Medical-8B,-1,undefined
CHEBI:22314,related,direct,metal alcalin,II-Medical-8B,-1,undefined
CHEBI:22314,related,direct,metal alcalino,II-Medical-8B,-1,undefined
CHEBI:22314,related,direct,metales alcalinos,II-Medical-8B,-1,undefined
CHEBI:22314,related,direct,metaux alcalins,II-Medical-8B,-1,undefined
CHEBI:22315,exact,direct,Alkaloid,II-Medical-8B,-1,undefined
CHEBI:22315,exact,direct,alkaloids,II-Medical-8B,-1,undefined
CHEBI:22315,related,direct,Alkaloide,II-Medical-8B,-1,undefined
CHEBI:22315,related,direct,alcaloide,II-Medical-8B,-1,undefined
CHEBI:22315,related,direct,alcaloides,II-Medical-8B,-1,undefined
CHEBI:22323,exact,direct,alkyl group,II-Medical-8B,-1,undefined
CHEBI:22323,exact,direct,alkyl groups,II-Medical-8B,-1,undefined
CHEBI:22323,related,direct,groupe alkyle,II-Medical-8B,-1,exact
CHEBI:22323,related,direct,grupo alquilo,II-Medical-8B,-1,undefined
CHEBI:22323,related,direct,grupos alquilo,II-Medical-8B,-1,undefined
CHEBI:22359,exact,direct,alloisoleucine,II-Medical-8B,-1,undefined
CHEBI:22359,related,direct,"rel-(2R,3S)-2-amino-3-methylpentanoic acid",II-Medical-8B,-1,undefined
CHEBI:22478,related,direct,amino alcohols,II-Medical-8B,-1,undefined
CHEBI:22478,related,direct,aminoalcohol,II-Medical-8B,-1,exact
CHEBI:22478,related,direct,aminoalcohols,II-Medical-8B,-1,undefined
CHEBI:22480,related,direct,amino-disaccharides,II-Medical-8B,-1,exact
CHEBI:22483,related,direct,amino oligosaccharides,II-Medical-8B,-1,undefined
CHEBI:22484,related,direct,galactosamine oligosaccharides,II-Medical-8B,-1,undefined
CHEBI:22485,related,direct,glucosamine oligosaccharides,II-Medical-8B,-1,undefined
CHEBI:22494,related,direct,aminobenzoates,II-Medical-8B,-1,undefined
CHEBI:22495,exact,direct,aminobenzoic acid,II-Medical-8B,-1,undefined
CHEBI:22495,related,direct,Aminobenzoesaeure,II-Medical-8B,-1,undefined
CHEBI:22506,related,direct,aminoglycans,II-Medical-8B,-1,undefined
CHEBI:22527,related,direct,aminopurines,II-Medical-8B,-1,undefined
CHEBI:22558,exact,direct,anhydro sugar,II-Medical-8B,-1,undefined
CHEBI:22558,related,direct,anhydro sugars,II-Medical-8B,-1,undefined
CHEBI:22558,related,direct,anhydrosugars,II-Medical-8B,-1,undefined
CHEBI:22558,related,direct,sugar anhydride,II-Medical-8B,-1,undefined
CHEBI:22558,related,direct,sugar anhydrides,II-Medical-8B,-1,undefined
CHEBI:22563,exact,direct,Anion,II-Medical-8B,-1,undefined
CHEBI:22563,exact,direct,anion,II-Medical-8B,-1,exact
CHEBI:22563,related,direct,Anionen,II-Medical-8B,-1,undefined
CHEBI:22563,related,direct,aniones,II-Medical-8B,-1,undefined
CHEBI:22563,related,direct,anions,II-Medical-8B,-1,undefined
CHEBI:22586,related,direct,antioxidants,II-Medical-8B,-1,undefined
CHEBI:22586,related,direct,antioxydant,II-Medical-8B,-1,undefined
CHEBI:22586,related,direct,antoxidant,II-Medical-8B,-1,exact
CHEBI:22587,related,direct,anti-viral agent,II-Medical-8B,-1,exact
CHEBI:22587,related,direct,anti-viral agents,II-Medical-8B,-1,undefined
CHEBI:22587,related,direct,antiviral,II-Medical-8B,-1,undefined
CHEBI:22587,related,direct,antiviral agents,II-Medical-8B,-1,undefined
CHEBI:22587,related,direct,antivirals,II-Medical-8B,-1,undefined
CHEBI:22605,related,direct,arabitol,II-Medical-8B,-1,exact
CHEBI:22653,exact,direct,asparagine,II-Medical-8B,-1,exact
CHEBI:22653,related,direct,"2,4-diamino-4-oxobutanoic acid",II-Medical-8B,-1,undefined
CHEBI:22653,related,direct,2-amino-3-carbamoylpropanoic acid,II-Medical-8B,-1,undefined
CHEBI:22653,related,direct,ASN,II-Medical-8B,-1,undefined
CHEBI:22653,related,direct,Asn,II-Medical-8B,-1,undefined
CHEBI:22653,related,direct,Asparagin,II-Medical-8B,-1,undefined
CHEBI:22653,related,direct,DL-Asparagine,II-Medical-8B,-1,undefined
CHEBI:22653,related,direct,Hasp,II-Medical-8B,-1,undefined
CHEBI:22653,related,direct,N,II-Medical-8B,-1,undefined
CHEBI:22653,related,direct,asparagina,II-Medical-8B,-1,undefined
CHEBI:22658,related,direct,aspartate family amino acids,II-Medical-8B,-1,undefined
CHEBI:22658,related,direct,aspartic acid family amino acid,II-Medical-8B,-1,undefined
CHEBI:22658,related,direct,aspartic acid family amino acids,II-Medical-8B,-1,undefined
CHEBI:22658,related,direct,oxaloacetate family amino acid,II-Medical-8B,-1,undefined
CHEBI:22658,related,direct,oxaloacetate family amino acids,II-Medical-8B,-1,undefined
CHEBI:22658,related,direct,oxaloacetate/aspartate family amino acid,II-Medical-8B,-1,undefined
CHEBI:22658,related,direct,oxaloacetate/aspartate family amino acids,II-Medical-8B,-1,undefined
CHEBI:22660,exact,direct,Aspartic acid,II-Medical-8B,-1,undefined
CHEBI:22660,exact,direct,aspartic acid,II-Medical-8B,-1,undefined
CHEBI:22660,related,direct,(+-)-Aspartic acid,II-Medical-8B,-1,undefined
CHEBI:22660,related,direct,"(R,S)-Aspartic acid",II-Medical-8B,-1,undefined
CHEBI:22660,related,direct,2-aminobutanedioic acid,II-Medical-8B,-1,undefined
CHEBI:22660,related,direct,Asp,II-Medical-8B,-1,undefined
CHEBI:22660,related,direct,D,II-Medical-8B,-1,undefined
CHEBI:22660,related,direct,DL-Aminosuccinic acid,II-Medical-8B,-1,exact
CHEBI:22660,related,direct,DL-Asparagic acid,II-Medical-8B,-1,undefined
CHEBI:22676,related,direct,auxins,II-Medical-8B,-1,undefined
CHEBI:22695,exact,direct,Base,II-Medical-8B,-1,undefined
CHEBI:22695,exact,direct,base,II-Medical-8B,-1,undefined
CHEBI:22695,related,direct,Base1,II-Medical-8B,-1,undefined
CHEBI:22695,related,direct,Base2,II-Medical-8B,-1,undefined
CHEBI:22695,related,direct,Basen,II-Medical-8B,-1,undefined
CHEBI:22695,related,direct,Nucleobase,II-Medical-8B,-1,undefined
CHEBI:22695,related,direct,bases,II-Medical-8B,-1,undefined
CHEBI:22718,related,direct,benzoate anion,II-Medical-8B,-1,undefined
CHEBI:22727,related,direct,benzopyrans,II-Medical-8B,-1,undefined
CHEBI:22728,related,direct,benzopyrroles,II-Medical-8B,-1,undefined
CHEBI:22744,exact,direct,benzyl,II-Medical-8B,-1,undefined
CHEBI:22744,related,direct,Bn,II-Medical-8B,-1,undefined
CHEBI:22744,related,direct,C6H5-CH2-,II-Medical-8B,-1,exact
CHEBI:22744,related,direct,phenylalanine side-chain,II-Medical-8B,-1,undefined
CHEBI:22744,related,direct,phenylmethyl,II-Medical-8B,-1,undefined
CHEBI:228364,related,direct,NMR chemical shift reference compounds,II-Medical-8B,-1,exact
CHEBI:228364,related,direct,NMR chemical shift standard,II-Medical-8B,-1,undefined
CHEBI:228364,related,direct,NMR chemical shift standards,II-Medical-8B,-1,undefined
CHEBI:228364,related,direct,NMR internal standard,II-Medical-8B,-1,undefined
CHEBI:228364,related,direct,NMR internal standards,II-Medical-8B,-1,undefined
CHEBI:228364,related,direct,NMR reference standard,II-Medical-8B,-1,undefined
CHEBI:228364,related,direct,NMR reference standards,II-Medical-8B,-1,undefined
CHEBI:22860,related,direct,amino acid betaines,II-Medical-8B,-1,undefined
CHEBI:22860,related,direct,amino-acid betaines,II-Medical-8B,-1,undefined
CHEBI:22860,related,direct,betaines,II-Medical-8B,-1,undefined
CHEBI:22868,related,direct,Bile acid,II-Medical-8B,-1,undefined
CHEBI:22868,related,direct,bile salts,II-Medical-8B,-1,undefined
CHEBI:22918,related,direct,branched chain amino acids,II-Medical-8B,-1,undefined
CHEBI:22959,exact,direct,butenoic acid,II-Medical-8B,-1,undefined
CHEBI:22984,exact,direct,calcium,II-Medical-8B,-1,undefined
CHEBI:22984,related,direct,20Ca,II-Medical-8B,-1,undefined
CHEBI:22984,related,direct,Ca,II-Medical-8B,-1,undefined
CHEBI:22984,related,direct,Calcium,II-Medical-8B,-1,undefined
CHEBI:22984,related,direct,Kalzium,II-Medical-8B,-1,undefined
CHEBI:22984,related,direct,calcio,II-Medical-8B,-1,undefined
CHEBI:22984,related,direct,calcium,II-Medical-8B,-1,exact
CHEBI:23004,exact,direct,carbamoyl,II-Medical-8B,-1,undefined
CHEBI:23004,related,direct,-C(O)NH2,II-Medical-8B,-1,undefined
CHEBI:23004,related,direct,-CONH2,II-Medical-8B,-1,exact
CHEBI:23004,related,direct,aminocarbonyl,II-Medical-8B,-1,undefined
CHEBI:23004,related,direct,carbamyl,II-Medical-8B,-1,undefined
CHEBI:23004,related,direct,carbamyl group,II-Medical-8B,-1,undefined
CHEBI:23004,related,direct,carboxamide,II-Medical-8B,-1,undefined
CHEBI:23014,related,direct,carbon oxides,II-Medical-8B,-1,undefined
CHEBI:23014,related,direct,oxides of carbon,II-Medical-8B,-1,undefined
CHEBI:23019,exact,direct,carbonyl,II-Medical-8B,-1,undefined
CHEBI:23019,exact,direct,carbonyl group,II-Medical-8B,-1,exact
CHEBI:23019,related,direct,>C=O,II-Medical-8B,-1,undefined
CHEBI:23042,exact,direct,carotene,II-Medical-8B,-1,exact
CHEBI:23042,exact,direct,carotenes,II-Medical-8B,-1,undefined
CHEBI:23042,related,direct,carotenes,II-Medical-8B,-1,undefined
CHEBI:23044,exact,direct,carotenoid,II-Medical-8B,-1,undefined
CHEBI:23044,related,direct,carotenes and carotenoids,II-Medical-8B,-1,undefined
CHEBI:23044,related,direct,carotenoids,II-Medical-8B,-1,undefined
CHEBI:23045,related,direct,carotenols,II-Medical-8B,-1,undefined
CHEBI:23045,related,direct,hydroxycarotenoids,II-Medical-8B,-1,undefined
CHEBI:23075,related,direct,glycotetraosylceramides,II-Medical-8B,-1,undefined
CHEBI:23116,exact,direct,chlorine,II-Medical-8B,-1,undefined
CHEBI:23116,related,direct,17Cl,II-Medical-8B,-1,undefined
CHEBI:23116,related,direct,Chlor,II-Medical-8B,-1,undefined
CHEBI:23116,related,direct,Cl,II-Medical-8B,-1,undefined
CHEBI:23116,related,direct,chlore,II-Medical-8B,-1,undefined
CHEBI:23116,related,direct,chlorine,II-Medical-8B,-1,exact
CHEBI:23116,related,direct,chlorum,II-Medical-8B,-1,undefined
CHEBI:23116,related,direct,cloro,II-Medical-8B,-1,undefined
CHEBI:23240,exact,direct,chromophore,II-Medical-8B,-1,exact
CHEBI:23240,related,direct,chromophores,II-Medical-8B,-1,exact
CHEBI:232436,related,direct,calcium chelating agent,II-Medical-8B,-1,undefined
CHEBI:232436,related,direct,calcium chelating agents,II-Medical-8B,-1,exact
CHEBI:232436,related,direct,calcium chelators,II-Medical-8B,-1,undefined
CHEBI:232876,related,direct,N-acetyl-alpha-neuraminyl-(2->3)-beta-D-galactosyl-(1->4)-beta-D-glucose,II-Medical-8B,-1,undefined
CHEBI:233443,related,direct,an N-acetyl-L-alpha-amino acid,II-Medical-8B,-1,undefined
CHEBI:23354,exact,direct,coenzyme,II-Medical-8B,-1,exact
CHEBI:23354,related,direct,coenzymes,II-Medical-8B,-1,undefined
CHEBI:23357,exact,direct,cofactor,II-Medical-8B,-1,exact
CHEBI:23357,exact,direct,cofactors,II-Medical-8B,-1,undefined
CHEBI:23367,exact,direct,molecular entity,II-Medical-8B,-1,exact
CHEBI:23367,related,direct,entidad molecular,II-Medical-8B,-1,undefined
CHEBI:23367,related,direct,entidades moleculares,II-Medical-8B,-1,undefined
CHEBI:23367,related,direct,entite moleculaire,II-Medical-8B,-1,undefined
CHEBI:23367,related,direct,molecular entities,II-Medical-8B,-1,undefined
CHEBI:23367,related,direct,molekulare Entitaet,II-Medical-8B,-1,undefined
CHEBI:23443,exact,direct,cyclic amide,II-Medical-8B,-1,exact
CHEBI:23443,related,direct,cyclic amides,II-Medical-8B,-1,undefined
CHEBI:23449,related,direct,Cyclopeptid,II-Medical-8B,-1,undefined
CHEBI:23449,related,direct,Zyklopeptid,II-Medical-8B,-1,undefined
CHEBI:23449,related,direct,cyclic peptides,II-Medical-8B,-1,undefined
CHEBI:23449,related,direct,peptide cyclique,II-Medical-8B,-1,undefined
CHEBI:23449,related,direct,peptido ciclico,II-Medical-8B,-1,undefined
CHEBI:23509,exact,direct,cysteine derivative,II-Medical-8B,-1,exact
CHEBI:23509,related,direct,cysteine derivatives,II-Medical-8B,-1,undefined
CHEBI:23622,exact,direct,deoxygalactose,II-Medical-8B,-1,exact
CHEBI:23622,related,direct,deoxygalactoses,II-Medical-8B,-1,undefined
CHEBI:23628,exact,direct,deoxyhexose,II-Medical-8B,-1,exact
CHEBI:23628,related,direct,deoxyhexoses,II-Medical-8B,-1,exact
CHEBI:23636,related,direct,deoxyribonucleosides,II-Medical-8B,-1,undefined
CHEBI:23639,related,direct,deoxy sugars,II-Medical-8B,-1,undefined
CHEBI:23639,related,direct,deoxysugar,II-Medical-8B,-1,undefined
CHEBI:23639,related,direct,deoxysugars,II-Medical-8B,-1,undefined
CHEBI:23641,related,direct,deoxyuridine phosphates,II-Medical-8B,-1,undefined
CHEBI:23677,related,direct,diazoles,II-Medical-8B,-1,exact
CHEBI:23690,related,direct,dicarboxylic acid amides,II-Medical-8B,-1,undefined
CHEBI:23824,exact,direct,diols,II-Medical-8B,-1,undefined
CHEBI:23849,exact,direct,diterpenoids,II-Medical-8B,-1,undefined
CHEBI:23849,related,direct,C20 isoprenoids,II-Medical-8B,-1,undefined
CHEBI:23849,related,direct,diterpenoides,II-Medical-8B,-1,undefined
CHEBI:23867,exact,direct,dodecenoic acid,II-Medical-8B,-1,exact
CHEBI:23867,related,direct,12:1,II-Medical-8B,-1,exact
CHEBI:23867,related,direct,C12:1,II-Medical-8B,-1,exact
CHEBI:23867,related,direct,Dodecensaeure,II-Medical-8B,-1,undefined
CHEBI:23867,related,direct,lauroleic acid,II-Medical-8B,-1,undefined
CHEBI:23888,related,direct,drugs,II-Medical-8B,-1,undefined
CHEBI:23888,related,direct,medicine,II-Medical-8B,-1,undefined
CHEBI:23899,exact,direct,icosanoid,II-Medical-8B,-1,exact
CHEBI:23899,related,direct,eicosanoid,II-Medical-8B,-1,undefined
CHEBI:23899,related,direct,eicosanoids,II-Medical-8B,-1,undefined
CHEBI:23899,related,direct,icosanoids,II-Medical-8B,-1,exact
CHEBI:23905,related,direct,monoatomic anions,II-Medical-8B,-1,undefined
CHEBI:23906,related,direct,monoatomic cations,II-Medical-8B,-1,undefined
CHEBI:23924,exact,direct,enzyme inhibitor,II-Medical-8B,-1,exact
CHEBI:23924,related,direct,enzyme inhibitors,II-Medical-8B,-1,undefined
CHEBI:23924,related,direct,inhibidor enzimatico,II-Medical-8B,-1,undefined
CHEBI:23924,related,direct,inhibidores enzimaticos,II-Medical-8B,-1,exact
CHEBI:23924,related,direct,inhibiteur enzymatique,II-Medical-8B,-1,undefined
CHEBI:23924,related,direct,inhibiteurs enzymatiques,II-Medical-8B,-1,undefined
CHEBI:23965,exact,direct,"estra-1,3,5(10)-triene-3,17-diol",II-Medical-8B,-1,undefined
CHEBI:23965,related,direct,oestradiol,II-Medical-8B,-1,undefined
CHEBI:23966,exact,direct,estrane,II-Medical-8B,-1,undefined
CHEBI:23966,related,direct,Oestran,II-Medical-8B,-1,undefined
CHEBI:23966,related,direct,oestrane,II-Medical-8B,-1,undefined
CHEBI:23981,related,direct,ethanolamine,II-Medical-8B,-1,undefined
CHEBI:24020,related,direct,fat-soluble vitamin,II-Medical-8B,-1,undefined
CHEBI:24020,related,direct,fat-soluble vitamins,II-Medical-8B,-1,undefined
CHEBI:24020,related,direct,fettloesliche Vitamine,II-Medical-8B,-1,undefined
CHEBI:24129,related,direct,"oxacyclopenta-2,4-dienes",II-Medical-8B,-1,undefined
CHEBI:24163,exact,direct,galactoside,II-Medical-8B,-1,exact
CHEBI:24163,related,direct,galactosides,II-Medical-8B,-1,undefined
CHEBI:24261,related,direct,glucocorticoids,II-Medical-8B,-1,undefined
CHEBI:24280,exact,direct,D-glucopyranosyl,II-Medical-8B,-1,undefined
CHEBI:24280,related,direct,D-glucopyranosyl group,II-Medical-8B,-1,exact
CHEBI:24280,related,direct,glucopyranosyl group,II-Medical-8B,-1,undefined
CHEBI:24280,related,direct,glucosyl group,II-Medical-8B,-1,undefined
CHEBI:24281,related,direct,glucosyl groups,II-Medical-8B,-1,undefined
CHEBI:24318,related,direct,glutamine family amino acids,II-Medical-8B,-1,undefined
CHEBI:24319,related,direct,EC 6.3.1.2 (glutamate--ammonia ligase) inhibitors,II-Medical-8B,-1,undefined
CHEBI:24319,related,direct,EC 6.3.1.2 inhibitor,II-Medical-8B,-1,undefined
CHEBI:24319,related,direct,EC 6.3.1.2 inhibitors,II-Medical-8B,-1,undefined
CHEBI:24319,related,direct,L-glutamate:ammonia ligase (ADP-forming) inhibitor,II-Medical-8B,-1,undefined
CHEBI:24319,related,direct,L-glutamate:ammonia ligase (ADP-forming) inhibitors,II-Medical-8B,-1,undefined
CHEBI:24319,related,direct,L-glutamine synthetase inhibitor,II-Medical-8B,-1,undefined
CHEBI:24319,related,direct,L-glutamine synthetase inhibitors,II-Medical-8B,-1,undefined
CHEBI:24319,related,direct,glutamate--ammonia ligase (EC 6.3.1.2) inhibitor,II-Medical-8B,-1,undefined
CHEBI:24319,related,direct,glutamate--ammonia ligase (EC 6.3.1.2) inhibitors,II-Medical-8B,-1,undefined
CHEBI:24319,related,direct,glutamate--ammonia ligase inhibitor,II-Medical-8B,-1,undefined
CHEBI:24319,related,direct,glutamate--ammonia ligase inhibitors,II-Medical-8B,-1,undefined
CHEBI:24319,related,direct,glutamine synthetase inhibitor,II-Medical-8B,-1,undefined
CHEBI:24319,related,direct,glutamine synthetase inhibitors,II-Medical-8B,-1,undefined
CHEBI:24319,related,direct,glutamylhydroxamic synthetase inhibitor,II-Medical-8B,-1,undefined
CHEBI:24319,related,direct,glutamylhydroxamic synthetase inhibitors,II-Medical-8B,-1,undefined
CHEBI:24329,related,direct,glutarate anion,II-Medical-8B,-1,undefined
CHEBI:24329,related,direct,glutarates,II-Medical-8B,-1,undefined
CHEBI:24329,related,direct,glutaric acid anion,II-Medical-8B,-1,undefined
CHEBI:24396,exact,direct,glycopeptides,II-Medical-8B,-1,exact
CHEBI:24400,exact,direct,glycosides,II-Medical-8B,-1,undefined
CHEBI:24400,related,direct,O-glycoside,II-Medical-8B,-1,undefined
CHEBI:24400,related,direct,O-glycosides,II-Medical-8B,-1,undefined
CHEBI:24400,related,direct,glycosides,II-Medical-8B,-1,undefined
CHEBI:24402,related,direct,glycosphingolipids,II-Medical-8B,-1,undefined
CHEBI:24403,exact,direct,glycosyl group,II-Medical-8B,-1,undefined
CHEBI:24403,related,direct,a glycosyl group,II-Medical-8B,-1,undefined
CHEBI:24403,related,direct,glycosyl groups,II-Medical-8B,-1,undefined
CHEBI:24403,related,direct,groupe glycosyle,II-Medical-8B,-1,exact
CHEBI:24431,exact,direct,chemical entity,II-Medical-8B,-1,undefined
CHEBI:24432,related,direct,biological function,II-Medical-8B,-1,undefined
CHEBI:24433,exact,direct,group,II-Medical-8B,-1,undefined
CHEBI:24433,related,direct,Gruppe,II-Medical-8B,-1,undefined
CHEBI:24433,related,direct,Rest,II-Medical-8B,-1,undefined
CHEBI:24433,related,direct,groupe,II-Medical-8B,-1,exact
CHEBI:24433,related,direct,grupo,II-Medical-8B,-1,undefined
CHEBI:24433,related,direct,grupos,II-Medical-8B,-1,undefined
CHEBI:24470,related,direct,haloamino acids,II-Medical-8B,-1,undefined
CHEBI:24471,exact,direct,halogen molecular entity,II-Medical-8B,-1,undefined
CHEBI:24471,related,direct,halogen compounds,II-Medical-8B,-1,undefined
CHEBI:24471,related,direct,halogen molecular entities,II-Medical-8B,-1,undefined
CHEBI:24473,exact,direct,halogen,II-Medical-8B,-1,undefined
CHEBI:24473,exact,direct,halogens,II-Medical-8B,-1,undefined
CHEBI:24473,related,direct,Halogene,II-Medical-8B,-1,undefined
CHEBI:24473,related,direct,group 17 elements,II-Medical-8B,-1,undefined
CHEBI:24473,related,direct,group VII elements,II-Medical-8B,-1,undefined
CHEBI:24473,related,direct,halogene,II-Medical-8B,-1,undefined
CHEBI:24473,related,direct,halogenes,II-Medical-8B,-1,undefined
CHEBI:24473,related,direct,halogeno,II-Medical-8B,-1,undefined
CHEBI:24473,related,direct,halogenos,II-Medical-8B,-1,undefined
CHEBI:24500,related,direct,heparans,II-Medical-8B,-1,undefined
CHEBI:24532,related,direct,organic heterocycle,II-Medical-8B,-1,undefined
CHEBI:24532,related,direct,organic heterocyclic compounds,II-Medical-8B,-1,undefined
CHEBI:24533,exact,direct,heterodetic cyclic peptide,II-Medical-8B,-1,exact
CHEBI:24533,related,direct,heterodetic cyclic peptides,II-Medical-8B,-1,undefined
CHEBI:24533,related,direct,peptide cyclique heterodetique,II-Medical-8B,-1,undefined
CHEBI:24533,related,direct,peptido ciclico heterodetico,II-Medical-8B,-1,undefined
CHEBI:24582,exact,direct,hexitol phosphate,II-Medical-8B,-1,exact
CHEBI:24582,related,direct,hexitol phosphates,II-Medical-8B,-1,undefined
CHEBI:24583,exact,direct,hexitol,II-Medical-8B,-1,exact
CHEBI:24583,related,direct,hexitols,II-Medical-8B,-1,undefined
CHEBI:24586,exact,direct,hexosamine,II-Medical-8B,-1,exact
CHEBI:24586,related,direct,hexosamines,II-Medical-8B,-1,undefined
CHEBI:24599,related,direct,histidine derivatives,II-Medical-8B,-1,undefined
CHEBI:24621,related,direct,endocrine,II-Medical-8B,-1,undefined
CHEBI:24621,related,direct,hormones,II-Medical-8B,-1,undefined
CHEBI:24632,exact,direct,hydrocarbon,II-Medical-8B,-1,undefined
CHEBI:24632,exact,direct,hydrocarbons,II-Medical-8B,-1,exact
CHEBI:24632,related,direct,Kohlenwasserstoff,II-Medical-8B,-1,undefined
CHEBI:24632,related,direct,Kohlenwasserstoffe,II-Medical-8B,-1,undefined
CHEBI:24632,related,direct,hidrocarburo,II-Medical-8B,-1,undefined
CHEBI:24632,related,direct,hidrocarburos,II-Medical-8B,-1,undefined
CHEBI:24632,related,direct,hydrocarbure,II-Medical-8B,-1,undefined
CHEBI:24654,related,direct,hydroxy fatty acids,II-Medical-8B,-1,undefined
CHEBI:24663,related,direct,hydroxy-5beta-cholanic acids,II-Medical-8B,-1,undefined
CHEBI:24669,related,direct,hydroxy carboxylic acids,II-Medical-8B,-1,exact
CHEBI:24669,related,direct,hydroxycarboxylic acid,II-Medical-8B,-1,undefined
CHEBI:24669,related,direct,hydroxycarboxylic acids,II-Medical-8B,-1,undefined
CHEBI:24684,exact,direct,hydroxybutanoic acid,II-Medical-8B,-1,undefined
CHEBI:24684,related,direct,hydroxybutanoic acids,II-Medical-8B,-1,undefined
CHEBI:24684,related,direct,hydroxybutyric acids,II-Medical-8B,-1,undefined
CHEBI:24712,exact,direct,hydroxymethyl,II-Medical-8B,-1,undefined
CHEBI:24712,related,direct,-CH2-OH,II-Medical-8B,-1,undefined
CHEBI:24712,related,direct,serine side-chain,II-Medical-8B,-1,undefined
CHEBI:24741,related,direct,hydroxyprolines,II-Medical-8B,-1,undefined
CHEBI:24833,exact,direct,oxoacid,II-Medical-8B,-1,undefined
CHEBI:24833,exact,direct,oxoacids,II-Medical-8B,-1,exact
CHEBI:24833,related,direct,oxacids,II-Medical-8B,-1,exact
CHEBI:24833,related,direct,oxiacids,II-Medical-8B,-1,exact
CHEBI:24833,related,direct,oxo acid,II-Medical-8B,-1,exact
CHEBI:24833,related,direct,oxy-acids,II-Medical-8B,-1,undefined
CHEBI:24833,related,direct,oxyacids,II-Medical-8B,-1,undefined
CHEBI:24834,related,direct,inorganic anions,II-Medical-8B,-1,undefined
CHEBI:24835,related,direct,anorganische Verbindungen,II-Medical-8B,-1,undefined
CHEBI:24835,related,direct,inorganic compounds,II-Medical-8B,-1,undefined
CHEBI:24835,related,direct,inorganic entity,II-Medical-8B,-1,undefined
CHEBI:24835,related,direct,inorganic molecular entities,II-Medical-8B,-1,exact
CHEBI:24835,related,direct,inorganics,II-Medical-8B,-1,undefined
CHEBI:24836,related,direct,inorganic oxides,II-Medical-8B,-1,undefined
CHEBI:24859,exact,direct,iodine,II-Medical-8B,-1,undefined
CHEBI:24859,related,direct,53I,II-Medical-8B,-1,undefined
CHEBI:24859,related,direct,I,II-Medical-8B,-1,exact
CHEBI:24859,related,direct,Iod,II-Medical-8B,-1,undefined
CHEBI:24859,related,direct,J,II-Medical-8B,-1,undefined
CHEBI:24859,related,direct,Jod,II-Medical-8B,-1,undefined
CHEBI:24859,related,direct,iode,II-Medical-8B,-1,undefined
CHEBI:24859,related,direct,iodine,II-Medical-8B,-1,undefined
CHEBI:24859,related,direct,iodium,II-Medical-8B,-1,undefined
CHEBI:24859,related,direct,yodo,II-Medical-8B,-1,undefined
CHEBI:24860,exact,direct,iodine molecular entity,II-Medical-8B,-1,undefined
CHEBI:24860,related,direct,iodine compounds,II-Medical-8B,-1,undefined
CHEBI:24860,related,direct,iodine molecular entities,II-Medical-8B,-1,undefined
CHEBI:24863,exact,direct,iodophenol,II-Medical-8B,-1,exact
CHEBI:24864,related,direct,iodothyronines,II-Medical-8B,-1,undefined
CHEBI:24866,exact,direct,salt,II-Medical-8B,-1,undefined
CHEBI:24866,related,direct,Salz,II-Medical-8B,-1,undefined
CHEBI:24866,related,direct,Salze,II-Medical-8B,-1,undefined
CHEBI:24866,related,direct,ionic compound,II-Medical-8B,-1,undefined
CHEBI:24866,related,direct,ionic compounds,II-Medical-8B,-1,undefined
CHEBI:24866,related,direct,sal,II-Medical-8B,-1,exact
CHEBI:24866,related,direct,sales,II-Medical-8B,-1,undefined
CHEBI:24866,related,direct,salts,II-Medical-8B,-1,undefined
CHEBI:24866,related,direct,sel,II-Medical-8B,-1,undefined
CHEBI:24866,related,direct,sels,II-Medical-8B,-1,undefined
CHEBI:24867,related,direct,monoatomic ions,II-Medical-8B,-1,undefined
CHEBI:24868,related,direct,organic salts,II-Medical-8B,-1,undefined
CHEBI:24868,related,direct,organisches Salz,II-Medical-8B,-1,undefined
CHEBI:24870,exact,direct,Ion,II-Medical-8B,-1,undefined
CHEBI:24870,exact,direct,ion,II-Medical-8B,-1,undefined
CHEBI:24870,related,direct,Ionen,II-Medical-8B,-1,undefined
CHEBI:24870,related,direct,iones,II-Medical-8B,-1,exact
CHEBI:24870,related,direct,ions,II-Medical-8B,-1,undefined
CHEBI:24873,exact,direct,iron molecular entity,II-Medical-8B,-1,exact
CHEBI:24873,related,direct,iron compounds,II-Medical-8B,-1,undefined
CHEBI:24873,related,direct,iron molecular entities,II-Medical-8B,-1,undefined
CHEBI:24875,exact,direct,iron cation,II-Medical-8B,-1,exact
CHEBI:24875,related,direct,Fe cation,II-Medical-8B,-1,undefined
CHEBI:24875,related,direct,iron cations,II-Medical-8B,-1,undefined
CHEBI:24898,exact,direct,isoleucine,II-Medical-8B,-1,exact
CHEBI:24898,related,direct,Hile,II-Medical-8B,-1,undefined
CHEBI:24898,related,direct,"rel-(2R,3R)-2-amino-3-methylpentanoic acid",II-Medical-8B,-1,undefined
CHEBI:24913,exact,direct,isoprenoid,II-Medical-8B,-1,exact
CHEBI:24913,exact,direct,isoprenoids,II-Medical-8B,-1,undefined
CHEBI:24913,related,direct,isoprenoids,II-Medical-8B,-1,undefined
CHEBI:24961,exact,direct,ketoaldonate,II-Medical-8B,-1,exact
CHEBI:24961,related,direct,ketoaldonates,II-Medical-8B,-1,undefined
CHEBI:24963,exact,direct,ketoaldonic acid,II-Medical-8B,-1,undefined
CHEBI:24963,related,direct,ketoaldonic acids,II-Medical-8B,-1,undefined
CHEBI:24995,exact,direct,lactam,II-Medical-8B,-1,undefined
CHEBI:24995,exact,direct,lactams,II-Medical-8B,-1,undefined
CHEBI:24995,related,direct,Laktam,II-Medical-8B,-1,undefined
CHEBI:24995,related,direct,Laktame,II-Medical-8B,-1,undefined
CHEBI:24995,related,direct,lactams,II-Medical-8B,-1,undefined
CHEBI:24996,exact,direct,2-hydroxypropanoate,II-Medical-8B,-1,undefined
CHEBI:24996,exact,direct,lactate,II-Medical-8B,-1,undefined
CHEBI:24996,related,direct,"2-hydroxypropanoic acid, ion(1-)",II-Medical-8B,-1,exact
CHEBI:24996,related,direct,2-hydroxypropionate,II-Medical-8B,-1,undefined
CHEBI:24996,related,direct,MeCH(OH)CO2 anion,II-Medical-8B,-1,undefined
CHEBI:24996,related,direct,b-lactate,II-Medical-8B,-1,undefined
CHEBI:24996,related,direct,beta-lactate,II-Medical-8B,-1,undefined
CHEBI:25000,exact,direct,lactone,II-Medical-8B,-1,exact
CHEBI:25000,exact,direct,lactones,II-Medical-8B,-1,undefined
CHEBI:25000,related,direct,Lacton,II-Medical-8B,-1,undefined
CHEBI:25000,related,direct,Lakton,II-Medical-8B,-1,undefined
CHEBI:25000,related,direct,Laktone,II-Medical-8B,-1,undefined
CHEBI:25000,related,direct,lactona,II-Medical-8B,-1,exact
CHEBI:25000,related,direct,lactonas,II-Medical-8B,-1,undefined
CHEBI:25017,exact,direct,leucine,II-Medical-8B,-1,exact
CHEBI:25017,related,direct,(+-)-Leucine,II-Medical-8B,-1,undefined
CHEBI:25017,related,direct,(RS)-Leucine,II-Medical-8B,-1,undefined
CHEBI:25017,related,direct,2-amino-4-methylpentanoic acid,II-Medical-8B,-1,undefined
CHEBI:25017,related,direct,DL-Leucine,II-Medical-8B,-1,undefined
CHEBI:25017,related,direct,Hleu,II-Medical-8B,-1,undefined
CHEBI:25017,related,direct,L,II-Medical-8B,-1,exact
CHEBI:25017,related,direct,Leu,II-Medical-8B,-1,undefined
CHEBI:25017,related,direct,Leucin,II-Medical-8B,-1,undefined
CHEBI:25017,related,direct,Leuzin,II-Medical-8B,-1,undefined
CHEBI:25094,exact,direct,"2,6-diaminohexanoic acid",II-Medical-8B,-1,undefined
CHEBI:25094,exact,direct,lysine,II-Medical-8B,-1,exact
CHEBI:25094,related,direct,K,II-Medical-8B,-1,undefined
CHEBI:25094,related,direct,LYS,II-Medical-8B,-1,undefined
CHEBI:25094,related,direct,Lysin,II-Medical-8B,-1,undefined
CHEBI:25094,related,direct,"alpha,epsilon-diaminocaproic acid",II-Medical-8B,-1,undefined
CHEBI:25107,exact,direct,magnesium,II-Medical-8B,-1,undefined
CHEBI:25107,related,direct,12Mg,II-Medical-8B,-1,undefined
CHEBI:25107,related,direct,Magnesium,II-Medical-8B,-1,undefined
CHEBI:25107,related,direct,Mg,II-Medical-8B,-1,undefined
CHEBI:25107,related,direct,magnesio,II-Medical-8B,-1,undefined
CHEBI:25107,related,direct,magnesium,II-Medical-8B,-1,undefined
CHEBI:25147,exact,direct,hydroxy(phenyl)acetate,II-Medical-8B,-1,undefined
CHEBI:25147,exact,direct,mandelate,II-Medical-8B,-1,exact
CHEBI:25147,related,direct,2-hydroxy-2-(4-hydroxyphenyl)acetate,II-Medical-8B,-1,undefined
CHEBI:25147,related,direct,alpha-hydroxybenzeneacetate,II-Medical-8B,-1,undefined
CHEBI:25147,related,direct,"alpha-hydroxybenzeneacetic acid, ion(1-)",II-Medical-8B,-1,undefined
CHEBI:25147,related,direct,mandelate ion,II-Medical-8B,-1,undefined
CHEBI:25212,exact,direct,metabolite,II-Medical-8B,-1,exact
CHEBI:25212,related,direct,metabolites,II-Medical-8B,-1,undefined
CHEBI:25212,related,direct,primary metabolites,II-Medical-8B,-1,undefined
CHEBI:25212,related,direct,secondary metabolites,II-Medical-8B,-1,undefined
CHEBI:25213,related,direct,a metal cation,II-Medical-8B,-1,undefined
CHEBI:25213,related,direct,metal cations,II-Medical-8B,-1,undefined
CHEBI:25216,related,direct,metalloporphyrins,II-Medical-8B,-1,undefined
CHEBI:25216,related,direct,metaloporphyrins,II-Medical-8B,-1,undefined
CHEBI:25230,related,direct,methionine derivatives,II-Medical-8B,-1,undefined
CHEBI:25235,related,direct,monomethoxybenzenes,II-Medical-8B,-1,exact
CHEBI:25274,related,direct,methylated amines,II-Medical-8B,-1,undefined
CHEBI:25345,related,direct,methyltetrahydrofolates,II-Medical-8B,-1,undefined
CHEBI:25354,related,direct,mineralocorticoids,II-Medical-8B,-1,undefined
CHEBI:25355,related,direct,mitochondrial electron transport chain inhibitors,II-Medical-8B,-1,undefined
CHEBI:25355,related,direct,mitochondrial electron-transport chain inhibitor,II-Medical-8B,-1,undefined
CHEBI:25355,related,direct,mitochondrial respiratory chain inhibitors,II-Medical-8B,-1,undefined
CHEBI:25362,related,direct,homoatomic molecule,II-Medical-8B,-1,undefined
CHEBI:25362,related,direct,homoatomic molecules,II-Medical-8B,-1,undefined
CHEBI:25367,exact,direct,molecule,II-Medical-8B,-1,undefined
CHEBI:25367,related,direct,Molekuel,II-Medical-8B,-1,undefined
CHEBI:25367,related,direct,molecula,II-Medical-8B,-1,exact
CHEBI:25367,related,direct,molecules,II-Medical-8B,-1,undefined
CHEBI:25367,related,direct,neutral molecular compounds,II-Medical-8B,-1,undefined
CHEBI:25375,related,direct,monamines,II-Medical-8B,-1,undefined
CHEBI:25375,related,direct,monoamines,II-Medical-8B,-1,undefined
CHEBI:25384,related,direct,monocarboxylic acids,II-Medical-8B,-1,undefined
CHEBI:25413,related,direct,MUFA,II-Medical-8B,-1,undefined
CHEBI:25413,related,direct,MUFAs,II-Medical-8B,-1,undefined
CHEBI:25413,related,direct,monounsaturated fatty acids,II-Medical-8B,-1,undefined
CHEBI:25414,related,direct,monoatomic monocations,II-Medical-8B,-1,undefined
CHEBI:25414,related,direct,monovalent inorganic cations,II-Medical-8B,-1,undefined
CHEBI:25481,related,direct,naphthoquinones,II-Medical-8B,-1,undefined
CHEBI:25512,related,direct,neurotransmitters,II-Medical-8B,-1,undefined
CHEBI:25513,related,direct,neutral glycosphingolipids,II-Medical-8B,-1,undefined
CHEBI:25555,exact,direct,nitrogen,II-Medical-8B,-1,undefined
CHEBI:25555,related,direct,7N,II-Medical-8B,-1,undefined
CHEBI:25555,related,direct,N,II-Medical-8B,-1,undefined
CHEBI:25555,related,direct,Stickstoff,II-Medical-8B,-1,undefined
CHEBI:25555,related,direct,azote,II-Medical-8B,-1,undefined
CHEBI:25555,related,direct,nitrogen,II-Medical-8B,-1,undefined
CHEBI:25555,related,direct,nitrogeno,II-Medical-8B,-1,undefined
CHEBI:25585,exact,direct,nonmetal,II-Medical-8B,-1,undefined
CHEBI:25585,related,direct,Nichtmetall,II-Medical-8B,-1,undefined
CHEBI:25585,related,direct,Nichtmetalle,II-Medical-8B,-1,undefined
CHEBI:25585,related,direct,no metal,II-Medical-8B,-1,undefined
CHEBI:25585,related,direct,no metales,II-Medical-8B,-1,undefined
CHEBI:25585,related,direct,non-metal,II-Medical-8B,-1,undefined
CHEBI:25585,related,direct,non-metaux,II-Medical-8B,-1,undefined
CHEBI:25585,related,direct,nonmetal,II-Medical-8B,-1,undefined
CHEBI:25585,related,direct,nonmetals,II-Medical-8B,-1,undefined
CHEBI:25608,related,direct,NMP,II-Medical-8B,-1,undefined
CHEBI:25608,related,direct,nucleoside phosphates,II-Medical-8B,-1,undefined
CHEBI:25629,exact,direct,octadecanoate,II-Medical-8B,-1,undefined
CHEBI:25629,related,direct,CH3-[CH2]16-COO(-),II-Medical-8B,-1,undefined
CHEBI:25629,related,direct,Stearate,II-Medical-8B,-1,undefined
CHEBI:25629,related,direct,"octadecanoic acid, ion(1-)",II-Medical-8B,-1,exact
CHEBI:25629,related,direct,stearate,II-Medical-8B,-1,undefined
CHEBI:25629,related,direct,"stearic acid, ion(1-)",II-Medical-8B,-1,undefined
CHEBI:25676,exact,direct,oligopeptides,II-Medical-8B,-1,undefined
CHEBI:25676,related,direct,Oligopeptid,II-Medical-8B,-1,undefined
CHEBI:25676,related,direct,oligopeptido,II-Medical-8B,-1,undefined
CHEBI:25693,related,direct,organic heteromonocyclic compounds,II-Medical-8B,-1,undefined
CHEBI:25696,related,direct,organic anions,II-Medical-8B,-1,undefined
CHEBI:25697,related,direct,organic cations,II-Medical-8B,-1,undefined
CHEBI:25698,exact,direct,ether,II-Medical-8B,-1,undefined
CHEBI:25698,exact,direct,ethers,II-Medical-8B,-1,undefined
CHEBI:25698,related,direct,ethers,II-Medical-8B,-1,undefined
CHEBI:25699,related,direct,organic ions,II-Medical-8B,-1,undefined
CHEBI:25701,related,direct,organic oxides,II-Medical-8B,-1,undefined
CHEBI:25703,exact,direct,organic phosphate,II-Medical-8B,-1,undefined
CHEBI:25703,related,direct,organic phosphate ester,II-Medical-8B,-1,undefined
CHEBI:25703,related,direct,organic phosphate esters,II-Medical-8B,-1,undefined
CHEBI:25703,related,direct,organic phosphates,II-Medical-8B,-1,undefined
CHEBI:25703,related,direct,organophosphate ester,II-Medical-8B,-1,undefined
CHEBI:25703,related,direct,organophosphate esters,II-Medical-8B,-1,undefined
CHEBI:25704,related,direct,organic sulfates,II-Medical-8B,-1,undefined
CHEBI:2571,exact,direct,Aliphatic alcohol,II-Medical-8B,-1,undefined
CHEBI:2571,related,direct,aliphatic alcohols,II-Medical-8B,-1,undefined
CHEBI:2571,related,direct,an aliphatic alcohol,II-Medical-8B,-1,undefined
CHEBI:25710,exact,direct,organophosphorus compound,II-Medical-8B,-1,exact
CHEBI:25710,related,direct,organophosphorus compounds,II-Medical-8B,-1,undefined
CHEBI:25728,related,direct,osmolytes,II-Medical-8B,-1,undefined
CHEBI:25741,exact,direct,oxide,II-Medical-8B,-1,undefined
CHEBI:25741,related,direct,oxides,II-Medical-8B,-1,undefined
CHEBI:25754,exact,direct,oxo carboxylic acids,II-Medical-8B,-1,undefined
CHEBI:25754,related,direct,oxo acids,II-Medical-8B,-1,undefined
CHEBI:25754,related,direct,oxo carboxylic acids,II-Medical-8B,-1,exact
CHEBI:25798,exact,direct,oxopentanoate,II-Medical-8B,-1,exact
CHEBI:25799,exact,direct,oxopentanoic acid,II-Medical-8B,-1,undefined
CHEBI:25799,related,direct,oxovaleric acid,II-Medical-8B,-1,undefined
CHEBI:25801,exact,direct,oxoproline,II-Medical-8B,-1,undefined
CHEBI:25805,exact,direct,oxygen,II-Medical-8B,-1,undefined
CHEBI:25805,related,direct,8O,II-Medical-8B,-1,undefined
CHEBI:25805,related,direct,O,II-Medical-8B,-1,undefined
CHEBI:25805,related,direct,Sauerstoff,II-Medical-8B,-1,undefined
CHEBI:25805,related,direct,oxigeno,II-Medical-8B,-1,undefined
CHEBI:25805,related,direct,oxygen,II-Medical-8B,-1,undefined
CHEBI:25805,related,direct,oxygene,II-Medical-8B,-1,undefined
CHEBI:25806,exact,direct,oxygen molecular entity,II-Medical-8B,-1,exact
CHEBI:25806,related,direct,oxygen molecular entities,II-Medical-8B,-1,undefined
CHEBI:25810,related,direct,oxopurines,II-Medical-8B,-1,exact
CHEBI:25830,related,direct,p-quinone,II-Medical-8B,-1,undefined
CHEBI:25830,related,direct,para-quinones,II-Medical-8B,-1,undefined
CHEBI:25899,exact,direct,pentitol,II-Medical-8B,-1,exact
CHEBI:25899,related,direct,pentitols,II-Medical-8B,-1,undefined
CHEBI:25901,exact,direct,pentose,II-Medical-8B,-1,undefined
CHEBI:25901,related,direct,pentoses,II-Medical-8B,-1,exact
CHEBI:25905,related,direct,peptide hormones,II-Medical-8B,-1,undefined
CHEBI:25905,related,direct,polypeptide hormone,II-Medical-8B,-1,undefined
CHEBI:26020,exact,direct,phosphates,II-Medical-8B,-1,undefined
CHEBI:26020,related,direct,phosphates,II-Medical-8B,-1,undefined
CHEBI:26051,related,direct,phosphoamino acids,II-Medical-8B,-1,undefined
CHEBI:26078,exact,direct,Phosphoric acid,II-Medical-8B,-1,undefined
CHEBI:26078,exact,direct,phosphoric acid,II-Medical-8B,-1,undefined
CHEBI:26078,exact,direct,tetraoxophosphoric acid,II-Medical-8B,-1,exact
CHEBI:26078,exact,direct,trihydrogen tetraoxophosphate(3-),II-Medical-8B,-1,exact
CHEBI:26078,exact,direct,trihydroxidooxidophosphorus,II-Medical-8B,-1,undefined
CHEBI:26078,related,direct,H3PO4,II-Medical-8B,-1,exact
CHEBI:26078,related,direct,Orthophosphoric acid,II-Medical-8B,-1,undefined
CHEBI:26078,related,direct,Phosphate,II-Medical-8B,-1,undefined
CHEBI:26078,related,direct,Phosphorsaeure,II-Medical-8B,-1,undefined
CHEBI:26078,related,direct,Phosphorsaeureloesungen,II-Medical-8B,-1,undefined
CHEBI:26078,related,direct,[PO(OH)3],II-Medical-8B,-1,undefined
CHEBI:26078,related,direct,acide phosphorique,II-Medical-8B,-1,undefined
CHEBI:26078,related,direct,acidum phosphoricum,II-Medical-8B,-1,exact
CHEBI:26078,related,direct,orthophosphoric acid,II-Medical-8B,-1,undefined
CHEBI:26082,related,direct,phosphorus molecular entities,II-Medical-8B,-1,undefined
CHEBI:26124,related,direct,phytosteroids,II-Medical-8B,-1,undefined
CHEBI:26130,related,direct,pigments,II-Medical-8B,-1,undefined
CHEBI:26148,related,direct,piperidinemonocarboxylic acids,II-Medical-8B,-1,exact
CHEBI:26155,related,direct,plant growth regulators,II-Medical-8B,-1,undefined
CHEBI:26167,exact,direct,polar amino acid,II-Medical-8B,-1,undefined
CHEBI:26167,related,direct,polar amino acids,II-Medical-8B,-1,undefined
CHEBI:26167,related,direct,polar amino-acid,II-Medical-8B,-1,undefined
CHEBI:26167,related,direct,polar amino-acids,II-Medical-8B,-1,undefined
CHEBI:26191,related,direct,polyols,II-Medical-8B,-1,undefined
CHEBI:26199,related,direct,polyprenols,II-Medical-8B,-1,undefined
CHEBI:26208,related,direct,PUFA,II-Medical-8B,-1,undefined
CHEBI:26208,related,direct,PUFAs,II-Medical-8B,-1,undefined
CHEBI:26208,related,direct,polyunsaturated fatty acids,II-Medical-8B,-1,undefined
CHEBI:26214,exact,direct,porphyrins,II-Medical-8B,-1,exact
CHEBI:26216,exact,direct,potassium,II-Medical-8B,-1,undefined
CHEBI:26216,related,direct,19K,II-Medical-8B,-1,undefined
CHEBI:26216,related,direct,K,II-Medical-8B,-1,undefined
CHEBI:26216,related,direct,Kalium,II-Medical-8B,-1,undefined
CHEBI:26216,related,direct,kalium,II-Medical-8B,-1,undefined
CHEBI:26216,related,direct,potasio,II-Medical-8B,-1,undefined
CHEBI:26216,related,direct,potassium,II-Medical-8B,-1,undefined
CHEBI:26244,exact,direct,prenols,II-Medical-8B,-1,undefined
CHEBI:26271,exact,direct,proline,II-Medical-8B,-1,undefined
CHEBI:26271,related,direct,DL-Proline,II-Medical-8B,-1,undefined
CHEBI:26271,related,direct,Hpro,II-Medical-8B,-1,undefined
CHEBI:26271,related,direct,Prolin,II-Medical-8B,-1,undefined
CHEBI:26271,related,direct,prolina,II-Medical-8B,-1,undefined
CHEBI:26271,related,direct,pyrrolidine-2-carboxylic acid,II-Medical-8B,-1,undefined
CHEBI:26273,related,direct,proline derivatives,II-Medical-8B,-1,undefined
CHEBI:26333,exact,direct,prostaglandin,II-Medical-8B,-1,exact
CHEBI:26333,exact,direct,prostaglandins,II-Medical-8B,-1,exact
CHEBI:26333,related,direct,prostaglandins,II-Medical-8B,-1,undefined
CHEBI:26338,related,direct,PGE,II-Medical-8B,-1,undefined
CHEBI:26347,exact,direct,prostanoid,II-Medical-8B,-1,exact
CHEBI:26347,exact,direct,prostanoids,II-Medical-8B,-1,undefined
CHEBI:26347,related,direct,prostanoids,II-Medical-8B,-1,undefined
CHEBI:26348,exact,direct,prosthetic group,II-Medical-8B,-1,undefined
CHEBI:26348,related,direct,groupe prosthetique,II-Medical-8B,-1,undefined
CHEBI:26348,related,direct,prosthetic groups,II-Medical-8B,-1,undefined
CHEBI:26386,exact,direct,purine nucleobase,II-Medical-8B,-1,exact
CHEBI:26386,related,direct,a purine nucleobase,II-Medical-8B,-1,undefined
CHEBI:26386,related,direct,purine bases,II-Medical-8B,-1,undefined
CHEBI:26386,related,direct,purine nucleobases,II-Medical-8B,-1,undefined
CHEBI:26394,exact,direct,purine nucleoside,II-Medical-8B,-1,exact
CHEBI:26394,related,direct,purine nucleosides,II-Medical-8B,-1,undefined
CHEBI:26399,related,direct,purine ribonucleosides,II-Medical-8B,-1,undefined
CHEBI:26432,exact,direct,pyrimidine nucleobase,II-Medical-8B,-1,undefined
CHEBI:26432,related,direct,a pyrimidine nucleobase,II-Medical-8B,-1,undefined
CHEBI:26432,related,direct,pyrimidine bases,II-Medical-8B,-1,undefined
CHEBI:26432,related,direct,pyrimidine nucleobases,II-Medical-8B,-1,undefined
CHEBI:26440,related,direct,N-D-Ribosylpyrimidine,II-Medical-8B,-1,undefined
CHEBI:26440,related,direct,pyrimidine nucleosides,II-Medical-8B,-1,undefined
CHEBI:26447,related,direct,pyrimidinemonocarboxylic acids,II-Medical-8B,-1,undefined
CHEBI:26456,related,direct,pyrrolidine alkaloids,II-Medical-8B,-1,undefined
CHEBI:26463,related,direct,pyruvate family amino acids,II-Medical-8B,-1,undefined
CHEBI:26537,exact,direct,retinoid,II-Medical-8B,-1,undefined
CHEBI:26537,exact,direct,retinoids,II-Medical-8B,-1,undefined
CHEBI:26537,related,direct,retinoids,II-Medical-8B,-1,undefined
CHEBI:26607,exact,direct,saturated fatty acid,II-Medical-8B,-1,undefined
CHEBI:26607,related,direct,SFA,II-Medical-8B,-1,undefined
CHEBI:26607,related,direct,SFAs,II-Medical-8B,-1,undefined
CHEBI:26607,related,direct,saturated fatty acids,II-Medical-8B,-1,undefined
CHEBI:26649,related,direct,serine derivatives,II-Medical-8B,-1,undefined
CHEBI:26650,related,direct,3-phosphoglycerate family amino acid,II-Medical-8B,-1,undefined
CHEBI:26650,related,direct,3-phosphoglycerate family amino acids,II-Medical-8B,-1,undefined
CHEBI:26650,related,direct,serine family amino acids,II-Medical-8B,-1,exact
CHEBI:26658,related,direct,sesquiterpenoides,II-Medical-8B,-1,undefined
CHEBI:26658,related,direct,sesquiterpenoids,II-Medical-8B,-1,undefined
CHEBI:26666,related,direct,SCFA,II-Medical-8B,-1,undefined
CHEBI:26666,related,direct,SCFAs,II-Medical-8B,-1,exact
CHEBI:26666,related,direct,short-chain fatty acids,II-Medical-8B,-1,undefined
CHEBI:26667,related,direct,Sialsaeure,II-Medical-8B,-1,undefined
CHEBI:26667,related,direct,Sialsaeuren,II-Medical-8B,-1,undefined
CHEBI:26667,related,direct,acide sialique,II-Medical-8B,-1,exact
CHEBI:26667,related,direct,acides sialique,II-Medical-8B,-1,undefined
CHEBI:26667,related,direct,sialic acids,II-Medical-8B,-1,exact
CHEBI:26708,exact,direct,sodium,II-Medical-8B,-1,undefined
CHEBI:26708,related,direct,11Na,II-Medical-8B,-1,undefined
CHEBI:26708,related,direct,Na,II-Medical-8B,-1,undefined
CHEBI:26708,related,direct,Natrium,II-Medical-8B,-1,exact
CHEBI:26708,related,direct,natrium,II-Medical-8B,-1,undefined
CHEBI:26708,related,direct,sodio,II-Medical-8B,-1,undefined
CHEBI:26708,related,direct,sodium,II-Medical-8B,-1,undefined
CHEBI:26712,related,direct,sodium compounds,II-Medical-8B,-1,undefined
CHEBI:26712,related,direct,sodium molecular entities,II-Medical-8B,-1,undefined
CHEBI:26714,related,direct,Natriumsalz,II-Medical-8B,-1,undefined
CHEBI:26714,related,direct,Natriumsalze,II-Medical-8B,-1,undefined
CHEBI:26714,related,direct,sodium salts,II-Medical-8B,-1,undefined
CHEBI:26725,related,direct,glucitol phosphates,II-Medical-8B,-1,undefined
CHEBI:26725,related,direct,sorbitol phosphate,II-Medical-8B,-1,undefined
CHEBI:26739,related,direct,sphingolipids,II-Medical-8B,-1,undefined
CHEBI:26764,related,direct,Steroidhormon,II-Medical-8B,-1,undefined
CHEBI:26764,related,direct,Steroidhormone,II-Medical-8B,-1,undefined
CHEBI:26764,related,direct,hormona esteroide,II-Medical-8B,-1,undefined
CHEBI:26764,related,direct,hormonas esteroideas,II-Medical-8B,-1,undefined
CHEBI:26764,related,direct,hormone steroide,II-Medical-8B,-1,exact
CHEBI:26764,related,direct,hormones steroides,II-Medical-8B,-1,undefined
CHEBI:26764,related,direct,steroid hormones,II-Medical-8B,-1,undefined
CHEBI:26773,exact,direct,stigmastane,II-Medical-8B,-1,exact
CHEBI:26806,related,direct,succinate anion,II-Medical-8B,-1,exact
CHEBI:26806,related,direct,succinates,II-Medical-8B,-1,undefined
CHEBI:26806,related,direct,succinic acid anion,II-Medical-8B,-1,undefined
CHEBI:26816,related,direct,carbohydrate phosphates,II-Medical-8B,-1,undefined
CHEBI:26819,related,direct,sulfate ester,II-Medical-8B,-1,undefined
CHEBI:26819,related,direct,sulfuric acid ester,II-Medical-8B,-1,undefined
CHEBI:26819,related,direct,sulfuric acid esters,II-Medical-8B,-1,undefined
CHEBI:26820,exact,direct,sulfates,II-Medical-8B,-1,exact
CHEBI:26820,related,direct,sulfuric acid derivative,II-Medical-8B,-1,undefined
CHEBI:26820,related,direct,sulphates,II-Medical-8B,-1,undefined
CHEBI:26822,related,direct,sulphides,II-Medical-8B,-1,undefined
CHEBI:26833,exact,direct,sulfur,II-Medical-8B,-1,exact
CHEBI:26833,related,direct,16S,II-Medical-8B,-1,undefined
CHEBI:26833,related,direct,Elemental sulfur,II-Medical-8B,-1,undefined
CHEBI:26833,related,direct,S,II-Medical-8B,-1,undefined
CHEBI:26833,related,direct,Schwefel,II-Medical-8B,-1,exact
CHEBI:26833,related,direct,azufre,II-Medical-8B,-1,undefined
CHEBI:26833,related,direct,soufre,II-Medical-8B,-1,undefined
CHEBI:26833,related,direct,sulfur,II-Medical-8B,-1,exact
CHEBI:26833,related,direct,sulphur,II-Medical-8B,-1,undefined
CHEBI:26833,related,direct,theion,II-Medical-8B,-1,exact
CHEBI:26834,related,direct,sulfur-containing amino acids,II-Medical-8B,-1,undefined
CHEBI:26835,exact,direct,sulfur molecular entity,II-Medical-8B,-1,undefined
CHEBI:26835,related,direct,sulfur molecular entities,II-Medical-8B,-1,undefined
CHEBI:26836,exact,direct,Sulfuric acid,II-Medical-8B,-1,undefined
CHEBI:26836,exact,direct,dihydrogen tetraoxosulfate,II-Medical-8B,-1,exact
CHEBI:26836,exact,direct,dihydroxidodioxidosulfur,II-Medical-8B,-1,undefined
CHEBI:26836,exact,direct,hydrogen tetraoxosulfate(2-),II-Medical-8B,-1,exact
CHEBI:26836,exact,direct,hydrogen tetraoxosulfate(VI),II-Medical-8B,-1,undefined
CHEBI:26836,exact,direct,sulfuric acid,II-Medical-8B,-1,undefined
CHEBI:26836,exact,direct,tetraoxosulfuric acid,II-Medical-8B,-1,undefined
CHEBI:26836,related,direct,Acide sulfurique,II-Medical-8B,-1,exact
CHEBI:26836,related,direct,Acido sulfurico,II-Medical-8B,-1,undefined
CHEBI:26836,related,direct,Acidum sulfuricum,II-Medical-8B,-1,undefined
CHEBI:26836,related,direct,H2SO4,II-Medical-8B,-1,exact
CHEBI:26836,related,direct,Schwefelsaeureloesungen,II-Medical-8B,-1,undefined
CHEBI:26836,related,direct,[S(OH)2O2],II-Medical-8B,-1,undefined
CHEBI:26836,related,direct,[SO2(OH)2],II-Medical-8B,-1,undefined
CHEBI:26836,related,direct,sulphuric acid,II-Medical-8B,-1,undefined
CHEBI:26873,exact,direct,Terpenoid,II-Medical-8B,-1,undefined
CHEBI:26873,exact,direct,terpenoids,II-Medical-8B,-1,undefined
CHEBI:26873,related,direct,terpenoide,II-Medical-8B,-1,undefined
CHEBI:26873,related,direct,terpenoides,II-Medical-8B,-1,undefined
CHEBI:26878,exact,direct,tertiary alcohol,II-Medical-8B,-1,undefined
CHEBI:26878,related,direct,tertiary alcohols,II-Medical-8B,-1,undefined
CHEBI:26907,related,direct,tetrahydrofolate,II-Medical-8B,-1,undefined
CHEBI:26907,related,direct,tetrahydrofolates,II-Medical-8B,-1,undefined
CHEBI:26907,related,direct,tetrahydrofolic acids,II-Medical-8B,-1,undefined
CHEBI:26932,exact,direct,tetrapyrrole,II-Medical-8B,-1,exact
CHEBI:26932,exact,direct,tetrapyrroles,II-Medical-8B,-1,undefined
CHEBI:26932,related,direct,a tetrapyrrole,II-Medical-8B,-1,undefined
CHEBI:26935,exact,direct,tetraterpenoids,II-Medical-8B,-1,undefined
CHEBI:26935,related,direct,C40 isoprenoids,II-Medical-8B,-1,undefined
CHEBI:26935,related,direct,tetraterpenoides,II-Medical-8B,-1,exact
CHEBI:26977,related,direct,ester of thiosulfuric acid,II-Medical-8B,-1,undefined
CHEBI:26977,related,direct,esters of thiosulfuric acid,II-Medical-8B,-1,undefined
CHEBI:26977,related,direct,thiosulfate ester,II-Medical-8B,-1,undefined
CHEBI:26977,related,direct,thiosulfate esters,II-Medical-8B,-1,undefined
CHEBI:26977,related,direct,thiosulfates,II-Medical-8B,-1,undefined
CHEBI:26977,related,direct,thiosulphate,II-Medical-8B,-1,undefined
CHEBI:26977,related,direct,thiosulphates,II-Medical-8B,-1,undefined
CHEBI:26981,exact,direct,"rel-(2R,3R)-butane-1,2,3,4-tetrol",II-Medical-8B,-1,undefined
CHEBI:26981,related,direct,"(R*,R*)-1,2,3,4-butanetetrol",II-Medical-8B,-1,undefined
CHEBI:26981,related,direct,threo-tetritol,II-Medical-8B,-1,undefined
CHEBI:26986,exact,direct,threonine,II-Medical-8B,-1,exact
CHEBI:26986,related,direct,Threonin,II-Medical-8B,-1,undefined
CHEBI:27026,exact,direct,toxin,II-Medical-8B,-1,undefined
CHEBI:27026,related,direct,toxins,II-Medical-8B,-1,undefined
CHEBI:27027,related,direct,micronutrients,II-Medical-8B,-1,undefined
CHEBI:27027,related,direct,trace elements,II-Medical-8B,-1,undefined
CHEBI:27081,exact,direct,transition element,II-Medical-8B,-1,undefined
CHEBI:27081,related,direct,Uebergangselement,II-Medical-8B,-1,undefined
CHEBI:27081,related,direct,Uebergangsmetalle,II-Medical-8B,-1,undefined
CHEBI:27081,related,direct,metal de transicion,II-Medical-8B,-1,undefined
CHEBI:27081,related,direct,metal de transition,II-Medical-8B,-1,undefined
CHEBI:27081,related,direct,metales de transicion,II-Medical-8B,-1,undefined
CHEBI:27081,related,direct,metaux de transition,II-Medical-8B,-1,undefined
CHEBI:27081,related,direct,transition element,II-Medical-8B,-1,undefined
CHEBI:27081,related,direct,transition elements,II-Medical-8B,-1,undefined
CHEBI:27081,related,direct,transition metal,II-Medical-8B,-1,undefined
CHEBI:27081,related,direct,transition metals,II-Medical-8B,-1,undefined
CHEBI:27092,related,direct,tricarboxylate,II-Medical-8B,-1,undefined
CHEBI:27092,related,direct,tricarboxylates,II-Medical-8B,-1,undefined
CHEBI:27092,related,direct,tricarboxylic acid trianions,II-Medical-8B,-1,undefined
CHEBI:27093,related,direct,Tricarbonsaeure,II-Medical-8B,-1,undefined
CHEBI:27093,related,direct,Trikarbonsaeure,II-Medical-8B,-1,undefined
CHEBI:27093,related,direct,tricarboxylic acids,II-Medical-8B,-1,undefined
CHEBI:27136,related,direct,triols,II-Medical-8B,-1,undefined
CHEBI:27150,related,direct,trisaccharides,II-Medical-8B,-1,undefined
CHEBI:27171,related,direct,heterobicyclic compounds,II-Medical-8B,-1,undefined
CHEBI:27171,related,direct,organic heterobicyclic compounds,II-Medical-8B,-1,undefined
CHEBI:27207,related,direct,univalent acyl group,II-Medical-8B,-1,undefined
CHEBI:27207,related,direct,univalent carboacyl groups,II-Medical-8B,-1,undefined
CHEBI:27207,related,direct,univalent carboxylic acyl groups,II-Medical-8B,-1,undefined
CHEBI:27208,related,direct,alkene acid,II-Medical-8B,-1,undefined
CHEBI:27208,related,direct,olefinic acid,II-Medical-8B,-1,undefined
CHEBI:27208,related,direct,unsaturated fatty acids,II-Medical-8B,-1,undefined
CHEBI:27216,related,direct,urate dianion,II-Medical-8B,-1,undefined
CHEBI:27226,related,direct,uric acids,II-Medical-8B,-1,undefined
CHEBI:27247,exact,direct,3-(1H-imidazol-4-yl)prop-2-enoate,II-Medical-8B,-1,exact
CHEBI:27247,exact,direct,urocanate,II-Medical-8B,-1,exact
CHEBI:27248,exact,direct,3-(1H-imidazol-4-yl)prop-2-enoic acid,II-Medical-8B,-1,undefined
CHEBI:27248,related,direct,3-(1H-imidazol-4-yl)-2-propenoic acid,II-Medical-8B,-1,undefined
CHEBI:27248,related,direct,3-imidazol-4-ylacrylic acid,II-Medical-8B,-1,undefined
CHEBI:27266,exact,direct,valine,II-Medical-8B,-1,undefined
CHEBI:27266,related,direct,2-amino-3-methylbutanoic acid,II-Medical-8B,-1,undefined
CHEBI:27266,related,direct,DL-valine,II-Medical-8B,-1,exact
CHEBI:27266,related,direct,Hval,II-Medical-8B,-1,undefined
CHEBI:27266,related,direct,Valin,II-Medical-8B,-1,undefined
CHEBI:27266,related,direct,valina,II-Medical-8B,-1,undefined
CHEBI:27283,related,direct,VLCFA,II-Medical-8B,-1,exact
CHEBI:27283,related,direct,VLCFAs,II-Medical-8B,-1,undefined
CHEBI:27283,related,direct,higher fatty acid,II-Medical-8B,-1,undefined
CHEBI:27283,related,direct,very long-chain fatty acids,II-Medical-8B,-1,undefined
CHEBI:27300,related,direct,D vitamins,II-Medical-8B,-1,undefined
CHEBI:27300,related,direct,vitamin D vitamer,II-Medical-8B,-1,undefined
CHEBI:27300,related,direct,vitamin D vitamers,II-Medical-8B,-1,undefined
CHEBI:27300,related,direct,vitamin Ds,II-Medical-8B,-1,undefined
CHEBI:27300,related,direct,vitamins D,II-Medical-8B,-1,undefined
CHEBI:27311,related,direct,essential oil component,II-Medical-8B,-1,undefined
CHEBI:27311,related,direct,essential oil components,II-Medical-8B,-1,undefined
CHEBI:27311,related,direct,ethereal oil component,II-Medical-8B,-1,undefined
CHEBI:27311,related,direct,ethereal oil components,II-Medical-8B,-1,undefined
CHEBI:27311,related,direct,volatile oil components,II-Medical-8B,-1,exact
CHEBI:27314,related,direct,wasserloesliche Vitamine,II-Medical-8B,-1,undefined
CHEBI:27314,related,direct,water-soluble vitamin,II-Medical-8B,-1,undefined
CHEBI:27314,related,direct,water-soluble vitamins,II-Medical-8B,-1,undefined
CHEBI:27325,exact,direct,xanthophylls,II-Medical-8B,-1,undefined
CHEBI:27325,related,direct,xanthophylls,II-Medical-8B,-1,exact
CHEBI:27363,exact,direct,zinc,II-Medical-8B,-1,undefined
CHEBI:27363,related,direct,30Zn,II-Medical-8B,-1,undefined
CHEBI:27363,related,direct,Zink,II-Medical-8B,-1,undefined
CHEBI:27363,related,direct,Zn,II-Medical-8B,-1,undefined
CHEBI:27363,related,direct,Zn(II),II-Medical-8B,-1,undefined
CHEBI:27363,related,direct,Zn2+,II-Medical-8B,-1,undefined
CHEBI:27363,related,direct,cinc,II-Medical-8B,-1,undefined
CHEBI:27363,related,direct,zinc,II-Medical-8B,-1,undefined
CHEBI:27363,related,direct,zincum,II-Medical-8B,-1,undefined
CHEBI:27369,exact,direct,zwitterion,II-Medical-8B,-1,exact
CHEBI:27369,exact,direct,zwitterions,II-Medical-8B,-1,undefined
CHEBI:27369,related,direct,compose zwitterionique,II-Medical-8B,-1,undefined
CHEBI:27369,related,direct,compuestos zwitterionicos,II-Medical-8B,-1,undefined
CHEBI:27369,related,direct,zwitteriones,II-Medical-8B,-1,undefined
CHEBI:27369,related,direct,zwitterionic compounds,II-Medical-8B,-1,undefined
CHEBI:27389,exact,direct,3-amino-2-methylpropanoic acid,II-Medical-8B,-1,undefined
CHEBI:27389,exact,direct,3-aminoisobutyric acid,II-Medical-8B,-1,exact
CHEBI:27389,related,direct,2-(aminomethyl)propionic acid,II-Medical-8B,-1,exact
CHEBI:27389,related,direct,2-Methyl-beta-alanine,II-Medical-8B,-1,undefined
CHEBI:27389,related,direct,3-Amino-2-methylpropanoate,II-Medical-8B,-1,undefined
CHEBI:27389,related,direct,3-Aminoisobutanoate,II-Medical-8B,-1,undefined
CHEBI:27389,related,direct,3-Aminoisobutanoic acid,II-Medical-8B,-1,undefined
CHEBI:27389,related,direct,BAIB,II-Medical-8B,-1,exact
CHEBI:27389,related,direct,DL-beta-aminoisobutyric acid,II-Medical-8B,-1,undefined
CHEBI:27389,related,direct,alpha-Methyl-beta-alanine,II-Medical-8B,-1,undefined
CHEBI:27389,related,direct,bAib,II-Medical-8B,-1,undefined
CHEBI:27389,related,direct,beta-aminoisobutyric acid,II-Medical-8B,-1,undefined
CHEBI:27468,exact,direct,"5,6-Dihydrothymine",II-Medical-8B,-1,undefined
CHEBI:27468,exact,direct,"5,6-dihydrothymine",II-Medical-8B,-1,exact
CHEBI:27468,exact,direct,"5-methyldihydropyrimidine-2,4(1H,3H)-dione",II-Medical-8B,-1,exact
CHEBI:27468,related,direct,"5,6-Dihydro-5-methyluracil",II-Medical-8B,-1,undefined
CHEBI:27468,related,direct,"5-Methyl-5,6-dihydrouracil",II-Medical-8B,-1,undefined
CHEBI:27468,related,direct,Dihydrothymine,II-Medical-8B,-1,undefined
CHEBI:27470,exact,direct,"N-(4-{[(2-amino-4-oxo-3,4-dihydropteridin-6-yl)methyl]amino}benzoyl)-L-glutamic acid",II-Medical-8B,-1,undefined
CHEBI:27470,related,direct,"(2S)-2-(4-{[(2-amino-4-oxo-3,4-dihydropteridin-6-yl)methyl]amino}benzamido)pentanedioic acid",II-Medical-8B,-1,undefined
CHEBI:27470,related,direct,Acfol,II-Medical-8B,-1,undefined
CHEBI:27470,related,direct,Folate,II-Medical-8B,-1,undefined
CHEBI:27470,related,direct,Folicet,II-Medical-8B,-1,undefined
CHEBI:27470,related,direct,Folsaeure,II-Medical-8B,-1,undefined
CHEBI:27470,related,direct,"N-[(4-{[(2-amino-4-oxo-1,4-dihydropteridin-6-yl)methyl]amino}phenyl)carbonyl]-L-glutamic acid",II-Medical-8B,-1,undefined
CHEBI:27470,related,direct,N-pteroyl-L-glutamic acid,II-Medical-8B,-1,undefined
CHEBI:27470,related,direct,PGA,II-Medical-8B,-1,undefined
CHEBI:27470,related,direct,PteGlu,II-Medical-8B,-1,undefined
CHEBI:27470,related,direct,acide folique,II-Medical-8B,-1,undefined
CHEBI:27470,related,direct,acido folico,II-Medical-8B,-1,undefined
CHEBI:27470,related,direct,acidum folicum,II-Medical-8B,-1,undefined
CHEBI:27470,related,direct,folic acid,II-Medical-8B,-1,undefined
CHEBI:27470,related,direct,pteroyl-L-glutamic acid,II-Medical-8B,-1,undefined
CHEBI:27470,related,direct,pteroyl-L-monoglutamic acid,II-Medical-8B,-1,undefined
CHEBI:27470,related,direct,pteroylglutamic acid,II-Medical-8B,-1,undefined
CHEBI:27470,related,direct,pteroylmonoglutamic acid,II-Medical-8B,-1,undefined
CHEBI:27470,related,direct,vitamin B11,II-Medical-8B,-1,undefined
CHEBI:27470,related,direct,vitamin B9,II-Medical-8B,-1,undefined
CHEBI:27470,related,direct,vitamin Bc,II-Medical-8B,-1,undefined
CHEBI:27470,related,direct,vitamin Be,II-Medical-8B,-1,undefined
CHEBI:27470,related,direct,vitamin M,II-Medical-8B,-1,undefined
CHEBI:27547,exact,direct,"(3R,3'R)-beta,beta-carotene-3,3'-diol",II-Medical-8B,-1,undefined
CHEBI:27547,exact,direct,Zeaxanthin,II-Medical-8B,-1,undefined
CHEBI:27547,related,direct,"(3R,3'R)-dihydroxy-beta,beta-carotene",II-Medical-8B,-1,undefined
CHEBI:27547,related,direct,"all-trans-beta-carotene-3,3'-diol",II-Medical-8B,-1,undefined
CHEBI:27547,related,direct,all-trans-zeaxanthin,II-Medical-8B,-1,undefined
CHEBI:27547,related,direct,anchovyxanthin,II-Medical-8B,-1,undefined
CHEBI:27547,related,direct,"beta,beta-carotene-3,3'-diol",II-Medical-8B,-1,undefined
CHEBI:27570,exact,direct,2-amino-3-(1H-imidazol-4-yl)propanoic acid,II-Medical-8B,-1,undefined
CHEBI:27570,exact,direct,Histidine,II-Medical-8B,-1,undefined
CHEBI:27570,exact,direct,histidine,II-Medical-8B,-1,undefined
CHEBI:27570,related,direct,DL-Histidine,II-Medical-8B,-1,undefined
CHEBI:27570,related,direct,Histidin,II-Medical-8B,-1,undefined
CHEBI:27570,related,direct,alpha-Amino-1H-imidazole-4-propionic acid,II-Medical-8B,-1,exact
CHEBI:27570,related,direct,histidina,II-Medical-8B,-1,undefined
CHEBI:27584,exact,direct,"11beta,21-dihydroxy-3,20-dioxopregn-4-en-18-al",II-Medical-8B,-1,undefined
CHEBI:27584,exact,direct,ALDOSTERONE,II-Medical-8B,-1,exact
CHEBI:27584,exact,direct,Aldosterone,II-Medical-8B,-1,undefined
CHEBI:27584,exact,direct,aldosterone,II-Medical-8B,-1,exact
CHEBI:27584,related,direct,(+)-aldosterone,II-Medical-8B,-1,exact
CHEBI:27584,related,direct,"(11beta)-11,21-dihydroxy-3,20-dioxopregn-4-en-18-al",II-Medical-8B,-1,undefined
CHEBI:27584,related,direct,"11beta,21-Dihydroxy-3,20-dioxo-4-pregnen-18-al",II-Medical-8B,-1,undefined
CHEBI:27594,exact,direct,carbon,II-Medical-8B,-1,undefined
CHEBI:27594,related,direct,6C,II-Medical-8B,-1,undefined
CHEBI:27594,related,direct,C,II-Medical-8B,-1,undefined
CHEBI:27594,related,direct,Carbon,II-Medical-8B,-1,undefined
CHEBI:27594,related,direct,Kohlenstoff,II-Medical-8B,-1,undefined
CHEBI:27594,related,direct,carbon,II-Medical-8B,-1,undefined
CHEBI:27594,related,direct,carbone,II-Medical-8B,-1,undefined
CHEBI:27594,related,direct,carbonium,II-Medical-8B,-1,undefined
CHEBI:27594,related,direct,carbono,II-Medical-8B,-1,undefined
CHEBI:27612,exact,direct,Hydantoin,II-Medical-8B,-1,undefined
CHEBI:27612,exact,direct,"imidazolidine-2,4-dione",II-Medical-8B,-1,undefined
CHEBI:27612,related,direct,"2,4(3H,5H)-imidazoledione",II-Medical-8B,-1,undefined
CHEBI:27612,related,direct,"2,4-imidazolidinedione",II-Medical-8B,-1,undefined
CHEBI:27612,related,direct,Glycolylurea,II-Medical-8B,-1,undefined
CHEBI:27612,related,direct,"imidazole-2,4(3H,5H)-dione",II-Medical-8B,-1,undefined
CHEBI:27622,exact,direct,2-hydroxy-2-(4-hydroxy-3-methoxyphenyl)acetate,II-Medical-8B,-1,undefined
CHEBI:27622,related,direct,3-Methoxy-4-hydroxymandelate,II-Medical-8B,-1,undefined
CHEBI:27622,related,direct,vanilmandelate,II-Medical-8B,-1,undefined
CHEBI:27638,exact,direct,cobalt,II-Medical-8B,-1,undefined
CHEBI:27638,related,direct,27Co,II-Medical-8B,-1,undefined
CHEBI:27638,related,direct,Co,II-Medical-8B,-1,exact
CHEBI:27638,related,direct,Cobalt,II-Medical-8B,-1,undefined
CHEBI:27638,related,direct,Kobalt,II-Medical-8B,-1,undefined
CHEBI:27638,related,direct,cobalt,II-Medical-8B,-1,undefined
CHEBI:27638,related,direct,cobalto,II-Medical-8B,-1,undefined
CHEBI:27638,related,direct,cobaltum,II-Medical-8B,-1,undefined
CHEBI:27693,exact,direct,Sitosterol,II-Medical-8B,-1,undefined
CHEBI:27693,exact,direct,sitosterol,II-Medical-8B,-1,exact
CHEBI:27693,exact,direct,stigmast-5-en-3beta-ol,II-Medical-8B,-1,undefined
CHEBI:27693,related,direct,(-)-beta-Sitosterol,II-Medical-8B,-1,undefined
CHEBI:27693,related,direct,(24R)-Ethylcholest-5-en-3beta-ol,II-Medical-8B,-1,undefined
CHEBI:27693,related,direct,(24R)-Stigmast-5-en-3beta-ol,II-Medical-8B,-1,undefined
CHEBI:27693,related,direct,(3beta)-Stigmast-5-en-3-ol,II-Medical-8B,-1,undefined
CHEBI:27693,related,direct,"22,23-Dihydrostigmasterol",II-Medical-8B,-1,undefined
CHEBI:27693,related,direct,24alpha-Ethylcholesterol,II-Medical-8B,-1,undefined
CHEBI:27693,related,direct,Azuprostat,II-Medical-8B,-1,undefined
CHEBI:27693,related,direct,Cupreol,II-Medical-8B,-1,undefined
CHEBI:27693,related,direct,Nimbosterol,II-Medical-8B,-1,undefined
CHEBI:27693,related,direct,Triastonal,II-Medical-8B,-1,undefined
CHEBI:27693,related,direct,alpha-Dihydrofucosterol,II-Medical-8B,-1,undefined
CHEBI:27693,related,direct,beta-Sitosterin,II-Medical-8B,-1,undefined
CHEBI:27693,related,direct,beta-Sitosterol,II-Medical-8B,-1,undefined
CHEBI:27780,exact,direct,detergent,II-Medical-8B,-1,undefined
CHEBI:27780,related,direct,Detergents,II-Medical-8B,-1,undefined
CHEBI:27891,exact,direct,3-(sulfosulfanyl)-L-alanine,II-Medical-8B,-1,undefined
CHEBI:27891,exact,direct,S-Sulfo-L-cysteine,II-Medical-8B,-1,undefined
CHEBI:27891,related,direct,Cysteine-S-sulfate,II-Medical-8B,-1,undefined
CHEBI:27891,related,direct,Cysteine-S-sulfonate,II-Medical-8B,-1,undefined
CHEBI:27891,related,direct,Cysteinyl-S-sulfonate,II-Medical-8B,-1,undefined
CHEBI:27891,related,direct,Cysteinyl-S-sulfonic acid,II-Medical-8B,-1,undefined
CHEBI:27891,related,direct,L-Cysteine hydrogen sulfate,II-Medical-8B,-1,exact
CHEBI:27891,related,direct,L-cysteine S-sulfate,II-Medical-8B,-1,undefined
CHEBI:27891,related,direct,S-Sulfocysteine,II-Medical-8B,-1,exact
CHEBI:27891,related,direct,S-Sulphocysteine,II-Medical-8B,-1,undefined
CHEBI:27891,related,direct,S-sulfocysteine,II-Medical-8B,-1,undefined
CHEBI:27891,related,direct,S-sulpho-L-cysteine,II-Medical-8B,-1,exact
CHEBI:27897,exact,direct,Tryptophan,II-Medical-8B,-1,undefined
CHEBI:27897,exact,direct,tryptophan,II-Medical-8B,-1,exact
CHEBI:27897,related,direct,2-amino-3-(1H-indol-3-yl)propanoic acid,II-Medical-8B,-1,undefined
CHEBI:27897,related,direct,Htrp,II-Medical-8B,-1,undefined
CHEBI:27897,related,direct,Trp,II-Medical-8B,-1,undefined
CHEBI:27897,related,direct,W,II-Medical-8B,-1,undefined
CHEBI:27897,related,direct,alpha-Amino-beta-(3-indolyl)-propionic acid,II-Medical-8B,-1,undefined
CHEBI:27897,related,direct,alpha-amino-beta-3-indolepropionic acid,II-Medical-8B,-1,undefined
CHEBI:27897,related,direct,beta-3-indolylalanine,II-Medical-8B,-1,undefined
CHEBI:27897,related,direct,triptofano,II-Medical-8B,-1,undefined
CHEBI:27897,related,direct,tryptophane,II-Medical-8B,-1,undefined
CHEBI:28044,exact,direct,2-amino-3-phenylpropanoic acid,II-Medical-8B,-1,undefined
CHEBI:28044,exact,direct,Phenylalanine,II-Medical-8B,-1,undefined
CHEBI:28044,exact,direct,phenylalanine,II-Medical-8B,-1,exact
CHEBI:28044,related,direct,DL-Phenylalanine,II-Medical-8B,-1,undefined
CHEBI:28044,related,direct,F,II-Medical-8B,-1,undefined
CHEBI:28044,related,direct,PHE,II-Medical-8B,-1,undefined
CHEBI:28044,related,direct,Phenylalanin,II-Medical-8B,-1,undefined
CHEBI:28044,related,direct,alpha-Amino-beta-phenylpropionic acid,II-Medical-8B,-1,undefined
CHEBI:28044,related,direct,fenilalanina,II-Medical-8B,-1,undefined
CHEBI:28050,exact,direct,N-(4-aminobutanoyl)histidine,II-Medical-8B,-1,exact
CHEBI:28050,related,direct,N-(4-aminobutyryl)histidine,II-Medical-8B,-1,undefined
CHEBI:28050,related,direct,gamma-Aminobutyryl histidine,II-Medical-8B,-1,undefined
CHEBI:28087,exact,direct,Glycogen,II-Medical-8B,-1,undefined
CHEBI:28087,related,direct,"WURCS=2.0/1,4,3/[a2122h-1a_1-5]/1-1-1-1/a4-b1_b4-c1_b6-d1",II-Medical-8B,-1,undefined
CHEBI:28087,related,direct,animal starch,II-Medical-8B,-1,undefined
CHEBI:28087,related,direct,liver starch,II-Medical-8B,-1,undefined
CHEBI:28115,exact,direct,"Coalpha-[alpha-(5,6-dimethylbenzimidazolyl)]-Cobeta-methylcobamide",II-Medical-8B,-1,undefined
CHEBI:28115,exact,direct,Methylcobalamin,II-Medical-8B,-1,undefined
CHEBI:28115,exact,direct,methylcobalamin,II-Medical-8B,-1,exact
CHEBI:28115,related,direct,CO-METHYLCOBALAMIN,II-Medical-8B,-1,undefined
CHEBI:28115,related,direct,MeCbl,II-Medical-8B,-1,undefined
CHEBI:28115,related,direct,mecobalamin,II-Medical-8B,-1,undefined
CHEBI:28115,related,direct,methylcob(III)alamin,II-Medical-8B,-1,exact
CHEBI:28159,exact,direct,D-Asparagine,II-Medical-8B,-1,undefined
CHEBI:28159,exact,direct,D-asparagine,II-Medical-8B,-1,undefined
CHEBI:28159,related,direct,"(2R)-2,4-diamino-4-oxobutanoic acid",II-Medical-8B,-1,undefined
CHEBI:28159,related,direct,(2R)-2-amino-3-carbamoylpropanoic acid,II-Medical-8B,-1,undefined
CHEBI:28159,related,direct,(R)-2-amino-3-carbamoylpropanoic acid,II-Medical-8B,-1,undefined
CHEBI:28159,related,direct,D-2-aminosuccinamic acid,II-Medical-8B,-1,undefined
CHEBI:28159,related,direct,D-Asparagin,II-Medical-8B,-1,undefined
CHEBI:28159,related,direct,D-aspartic acid beta-amide,II-Medical-8B,-1,undefined
CHEBI:28159,related,direct,DSG,II-Medical-8B,-1,undefined
CHEBI:28260,exact,direct,Galactose,II-Medical-8B,-1,exact
CHEBI:28260,exact,direct,galacto-hexose,II-Medical-8B,-1,undefined
CHEBI:28260,exact,direct,galactose,II-Medical-8B,-1,exact
CHEBI:28260,related,direct,Gal,II-Medical-8B,-1,undefined
CHEBI:28260,related,direct,Galaktose,II-Medical-8B,-1,undefined
CHEBI:28300,exact,direct,Glutamine,II-Medical-8B,-1,undefined
CHEBI:28300,exact,direct,glutamine,II-Medical-8B,-1,undefined
CHEBI:28300,related,direct,"2,5-diamino-5-oxopentanoic acid",II-Medical-8B,-1,undefined
CHEBI:28300,related,direct,2-Aminoglutaramic acid,II-Medical-8B,-1,undefined
CHEBI:28300,related,direct,2-amino-4-carbamoylbutanoic acid,II-Medical-8B,-1,undefined
CHEBI:28300,related,direct,Glutamin,II-Medical-8B,-1,undefined
CHEBI:28300,related,direct,Glutaminsaeure-5-amid,II-Medical-8B,-1,undefined
CHEBI:28300,related,direct,Hgln,II-Medical-8B,-1,undefined
CHEBI:28300,related,direct,glutamic acid gamma-amide,II-Medical-8B,-1,undefined
CHEBI:28358,exact,direct,rac-2-hydroxypropanoic acid,II-Medical-8B,-1,undefined
CHEBI:28358,related,direct,(+-)-2-hydroxypropanoic acid,II-Medical-8B,-1,undefined
CHEBI:28358,related,direct,2-Hydroxypropanoic acid,II-Medical-8B,-1,undefined
CHEBI:28358,related,direct,2-Hydroxypropionic acid,II-Medical-8B,-1,exact
CHEBI:28358,related,direct,E270,II-Medical-8B,-1,undefined
CHEBI:28358,related,direct,Lactic acid,II-Medical-8B,-1,undefined
CHEBI:28358,related,direct,Milchsaeure,II-Medical-8B,-1,undefined
CHEBI:28358,related,direct,alpha-hydroxypropanoic acid,II-Medical-8B,-1,undefined
CHEBI:28358,related,direct,alpha-hydroxypropionic acid,II-Medical-8B,-1,undefined
CHEBI:28383,exact,direct,"alpha,omega-Dicarboxylic acid",II-Medical-8B,-1,exact
CHEBI:28383,related,direct,alpha(omega)-Dicarboxylic acid,II-Medical-8B,-1,undefined
CHEBI:28383,related,direct,"alpha,omega-dicarboxylic acids",II-Medical-8B,-1,undefined
CHEBI:28384,exact,direct,Vitamin K,II-Medical-8B,-1,undefined
CHEBI:28384,related,direct,vitamin K vitamer,II-Medical-8B,-1,undefined
CHEBI:28384,related,direct,vitamin K vitamers,II-Medical-8B,-1,undefined
CHEBI:28384,related,direct,vitamine K,II-Medical-8B,-1,undefined
CHEBI:28384,related,direct,vitamins K,II-Medical-8B,-1,undefined
CHEBI:28425,exact,direct,alpha-Carotene,II-Medical-8B,-1,undefined
CHEBI:28425,exact,direct,alpha-carotene,II-Medical-8B,-1,exact
CHEBI:28425,exact,direct,"beta,epsilon-carotene",II-Medical-8B,-1,undefined
CHEBI:28425,related,direct,all-trans-alpha-carotene,II-Medical-8B,-1,undefined
CHEBI:28484,exact,direct,3-methylbutanoic acid,II-Medical-8B,-1,undefined
CHEBI:28484,exact,direct,ISOVALERIC ACID,II-Medical-8B,-1,undefined
CHEBI:28484,exact,direct,Isovaleric acid,II-Medical-8B,-1,undefined
CHEBI:28484,related,direct,3-Methylbutanoic acid,II-Medical-8B,-1,undefined
CHEBI:28484,related,direct,3-Methylbuttersaeure,II-Medical-8B,-1,exact
CHEBI:28484,related,direct,3-methyl-n-butyric acid,II-Medical-8B,-1,undefined
CHEBI:28484,related,direct,3-methylbutyric acid,II-Medical-8B,-1,undefined
CHEBI:28484,related,direct,Isovalerate,II-Medical-8B,-1,undefined
CHEBI:28484,related,direct,Isovaleriansaeure,II-Medical-8B,-1,undefined
CHEBI:28484,related,direct,beta-methylbutyric acid,II-Medical-8B,-1,undefined
CHEBI:28484,related,direct,delphinic acid,II-Medical-8B,-1,undefined
CHEBI:28484,related,direct,isobutylformic acid,II-Medical-8B,-1,undefined
CHEBI:28484,related,direct,isopentanoic acid,II-Medical-8B,-1,undefined
CHEBI:28484,related,direct,isopropylacetic acid,II-Medical-8B,-1,undefined
CHEBI:28484,related,direct,isovalerianic acid,II-Medical-8B,-1,undefined
CHEBI:28600,exact,direct,"3,7,11-trimethyldodeca-2,6,10-trien-1-ol",II-Medical-8B,-1,undefined
CHEBI:28600,exact,direct,Farnesol,II-Medical-8B,-1,undefined
CHEBI:28600,exact,direct,farnesol,II-Medical-8B,-1,undefined
CHEBI:28600,related,direct,"3,7,11-trimethyl-2,6,10-dodecatrien-1-ol",II-Medical-8B,-1,undefined
CHEBI:28600,related,direct,"3,7,11-trimethyl-2,6,10-dodecatrienol",II-Medical-8B,-1,undefined
CHEBI:28600,related,direct,farnesyl alcohol,II-Medical-8B,-1,undefined
CHEBI:28616,exact,direct,CARBAMIC ACID,II-Medical-8B,-1,undefined
CHEBI:28616,exact,direct,Carbamic acid,II-Medical-8B,-1,undefined
CHEBI:28616,exact,direct,carbamic acid,II-Medical-8B,-1,exact
CHEBI:28616,related,direct,Aminoameisensaeure,II-Medical-8B,-1,undefined
CHEBI:28616,related,direct,Aminoformic acid,II-Medical-8B,-1,exact
CHEBI:28616,related,direct,Carbamate,II-Medical-8B,-1,undefined
CHEBI:28616,related,direct,Carbamidsaeure,II-Medical-8B,-1,undefined
CHEBI:28659,exact,direct,phosphorus,II-Medical-8B,-1,undefined
CHEBI:28659,related,direct,15P,II-Medical-8B,-1,undefined
CHEBI:28659,related,direct,P,II-Medical-8B,-1,undefined
CHEBI:28659,related,direct,Phosphor,II-Medical-8B,-1,undefined
CHEBI:28659,related,direct,Phosphorus,II-Medical-8B,-1,undefined
CHEBI:28659,related,direct,fosforo,II-Medical-8B,-1,undefined
CHEBI:28659,related,direct,phosphore,II-Medical-8B,-1,undefined
CHEBI:28659,related,direct,phosphorus,II-Medical-8B,-1,undefined
CHEBI:28689,exact,direct,3beta-hydroxyandrost-5-en-17-one,II-Medical-8B,-1,undefined
CHEBI:28689,exact,direct,Dehydroepiandrosterone,II-Medical-8B,-1,undefined
CHEBI:28689,related,direct,3-BETA-HYDROXY-5-ANDROSTEN-17-ONE,II-Medical-8B,-1,undefined
CHEBI:28689,related,direct,3beta-Hydroxyandrost-5-en-17-one,II-Medical-8B,-1,undefined
CHEBI:28689,related,direct,3beta-hydroxyandrost-5-en-17-one,II-Medical-8B,-1,undefined
CHEBI:28689,related,direct,DHA,II-Medical-8B,-1,undefined
CHEBI:28689,related,direct,DHEA,II-Medical-8B,-1,undefined
CHEBI:28689,related,direct,Dehydroisoandrosterone,II-Medical-8B,-1,undefined
CHEBI:28689,related,direct,Intrarosa,II-Medical-8B,-1,undefined
CHEBI:28689,related,direct,Prasterone,II-Medical-8B,-1,undefined
CHEBI:28694,exact,direct,copper,II-Medical-8B,-1,undefined
CHEBI:28694,related,direct,29Cu,II-Medical-8B,-1,undefined
CHEBI:28694,related,direct,Copper,II-Medical-8B,-1,undefined
CHEBI:28694,related,direct,Cu,II-Medical-8B,-1,undefined
CHEBI:28694,related,direct,Kupfer,II-Medical-8B,-1,undefined
CHEBI:28694,related,direct,cobre,II-Medical-8B,-1,undefined
CHEBI:28694,related,direct,copper,II-Medical-8B,-1,undefined
CHEBI:28694,related,direct,cuivre,II-Medical-8B,-1,undefined
CHEBI:28694,related,direct,cuprum,II-Medical-8B,-1,undefined
CHEBI:28789,exact,direct,L-Glucitol,II-Medical-8B,-1,undefined
CHEBI:28789,exact,direct,L-glucitol,II-Medical-8B,-1,exact
CHEBI:28789,related,direct,"(2R,3S,4S,5S)-hexane-1,2,3,4,5,6-hexol",II-Medical-8B,-1,undefined
CHEBI:28789,related,direct,D-Gulitol,II-Medical-8B,-1,undefined
CHEBI:28789,related,direct,D-gulitol,II-Medical-8B,-1,undefined
CHEBI:28789,related,direct,L-Sorbitol,II-Medical-8B,-1,undefined
CHEBI:28789,related,direct,L-sorbitol,II-Medical-8B,-1,undefined
CHEBI:28790,exact,direct,3-(2-aminoethyl)-1H-indol-5-ol,II-Medical-8B,-1,undefined
CHEBI:28790,exact,direct,SEROTONIN,II-Medical-8B,-1,exact
CHEBI:28790,exact,direct,Serotonin,II-Medical-8B,-1,undefined
CHEBI:28790,related,direct,3-(2-Aminoethyl)-1H-indol-5-ol,II-Medical-8B,-1,undefined
CHEBI:28790,related,direct,5-HT,II-Medical-8B,-1,undefined
CHEBI:28790,related,direct,5-Hydroxytryptamine,II-Medical-8B,-1,undefined
CHEBI:28790,related,direct,Enteramine,II-Medical-8B,-1,undefined
CHEBI:28790,related,direct,serotonine,II-Medical-8B,-1,undefined
CHEBI:28790,related,direct,thrombocytin,II-Medical-8B,-1,undefined
CHEBI:28790,related,direct,thrombotonin,II-Medical-8B,-1,undefined
CHEBI:28815,exact,direct,Heparan sulfate,II-Medical-8B,-1,undefined
CHEBI:28815,related,direct,Heparan N-sulfate,II-Medical-8B,-1,exact
CHEBI:28815,related,direct,Heparan sulphate,II-Medical-8B,-1,undefined
CHEBI:28815,related,direct,Heparatan sulfate,II-Medical-8B,-1,undefined
CHEBI:28815,related,direct,Heparin monosulfate,II-Medical-8B,-1,undefined
CHEBI:28815,related,direct,Heparin sulfate,II-Medical-8B,-1,undefined
CHEBI:28815,related,direct,Heparitin monosulfate,II-Medical-8B,-1,exact
CHEBI:28815,related,direct,Heparitin sulfate,II-Medical-8B,-1,undefined
CHEBI:28815,related,direct,N-Acetylheparan sulfate,II-Medical-8B,-1,undefined
CHEBI:28838,exact,direct,"(3R,3'R,6'R)-beta,epsilon-carotene-3,3'-diol",II-Medical-8B,-1,undefined
CHEBI:28838,exact,direct,Lutein,II-Medical-8B,-1,undefined
CHEBI:28838,exact,direct,lutein,II-Medical-8B,-1,exact
CHEBI:28838,related,direct,"(3R,3'R,6S)-4,5-DIDEHYDRO-5,6-DIHYDRO-BETA,BETA-CAROTENE-3,3'-DIOL",II-Medical-8B,-1,undefined
CHEBI:28838,related,direct,Bo-Xan,II-Medical-8B,-1,undefined
CHEBI:28838,related,direct,E 161b,II-Medical-8B,-1,undefined
CHEBI:28838,related,direct,Xanthophyll,II-Medical-8B,-1,undefined
CHEBI:28842,exact,direct,Octadecanoic acid,II-Medical-8B,-1,undefined
CHEBI:28842,exact,direct,octadecanoic acid,II-Medical-8B,-1,exact
CHEBI:28842,related,direct,18:0,II-Medical-8B,-1,undefined
CHEBI:28842,related,direct,C18:0,II-Medical-8B,-1,exact
CHEBI:28842,related,direct,CH3-[CH2]16-COOH,II-Medical-8B,-1,undefined
CHEBI:28842,related,direct,Octadecansaeure,II-Medical-8B,-1,undefined
CHEBI:28842,related,direct,Oktadekansaeure,II-Medical-8B,-1,undefined
CHEBI:28842,related,direct,STEARIC ACID,II-Medical-8B,-1,undefined
CHEBI:28842,related,direct,Stearinsaeure,II-Medical-8B,-1,undefined
CHEBI:28842,related,direct,acide octadecanoique,II-Medical-8B,-1,undefined
CHEBI:28842,related,direct,acide stearique,II-Medical-8B,-1,undefined
CHEBI:28842,related,direct,n-octadecanoic acid,II-Medical-8B,-1,undefined
CHEBI:28842,related,direct,octadecoic acid,II-Medical-8B,-1,undefined
CHEBI:28842,related,direct,stearic acid,II-Medical-8B,-1,undefined
CHEBI:28868,exact,direct,Fatty acid anion,II-Medical-8B,-1,undefined
CHEBI:28868,related,direct,Alkanate,II-Medical-8B,-1,undefined
CHEBI:28868,related,direct,Fettsaeureanion,II-Medical-8B,-1,undefined
CHEBI:28868,related,direct,Fettsaeureanionen,II-Medical-8B,-1,undefined
CHEBI:28868,related,direct,a fatty acid,II-Medical-8B,-1,undefined
CHEBI:28868,related,direct,acido graso anionico,II-Medical-8B,-1,undefined
CHEBI:28868,related,direct,acidos grasos anionicos,II-Medical-8B,-1,undefined
CHEBI:28868,related,direct,anion de l'acide gras,II-Medical-8B,-1,undefined
CHEBI:28868,related,direct,fatty acid anions,II-Medical-8B,-1,undefined
CHEBI:28875,exact,direct,Tetradecanoic acid,II-Medical-8B,-1,undefined
CHEBI:28875,exact,direct,myristic acid,II-Medical-8B,-1,undefined
CHEBI:28875,related,direct,1-tetradecanecarboxylic acid,II-Medical-8B,-1,exact
CHEBI:28875,related,direct,14,II-Medical-8B,-1,exact
CHEBI:28875,related,direct,14:0,II-Medical-8B,-1,undefined
CHEBI:28875,related,direct,14:00,II-Medical-8B,-1,exact
CHEBI:28875,related,direct,C14,II-Medical-8B,-1,undefined
CHEBI:28875,related,direct,CH3-[CH2]12-COOH,II-Medical-8B,-1,undefined
CHEBI:28875,related,direct,MYRISTIC ACID,II-Medical-8B,-1,exact
CHEBI:28875,related,direct,Myristic acid,II-Medical-8B,-1,undefined
CHEBI:28875,related,direct,Myristinsaeure,II-Medical-8B,-1,undefined
CHEBI:28875,related,direct,acide tetradecanoique,II-Medical-8B,-1,undefined
CHEBI:28875,related,direct,n-Tetradecan-1-oic acid,II-Medical-8B,-1,undefined
CHEBI:28875,related,direct,n-Tetradecoic acid,II-Medical-8B,-1,exact
CHEBI:28875,related,direct,n-tetradecanoic acid,II-Medical-8B,-1,undefined
CHEBI:28875,related,direct,tetradecoic acid,II-Medical-8B,-1,undefined
CHEBI:28892,exact,direct,ganglioside,II-Medical-8B,-1,exact
CHEBI:28892,exact,direct,sialoglycosphingolipids,II-Medical-8B,-1,undefined
CHEBI:28892,related,direct,gangliosides,II-Medical-8B,-1,undefined
CHEBI:28892,related,direct,sialoglycosphingolipid,II-Medical-8B,-1,undefined
CHEBI:28918,exact,direct,"4-[(1R)-1-hydroxy-2-(methylamino)ethyl]benzene-1,2-diol",II-Medical-8B,-1,undefined
CHEBI:28918,related,direct,(-)-(R)-epinephrine,II-Medical-8B,-1,undefined
CHEBI:28918,related,direct,"(-)-3,4-dihydroxy-alpha-((methylamino)methyl)benzyl alcohol",II-Medical-8B,-1,undefined
CHEBI:28918,related,direct,(-)-adrenaline,II-Medical-8B,-1,undefined
CHEBI:28918,related,direct,(R)-(-)-Adnephrine,II-Medical-8B,-1,undefined
CHEBI:28918,related,direct,(R)-(-)-Adrenaline,II-Medical-8B,-1,undefined
CHEBI:28918,related,direct,(R)-(-)-Epinephrine,II-Medical-8B,-1,undefined
CHEBI:28918,related,direct,(R)-(-)-Epirenamine,II-Medical-8B,-1,undefined
CHEBI:28918,related,direct,(R)-(-)-adrenaline,II-Medical-8B,-1,undefined
CHEBI:28918,related,direct,"4-[(1R)-1-Hydroxy-2-(methylamino)ethyl]-1,2-benzenediol",II-Medical-8B,-1,undefined
CHEBI:28918,related,direct,Adrenalin,II-Medical-8B,-1,undefined
CHEBI:28918,related,direct,Epinephrin,II-Medical-8B,-1,undefined
CHEBI:28918,related,direct,Epipen,II-Medical-8B,-1,undefined
CHEBI:28918,related,direct,Epipen JR,II-Medical-8B,-1,undefined
CHEBI:28918,related,direct,L-Adrenaline,II-Medical-8B,-1,undefined
CHEBI:28918,related,direct,Primatene,II-Medical-8B,-1,undefined
CHEBI:28918,related,direct,adrenaline,II-Medical-8B,-1,undefined
CHEBI:28918,related,direct,epinefrina,II-Medical-8B,-1,undefined
CHEBI:28918,related,direct,epinephrine,II-Medical-8B,-1,undefined
CHEBI:28918,related,direct,epinephrinum,II-Medical-8B,-1,undefined
CHEBI:28918,related,direct,levoepinephrine,II-Medical-8B,-1,undefined
CHEBI:28938,exact,direct,ammonium,II-Medical-8B,-1,exact
CHEBI:28938,exact,direct,azanium,II-Medical-8B,-1,undefined
CHEBI:28938,related,direct,Ammonium(1+),II-Medical-8B,-1,undefined
CHEBI:28938,related,direct,NH4(+),II-Medical-8B,-1,exact
CHEBI:28938,related,direct,NH4+,II-Medical-8B,-1,exact
CHEBI:28938,related,direct,[NH4](+),II-Medical-8B,-1,undefined
CHEBI:28938,related,direct,ammonium cation,II-Medical-8B,-1,undefined
CHEBI:28938,related,direct,ammonium ion,II-Medical-8B,-1,undefined
CHEBI:28940,exact,direct,"(3S,5Z,7E)-9,10-secocholesta-5,7,10(19)-trien-3-ol",II-Medical-8B,-1,undefined
CHEBI:28940,exact,direct,calciol,II-Medical-8B,-1,exact
CHEBI:28940,related,direct,(+)-vitamin D3,II-Medical-8B,-1,undefined
CHEBI:28940,related,direct,"(1S,3Z)-3-[(2E)-2-[(1R,3AR,7AS)-7A-METHYL-1-[(2R)-6-METHYLHEPTAN-2-YL]-2,3,3A,5,6,7-HEXAHYDRO-1H-INDEN-4-YLIDENE]ETHYLIDENE]-4-METHYLIDENE-CYCLOHEXAN-1-OL",II-Medical-8B,-1,undefined
CHEBI:28940,related,direct,"(3beta,5Z,7E)-9,10-secocholesta-5,7,10(19)-trien-3-ol",II-Medical-8B,-1,undefined
CHEBI:28940,related,direct,"(5Z,7E)-(3S)-9,10-secocholesta-5,7,10(19)-trien-3-ol",II-Medical-8B,-1,undefined
CHEBI:28940,related,direct,CC,II-Medical-8B,-1,undefined
CHEBI:28940,related,direct,Cholecalciferol,II-Medical-8B,-1,undefined
CHEBI:28940,related,direct,Delta-D,II-Medical-8B,-1,undefined
CHEBI:28940,related,direct,Vitamin D3,II-Medical-8B,-1,undefined
CHEBI:28940,related,direct,activated 7-dehydrocholesterol,II-Medical-8B,-1,undefined
CHEBI:28940,related,direct,colecalciferol,II-Medical-8B,-1,undefined
CHEBI:28940,related,direct,oleovitamin D3,II-Medical-8B,-1,undefined
CHEBI:28940,related,direct,vitamin D3,II-Medical-8B,-1,undefined
CHEBI:28963,related,direct,Aminosugars,II-Medical-8B,-1,exact
CHEBI:28963,related,direct,amino sugars,II-Medical-8B,-1,undefined
CHEBI:28963,related,direct,aminosugar,II-Medical-8B,-1,undefined
CHEBI:28965,exact,direct,dicarboxylic acid dianion,II-Medical-8B,-1,undefined
CHEBI:28965,related,direct,a dicarboxylate,II-Medical-8B,-1,undefined
CHEBI:28965,related,direct,dicarboxylate,II-Medical-8B,-1,undefined
CHEBI:28965,related,direct,dicarboxylates,II-Medical-8B,-1,undefined
CHEBI:28965,related,direct,dicarboxylic acid dianions,II-Medical-8B,-1,undefined
CHEBI:28976,exact,direct,Carbonic acid,II-Medical-8B,-1,undefined
CHEBI:28976,exact,direct,carbonic acid,II-Medical-8B,-1,exact
CHEBI:28976,exact,direct,dihydroxidooxidocarbon,II-Medical-8B,-1,undefined
CHEBI:28976,related,direct,Dihydrogen carbonate,II-Medical-8B,-1,undefined
CHEBI:28976,related,direct,H2CO3,II-Medical-8B,-1,undefined
CHEBI:28976,related,direct,Koehlensaeure,II-Medical-8B,-1,undefined
CHEBI:28976,related,direct,[CO(OH)2],II-Medical-8B,-1,undefined
CHEBI:29016,exact,direct,Arginine,II-Medical-8B,-1,undefined
CHEBI:29016,exact,direct,arginine,II-Medical-8B,-1,undefined
CHEBI:29016,related,direct,2-Amino-5-guanidinovaleric acid,II-Medical-8B,-1,undefined
CHEBI:29016,related,direct,2-amino-5-(carbamimidamido)pentanoic acid,II-Medical-8B,-1,undefined
CHEBI:29016,related,direct,2-amino-5-guanidinopentanoic acid,II-Medical-8B,-1,undefined
CHEBI:29016,related,direct,Arginin,II-Medical-8B,-1,undefined
CHEBI:29016,related,direct,Harg,II-Medical-8B,-1,undefined
CHEBI:29067,related,direct,a carboxylate,II-Medical-8B,-1,undefined
CHEBI:29067,related,direct,carboxylic acid anions,II-Medical-8B,-1,undefined
CHEBI:29067,related,direct,carboxylic anions,II-Medical-8B,-1,undefined
CHEBI:29101,exact,direct,sodium cation,II-Medical-8B,-1,undefined
CHEBI:29101,exact,direct,sodium(1+),II-Medical-8B,-1,exact
CHEBI:29101,exact,direct,sodium(1+) ion,II-Medical-8B,-1,undefined
CHEBI:29101,exact,direct,sodium(I) cation,II-Medical-8B,-1,undefined
CHEBI:29101,related,direct,Na(+),II-Medical-8B,-1,undefined
CHEBI:29101,related,direct,Na+,II-Medical-8B,-1,undefined
CHEBI:29101,related,direct,SODIUM ION,II-Medical-8B,-1,undefined
CHEBI:29214,exact,direct,hydridohydroxidodioxidosulfur,II-Medical-8B,-1,undefined
CHEBI:29214,exact,direct,sulfonic acid,II-Medical-8B,-1,exact
CHEBI:29214,related,direct,HSHO3,II-Medical-8B,-1,undefined
CHEBI:29214,related,direct,Sulfonsaeure,II-Medical-8B,-1,undefined
CHEBI:29214,related,direct,[SHO2(OH)],II-Medical-8B,-1,undefined
CHEBI:29214,related,direct,acide sulfonique,II-Medical-8B,-1,undefined
CHEBI:29214,related,direct,sulphonic acid,II-Medical-8B,-1,undefined
CHEBI:29256,exact,direct,Thiol,II-Medical-8B,-1,undefined
CHEBI:29256,exact,direct,thiols,II-Medical-8B,-1,undefined
CHEBI:29256,related,direct,Mercaptan,II-Medical-8B,-1,undefined
CHEBI:29256,related,direct,Merkaptan,II-Medical-8B,-1,undefined
CHEBI:29256,related,direct,RSH,II-Medical-8B,-1,exact
CHEBI:29256,related,direct,a thiol,II-Medical-8B,-1,exact
CHEBI:29256,related,direct,mercaptans,II-Medical-8B,-1,undefined
CHEBI:29256,related,direct,thiols,II-Medical-8B,-1,undefined
CHEBI:29337,exact,direct,amide,II-Medical-8B,-1,undefined
CHEBI:29337,exact,direct,azanide,II-Medical-8B,-1,undefined
CHEBI:29337,exact,direct,dihydridonitrate(1-),II-Medical-8B,-1,undefined
CHEBI:29337,related,direct,NH2(-),II-Medical-8B,-1,undefined
CHEBI:29340,exact,direct,azanediide,II-Medical-8B,-1,exact
CHEBI:29340,exact,direct,hydridonitrate(2-),II-Medical-8B,-1,exact
CHEBI:29340,related,direct,NH(2-),II-Medical-8B,-1,exact
CHEBI:29340,related,direct,imide,II-Medical-8B,-1,undefined
CHEBI:29347,related,direct,monocarboxylic acid amides,II-Medical-8B,-1,undefined
CHEBI:29793,exact,direct,dioxidenium,II-Medical-8B,-1,undefined
CHEBI:29793,exact,direct,hydridodioxygen(1+),II-Medical-8B,-1,exact
CHEBI:29793,related,direct,HO2(+),II-Medical-8B,-1,undefined
CHEBI:29793,related,direct,HOO(+),II-Medical-8B,-1,undefined
CHEBI:29793,related,direct,[HO2](+),II-Medical-8B,-1,undefined
CHEBI:29805,exact,direct,glycolate,II-Medical-8B,-1,undefined
CHEBI:29805,exact,direct,hydroxyacetate,II-Medical-8B,-1,undefined
CHEBI:29888,exact,direct,"1,5-dihydrido-2,4-dihydroxido-2,4-dioxido-1,3,5-trioxy-2,4-diphosphy-[5]catena",II-Medical-8B,-1,undefined
CHEBI:29888,exact,direct,Diphosphoric acid,II-Medical-8B,-1,undefined
CHEBI:29888,exact,direct,diphosphoric acid,II-Medical-8B,-1,exact
CHEBI:29888,exact,direct,mu-oxido-bis(dihydroxidooxidophosphorus),II-Medical-8B,-1,undefined
CHEBI:29888,related,direct,Diphosphorsaeure,II-Medical-8B,-1,undefined
CHEBI:29888,related,direct,H4P2O7,II-Medical-8B,-1,exact
CHEBI:29888,related,direct,PYROPHOSPHATE,II-Medical-8B,-1,undefined
CHEBI:29888,related,direct,Pyrophosphate,II-Medical-8B,-1,undefined
CHEBI:29888,related,direct,Pyrophosphoric acid,II-Medical-8B,-1,undefined
CHEBI:29888,related,direct,Pyrophosphorsaeure,II-Medical-8B,-1,undefined
CHEBI:29888,related,direct,[(HO)2P(O)OP(O)(OH)2],II-Medical-8B,-1,undefined
CHEBI:29888,related,direct,acide diphosphorique,II-Medical-8B,-1,undefined
CHEBI:29917,exact,direct,sulfanyl,II-Medical-8B,-1,undefined
CHEBI:29917,exact,direct,thiol,II-Medical-8B,-1,undefined
CHEBI:29917,exact,direct,thiol group,II-Medical-8B,-1,undefined
CHEBI:29917,related,direct,-SH,II-Medical-8B,-1,undefined
CHEBI:29917,related,direct,HS-,II-Medical-8B,-1,undefined
CHEBI:29917,related,direct,Mercaptogruppe,II-Medical-8B,-1,undefined
CHEBI:29917,related,direct,Merkaptogruppe,II-Medical-8B,-1,undefined
CHEBI:29917,related,direct,Sulfhydrylgruppe,II-Medical-8B,-1,undefined
CHEBI:29917,related,direct,Thiolgruppe,II-Medical-8B,-1,undefined
CHEBI:29917,related,direct,mercapto group,II-Medical-8B,-1,undefined
CHEBI:29917,related,direct,sulfhydryl group,II-Medical-8B,-1,undefined
CHEBI:29917,related,direct,sulphydryl group,II-Medical-8B,-1,undefined
CHEBI:29919,exact,direct,hydrogen(sulfide)(1-),II-Medical-8B,-1,undefined
CHEBI:29919,exact,direct,hydrosulfide,II-Medical-8B,-1,undefined
CHEBI:29919,exact,direct,sulfanide,II-Medical-8B,-1,undefined
CHEBI:29919,related,direct,HS anion,II-Medical-8B,-1,undefined
CHEBI:29919,related,direct,HS(-),II-Medical-8B,-1,undefined
CHEBI:29919,related,direct,hydrogen sulfide,II-Medical-8B,-1,undefined
CHEBI:29922,exact,direct,SULFO GROUP,II-Medical-8B,-1,undefined
CHEBI:29922,exact,direct,hydroxydioxo-lambda(6)-sulfanyl,II-Medical-8B,-1,undefined
CHEBI:29922,exact,direct,hydroxysulfonyl,II-Medical-8B,-1,undefined
CHEBI:29922,exact,direct,sulfo,II-Medical-8B,-1,undefined
CHEBI:29922,related,direct,-S(O)2(OH),II-Medical-8B,-1,undefined
CHEBI:29985,exact,direct,L-glutamate(1-),II-Medical-8B,-1,exact
CHEBI:29985,exact,direct,hydrogen L-glutamate,II-Medical-8B,-1,exact
CHEBI:29985,related,direct,(2S)-2-ammoniopentanedioate,II-Medical-8B,-1,exact
CHEBI:29985,related,direct,L-glutamate,II-Medical-8B,-1,undefined
CHEBI:29985,related,direct,L-glutamic acid monoanion,II-Medical-8B,-1,exact
CHEBI:29985,related,direct,"L-glutamic acid, ion(1-)",II-Medical-8B,-1,undefined
CHEBI:29986,exact,direct,D-glutamate(1-),II-Medical-8B,-1,undefined
CHEBI:29986,exact,direct,hydrogen D-glutamate,II-Medical-8B,-1,undefined
CHEBI:29986,related,direct,(2R)-2-ammoniopentanedioate,II-Medical-8B,-1,exact
CHEBI:29986,related,direct,D-glutamate,II-Medical-8B,-1,undefined
CHEBI:29986,related,direct,D-glutamic acid monoanion,II-Medical-8B,-1,undefined
CHEBI:29987,exact,direct,2-aminopentanedioate,II-Medical-8B,-1,undefined
CHEBI:29987,exact,direct,glutamate,II-Medical-8B,-1,undefined
CHEBI:29987,exact,direct,glutamate(2-),II-Medical-8B,-1,undefined
CHEBI:29987,related,direct,glutamic acid dianion,II-Medical-8B,-1,undefined
CHEBI:29988,exact,direct,(2S)-2-aminopentanedioate,II-Medical-8B,-1,undefined
CHEBI:29988,exact,direct,L-glutamate,II-Medical-8B,-1,undefined
CHEBI:29988,exact,direct,L-glutamate(2-),II-Medical-8B,-1,exact
CHEBI:29988,related,direct,L-glutamic acid dianion,II-Medical-8B,-1,undefined
CHEBI:29989,exact,direct,(2R)-2-aminopentanedioate,II-Medical-8B,-1,undefined
CHEBI:29989,exact,direct,D-glutamate,II-Medical-8B,-1,undefined
CHEBI:29989,exact,direct,D-glutamate(2-),II-Medical-8B,-1,undefined
CHEBI:29989,related,direct,D-glutamic acid dianion,II-Medical-8B,-1,undefined
CHEBI:29990,exact,direct,D-aspartate(1-),II-Medical-8B,-1,undefined
CHEBI:29990,exact,direct,hydrogen D-aspartate,II-Medical-8B,-1,exact
CHEBI:29990,related,direct,(2R)-2-ammoniobutanedioate,II-Medical-8B,-1,undefined
CHEBI:29990,related,direct,(2R)-2-ammoniosuccinate,II-Medical-8B,-1,undefined
CHEBI:29990,related,direct,D-aspartate,II-Medical-8B,-1,undefined
CHEBI:29990,related,direct,D-aspartic acid monoanion,II-Medical-8B,-1,undefined
CHEBI:29991,exact,direct,L-aspartate(1-),II-Medical-8B,-1,exact
CHEBI:29991,exact,direct,hydrogen L-aspartate,II-Medical-8B,-1,undefined
CHEBI:29991,related,direct,(2S)-2-ammoniobutanedioate,II-Medical-8B,-1,undefined
CHEBI:29991,related,direct,(2S)-2-ammoniosuccinate,II-Medical-8B,-1,undefined
CHEBI:29991,related,direct,L-aspartate,II-Medical-8B,-1,undefined
CHEBI:29991,related,direct,L-aspartic acid monoanion,II-Medical-8B,-1,undefined
CHEBI:29993,exact,direct,(2S)-2-aminobutanedioate,II-Medical-8B,-1,undefined
CHEBI:29993,exact,direct,L-aspartate,II-Medical-8B,-1,undefined
CHEBI:29993,exact,direct,L-aspartate(2-),II-Medical-8B,-1,exact
CHEBI:29993,related,direct,(2S)-2-aminosuccinate,II-Medical-8B,-1,undefined
CHEBI:29993,related,direct,L-aspartic acid dianion,II-Medical-8B,-1,undefined
CHEBI:29994,exact,direct,(2R)-2-aminobutanedioate,II-Medical-8B,-1,exact
CHEBI:29994,exact,direct,D-aspartate,II-Medical-8B,-1,undefined
CHEBI:29994,exact,direct,D-aspartate(2-),II-Medical-8B,-1,exact
CHEBI:29994,related,direct,(2R)-2-aminosuccinate,II-Medical-8B,-1,exact
CHEBI:29994,related,direct,D-aspartic acid dianion,II-Medical-8B,-1,undefined
CHEBI:29995,exact,direct,2-aminobutanedioate,II-Medical-8B,-1,undefined
CHEBI:29995,exact,direct,aspartate,II-Medical-8B,-1,undefined
CHEBI:29995,exact,direct,aspartate(2-),II-Medical-8B,-1,undefined
CHEBI:29995,related,direct,2-aminosuccinate,II-Medical-8B,-1,undefined
CHEBI:29995,related,direct,aspartic acid dianion,II-Medical-8B,-1,undefined
CHEBI:30089,exact,direct,acetate,II-Medical-8B,-1,undefined
CHEBI:30089,related,direct,ACETATE ION,II-Medical-8B,-1,undefined
CHEBI:30089,related,direct,Azetat,II-Medical-8B,-1,undefined
CHEBI:30089,related,direct,CH3-COO(-),II-Medical-8B,-1,undefined
CHEBI:30089,related,direct,Ethanoat,II-Medical-8B,-1,undefined
CHEBI:30089,related,direct,MeCO2 anion,II-Medical-8B,-1,exact
CHEBI:30089,related,direct,"acetic acid, ion(1-)",II-Medical-8B,-1,undefined
CHEBI:30089,related,direct,ethanoate,II-Medical-8B,-1,undefined
CHEBI:30353,exact,direct,isopropyl,II-Medical-8B,-1,undefined
CHEBI:30353,exact,direct,propan-2-yl,II-Medical-8B,-1,undefined
CHEBI:30353,related,direct,(CH3)2CH-,II-Medical-8B,-1,undefined
CHEBI:30353,related,direct,-CH(CH3)2,II-Medical-8B,-1,undefined
CHEBI:30353,related,direct,1-methylethyl,II-Medical-8B,-1,undefined
CHEBI:30353,related,direct,iPr,II-Medical-8B,-1,undefined
CHEBI:30353,related,direct,valine side-chain,II-Medical-8B,-1,undefined
CHEBI:30356,exact,direct,2-methylpropan-1-ido,II-Medical-8B,-1,undefined
CHEBI:30356,exact,direct,2-methylpropyl,II-Medical-8B,-1,undefined
CHEBI:30356,exact,direct,isobutyl,II-Medical-8B,-1,undefined
CHEBI:30356,related,direct,(CH3)2CH-CH2-,II-Medical-8B,-1,undefined
CHEBI:30356,related,direct,-CH2-CH(CH3)2,II-Medical-8B,-1,undefined
CHEBI:30356,related,direct,iBu,II-Medical-8B,-1,undefined
CHEBI:30356,related,direct,leucine side-chain,II-Medical-8B,-1,undefined
CHEBI:30363,exact,direct,2-methylpropane,II-Medical-8B,-1,exact
CHEBI:30363,exact,direct,isobutane,II-Medical-8B,-1,exact
CHEBI:30363,related,direct,(CH3)2CH-CH3,II-Medical-8B,-1,undefined
CHEBI:30363,related,direct,E943b,II-Medical-8B,-1,undefined
CHEBI:30363,related,direct,R-600a,II-Medical-8B,-1,undefined
CHEBI:30411,exact,direct,COBALAMIN,II-Medical-8B,-1,undefined
CHEBI:30411,exact,direct,"Coalpha-[alpha-(5,6-dimethylbenzimidazolyl)]-cobamide",II-Medical-8B,-1,undefined
CHEBI:30411,exact,direct,cobalamin,II-Medical-8B,-1,exact
CHEBI:30413,exact,direct,heme,II-Medical-8B,-1,undefined
CHEBI:30413,exact,direct,hemes,II-Medical-8B,-1,undefined
CHEBI:30413,related,direct,Haem,II-Medical-8B,-1,exact
CHEBI:30413,related,direct,haem,II-Medical-8B,-1,undefined
CHEBI:30413,related,direct,haeme,II-Medical-8B,-1,undefined
CHEBI:30413,related,direct,hem,II-Medical-8B,-1,undefined
CHEBI:30413,related,direct,hemos,II-Medical-8B,-1,undefined
CHEBI:30488,exact,direct,sulfanium,II-Medical-8B,-1,undefined
CHEBI:30488,exact,direct,sulfonium,II-Medical-8B,-1,undefined
CHEBI:30488,exact,direct,trihydridosulfur(1+),II-Medical-8B,-1,undefined
CHEBI:30488,related,direct,H3S(+),II-Medical-8B,-1,undefined
CHEBI:30488,related,direct,H3S+,II-Medical-8B,-1,undefined
CHEBI:30488,related,direct,[SH3](+),II-Medical-8B,-1,undefined
CHEBI:30488,related,direct,sulphonium,II-Medical-8B,-1,undefined
CHEBI:30566,exact,direct,4-aminobutanoate,II-Medical-8B,-1,undefined
CHEBI:30566,related,direct,4-Amino-butyrat,II-Medical-8B,-1,undefined
CHEBI:30566,related,direct,4-Aminobutylate,II-Medical-8B,-1,undefined
CHEBI:30566,related,direct,4-aminobutanoic acid ion (1-),II-Medical-8B,-1,undefined
CHEBI:30566,related,direct,4-aminobutyrate,II-Medical-8B,-1,undefined
CHEBI:30566,related,direct,gamma-aminobutanoate,II-Medical-8B,-1,undefined
CHEBI:30566,related,direct,gamma-aminobutyrate anion,II-Medical-8B,-1,undefined
CHEBI:305790,exact,direct,"(2S)-2-azaniumyl-3-[4-(4-hydroxy-3,5-diiodophenoxy)-3,5-diiodophenyl]propanoate",II-Medical-8B,-1,undefined
CHEBI:305790,related,direct,"2-Amino-3-[4-(4-hydroxy-3,5-diiodo-phenoxy)-3,5-diiodo-phenyl]-propionate",II-Medical-8B,-1,undefined
CHEBI:305790,related,direct,thyroxine,II-Medical-8B,-1,undefined
CHEBI:30623,exact,direct,ethanedioate,II-Medical-8B,-1,undefined
CHEBI:30623,related,direct,OXALATE ION,II-Medical-8B,-1,undefined
CHEBI:30623,related,direct,"ethanedioic acid, ion(2-)",II-Medical-8B,-1,undefined
CHEBI:30623,related,direct,ox,II-Medical-8B,-1,undefined
CHEBI:30623,related,direct,oxalate,II-Medical-8B,-1,undefined
CHEBI:30660,exact,direct,thyroxine,II-Medical-8B,-1,exact
CHEBI:30660,related,direct,"2-amino-3-[4-(4-hydroxy-3,5-diiodophenoxy)-3,5-diiodophenyl]propanoic acid",II-Medical-8B,-1,undefined
CHEBI:30660,related,direct,DL-Thyroxine,II-Medical-8B,-1,undefined
CHEBI:30660,related,direct,"O-(4-Hydroxy-3,5-diiodophenyl)-3,5-diiodo-DL-tyrosine",II-Medical-8B,-1,undefined
CHEBI:30660,related,direct,Thx,II-Medical-8B,-1,undefined
CHEBI:30661,exact,direct,thyronine,II-Medical-8B,-1,exact
CHEBI:30661,related,direct,2-amino-3-[4-(4-hydroxyphenoxy)phenyl]propanoic acid,II-Medical-8B,-1,undefined
CHEBI:30661,related,direct,O-(4-hydroxyphenyl)-DL-tyrosine,II-Medical-8B,-1,undefined
CHEBI:30697,exact,direct,beta-D-glucopyranosyl,II-Medical-8B,-1,undefined
CHEBI:30697,exact,direct,beta-D-glucosyl group,II-Medical-8B,-1,undefined
CHEBI:30697,related,direct,beta-D-glucopyranosyl group,II-Medical-8B,-1,undefined
CHEBI:30697,related,direct,beta-D-glucosyl,II-Medical-8B,-1,undefined
CHEBI:30697,related,direct,beta-glucopyranosyl group,II-Medical-8B,-1,undefined
CHEBI:30697,related,direct,beta-glucosyl,II-Medical-8B,-1,undefined
CHEBI:30745,exact,direct,Phenylacetic acid,II-Medical-8B,-1,undefined
CHEBI:30745,exact,direct,phenylacetic acid,II-Medical-8B,-1,exact
CHEBI:30745,related,direct,2-PHENYLACETIC ACID,II-Medical-8B,-1,undefined
CHEBI:30745,related,direct,2-Phenylethanoic acid,II-Medical-8B,-1,undefined
CHEBI:30745,related,direct,Benzeneacetic acid,II-Medical-8B,-1,undefined
CHEBI:30745,related,direct,Benzylformic acid,II-Medical-8B,-1,undefined
CHEBI:30745,related,direct,Omega-Phenylacetic acid,II-Medical-8B,-1,undefined
CHEBI:30745,related,direct,PA,II-Medical-8B,-1,undefined
CHEBI:30745,related,direct,alpha-toluic acid,II-Medical-8B,-1,exact
CHEBI:30745,related,direct,benzeneacetic acid,II-Medical-8B,-1,undefined
CHEBI:30745,related,direct,omega-phenylacetic acid,II-Medical-8B,-1,undefined
CHEBI:30751,exact,direct,FORMIC ACID,II-Medical-8B,-1,undefined
CHEBI:30751,exact,direct,Formic acid,II-Medical-8B,-1,undefined
CHEBI:30751,exact,direct,formic acid,II-Medical-8B,-1,undefined
CHEBI:30751,related,direct,Acide formique,II-Medical-8B,-1,undefined
CHEBI:30751,related,direct,Ameisensaeure,II-Medical-8B,-1,undefined
CHEBI:30751,related,direct,H-COOH,II-Medical-8B,-1,undefined
CHEBI:30751,related,direct,HCO2H,II-Medical-8B,-1,undefined
CHEBI:30751,related,direct,HCOOH,II-Medical-8B,-1,undefined
CHEBI:30751,related,direct,Methanoic acid,II-Medical-8B,-1,undefined
CHEBI:30751,related,direct,aminic acid,II-Medical-8B,-1,undefined
CHEBI:30751,related,direct,bilorin,II-Medical-8B,-1,undefined
CHEBI:30751,related,direct,formylic acid,II-Medical-8B,-1,undefined
CHEBI:30751,related,direct,hydrogen carboxylic acid,II-Medical-8B,-1,undefined
CHEBI:30751,related,direct,methoic acid,II-Medical-8B,-1,undefined
CHEBI:30768,exact,direct,Propionic acid,II-Medical-8B,-1,undefined
CHEBI:30768,exact,direct,propanoic acid,II-Medical-8B,-1,undefined
CHEBI:30768,exact,direct,propionic acid,II-Medical-8B,-1,exact
CHEBI:30768,related,direct,CH3-CH2-COOH,II-Medical-8B,-1,exact
CHEBI:30768,related,direct,PA,II-Medical-8B,-1,undefined
CHEBI:30768,related,direct,PROPANOIC ACID,II-Medical-8B,-1,undefined
CHEBI:30768,related,direct,Propanoic acid,II-Medical-8B,-1,undefined
CHEBI:30768,related,direct,Propionsaeure,II-Medical-8B,-1,undefined
CHEBI:30768,related,direct,acide propanoique,II-Medical-8B,-1,undefined
CHEBI:30768,related,direct,acide propionique,II-Medical-8B,-1,undefined
CHEBI:30768,related,direct,carboxyethane,II-Medical-8B,-1,undefined
CHEBI:30768,related,direct,ethanecarboxylic acid,II-Medical-8B,-1,undefined
CHEBI:30768,related,direct,ethylformic acid,II-Medical-8B,-1,undefined
CHEBI:30768,related,direct,metacetonic acid,II-Medical-8B,-1,undefined
CHEBI:30768,related,direct,methylacetic acid,II-Medical-8B,-1,undefined
CHEBI:30768,related,direct,propioic acid,II-Medical-8B,-1,exact
CHEBI:30768,related,direct,propoic acid,II-Medical-8B,-1,undefined
CHEBI:30768,related,direct,pseudoacetic acid,II-Medical-8B,-1,undefined
CHEBI:30769,exact,direct,"2-hydroxypropane-1,2,3-tricarboxylic acid",II-Medical-8B,-1,undefined
CHEBI:30769,exact,direct,CITRIC ACID,II-Medical-8B,-1,undefined
CHEBI:30769,exact,direct,Citric acid,II-Medical-8B,-1,undefined
CHEBI:30769,related,direct,"2-Hydroxy-1,2,3-propanetricarboxylic acid",II-Medical-8B,-1,undefined
CHEBI:30769,related,direct,2-Hydroxytricarballylic acid,II-Medical-8B,-1,undefined
CHEBI:30769,related,direct,"3-Carboxy-3-hydroxypentane-1,5-dioic acid",II-Medical-8B,-1,undefined
CHEBI:30769,related,direct,Citronensaeure,II-Medical-8B,-1,undefined
CHEBI:30769,related,direct,E330,II-Medical-8B,-1,undefined
CHEBI:30769,related,direct,H3cit,II-Medical-8B,-1,undefined
CHEBI:30772,exact,direct,Butyric acid,II-Medical-8B,-1,undefined
CHEBI:30772,exact,direct,butanoic acid,II-Medical-8B,-1,undefined
CHEBI:30772,exact,direct,butyric acid,II-Medical-8B,-1,undefined
CHEBI:30772,related,direct,1-butanoic acid,II-Medical-8B,-1,undefined
CHEBI:30772,related,direct,1-butyric acid,II-Medical-8B,-1,undefined
CHEBI:30772,related,direct,1-propanecarboxylic acid,II-Medical-8B,-1,undefined
CHEBI:30772,related,direct,4:0,II-Medical-8B,-1,undefined
CHEBI:30772,related,direct,BUTANOIC ACID,II-Medical-8B,-1,undefined
CHEBI:30772,related,direct,Butanoate,II-Medical-8B,-1,undefined
CHEBI:30772,related,direct,Butanoic acid,II-Medical-8B,-1,undefined
CHEBI:30772,related,direct,Buttersaeure,II-Medical-8B,-1,undefined
CHEBI:30772,related,direct,C4:0,II-Medical-8B,-1,undefined
CHEBI:30772,related,direct,CH3-[CH2]2-COOH,II-Medical-8B,-1,undefined
CHEBI:30772,related,direct,acide butanoique,II-Medical-8B,-1,undefined
CHEBI:30772,related,direct,acide butyrique,II-Medical-8B,-1,undefined
CHEBI:30772,related,direct,butanic acid,II-Medical-8B,-1,undefined
CHEBI:30772,related,direct,butoic acid,II-Medical-8B,-1,undefined
CHEBI:30772,related,direct,ethylacetic acid,II-Medical-8B,-1,undefined
CHEBI:30772,related,direct,n-butanoic acid,II-Medical-8B,-1,undefined
CHEBI:30772,related,direct,n-butyric acid,II-Medical-8B,-1,undefined
CHEBI:30772,related,direct,propanecarboxylic acid,II-Medical-8B,-1,undefined
CHEBI:30772,related,direct,propylformic acid,II-Medical-8B,-1,exact
CHEBI:30776,exact,direct,HEXANOIC ACID,II-Medical-8B,-1,undefined
CHEBI:30776,exact,direct,Hexanoic acid,II-Medical-8B,-1,undefined
CHEBI:30776,exact,direct,hexanoic acid,II-Medical-8B,-1,exact
CHEBI:30776,related,direct,1-hexanoic acid,II-Medical-8B,-1,exact
CHEBI:30776,related,direct,1-pentanecarboxylic acid,II-Medical-8B,-1,undefined
CHEBI:30776,related,direct,6:0,II-Medical-8B,-1,undefined
CHEBI:30776,related,direct,C6:0,II-Medical-8B,-1,undefined
CHEBI:30776,related,direct,CH3-[CH2]4-COOH,II-Medical-8B,-1,undefined
CHEBI:30776,related,direct,Hexanoate,II-Medical-8B,-1,undefined
CHEBI:30776,related,direct,Hexylic acid,II-Medical-8B,-1,undefined
CHEBI:30776,related,direct,Pentanecarboxylic acid,II-Medical-8B,-1,undefined
CHEBI:30776,related,direct,butylacetic acid,II-Medical-8B,-1,undefined
CHEBI:30776,related,direct,caproic acid,II-Medical-8B,-1,undefined
CHEBI:30776,related,direct,capronic acid,II-Medical-8B,-1,undefined
CHEBI:30776,related,direct,hexoic acid,II-Medical-8B,-1,exact
CHEBI:30776,related,direct,n-Caproic acid,II-Medical-8B,-1,undefined
CHEBI:30776,related,direct,n-hexanoic acid,II-Medical-8B,-1,undefined
CHEBI:30776,related,direct,n-hexoic acid,II-Medical-8B,-1,undefined
CHEBI:30776,related,direct,n-hexylic acid,II-Medical-8B,-1,undefined
CHEBI:30776,related,direct,pentiformic acid,II-Medical-8B,-1,undefined
CHEBI:30776,related,direct,pentylformic acid,II-Medical-8B,-1,undefined
CHEBI:30794,exact,direct,MALONIC ACID,II-Medical-8B,-1,undefined
CHEBI:30794,exact,direct,Malonic acid,II-Medical-8B,-1,undefined
CHEBI:30794,exact,direct,propanedioic acid,II-Medical-8B,-1,undefined
CHEBI:30794,related,direct,H2malo,II-Medical-8B,-1,undefined
CHEBI:30794,related,direct,HOOC-CH2-COOH,II-Medical-8B,-1,undefined
CHEBI:30794,related,direct,Propanedioic acid,II-Medical-8B,-1,undefined
CHEBI:30795,exact,direct,carboxyacetate,II-Medical-8B,-1,undefined
CHEBI:30795,related,direct,HOOC-CH2-COO(-),II-Medical-8B,-1,undefined
CHEBI:30795,related,direct,Hmalo,II-Medical-8B,-1,undefined
CHEBI:30795,related,direct,"Malonic acid, conjugate base",II-Medical-8B,-1,undefined
CHEBI:30807,exact,direct,Tetradecanoate,II-Medical-8B,-1,undefined
CHEBI:30807,exact,direct,tetradecanoate,II-Medical-8B,-1,undefined
CHEBI:30807,related,direct,1-tetradecanecarboxylate,II-Medical-8B,-1,exact
CHEBI:30807,related,direct,CH3-[CH2]12-COO(-),II-Medical-8B,-1,undefined
CHEBI:30807,related,direct,myristate,II-Medical-8B,-1,undefined
CHEBI:30807,related,direct,n-tetradecan-1-oate,II-Medical-8B,-1,undefined
CHEBI:30807,related,direct,n-tetradecoate,II-Medical-8B,-1,undefined
CHEBI:30807,related,direct,tetradecoate,II-Medical-8B,-1,exact
CHEBI:30832,exact,direct,Adipic acid,II-Medical-8B,-1,undefined
CHEBI:30832,exact,direct,adipic acid,II-Medical-8B,-1,exact
CHEBI:30832,exact,direct,hexanedioic acid,II-Medical-8B,-1,undefined
CHEBI:30832,related,direct,"1,4-butanedicarboxylic acid",II-Medical-8B,-1,undefined
CHEBI:30832,related,direct,"1,6-hexanedioic acid",II-Medical-8B,-1,undefined
CHEBI:30832,related,direct,Adipinsaeure,II-Medical-8B,-1,undefined
CHEBI:30832,related,direct,E 355,II-Medical-8B,-1,undefined
CHEBI:30832,related,direct,E-355,II-Medical-8B,-1,exact
CHEBI:30832,related,direct,E355,II-Medical-8B,-1,undefined
CHEBI:30832,related,direct,INS No. 355,II-Medical-8B,-1,undefined
CHEBI:30832,related,direct,adipinic acid,II-Medical-8B,-1,undefined
CHEBI:30833,exact,direct,5-carboxypentanoate,II-Medical-8B,-1,exact
CHEBI:30833,related,direct,"hexanedioic acid, conjugate base",II-Medical-8B,-1,exact
CHEBI:30833,related,direct,hydrogen adipate,II-Medical-8B,-1,exact
CHEBI:30839,exact,direct,"2,6-dioxo-1,2,3,6-tetrahydropyrimidine-4-carboxylate",II-Medical-8B,-1,undefined
CHEBI:30839,exact,direct,orotate,II-Medical-8B,-1,exact
CHEBI:30848,related,direct,"7,9-dihydro-1H-purine-2,6,8(3H)-trione, ion(1-)",II-Medical-8B,-1,undefined
CHEBI:30848,related,direct,uric acid monoanion,II-Medical-8B,-1,undefined
CHEBI:30848,related,direct,"uric acid, ion(1-)",II-Medical-8B,-1,undefined
CHEBI:30860,exact,direct,METHYLMALONIC ACID,II-Medical-8B,-1,undefined
CHEBI:30860,exact,direct,Methylmalonic acid,II-Medical-8B,-1,undefined
CHEBI:30860,exact,direct,methylpropanedioic acid,II-Medical-8B,-1,undefined
CHEBI:30860,related,direct,"1,1-Ethanedicarboxylic acid",II-Medical-8B,-1,undefined
CHEBI:30860,related,direct,2-methylmalonic acid,II-Medical-8B,-1,undefined
CHEBI:30860,related,direct,Isosuccinic acid,II-Medical-8B,-1,undefined
CHEBI:30860,related,direct,alpha-methylmalonic acid,II-Medical-8B,-1,undefined
CHEBI:30861,exact,direct,2-carboxypropanoate,II-Medical-8B,-1,exact
CHEBI:30879,exact,direct,Alcohol,II-Medical-8B,-1,undefined
CHEBI:30879,exact,direct,alcohols,II-Medical-8B,-1,undefined
CHEBI:30879,related,direct,an alcohol,II-Medical-8B,-1,undefined
CHEBI:30911,exact,direct,glucitol,II-Medical-8B,-1,undefined
CHEBI:30911,related,direct,Sorbitol,II-Medical-8B,-1,undefined
CHEBI:30911,related,direct,gulitol,II-Medical-8B,-1,undefined
CHEBI:30911,related,direct,"rel-(2R,3R,4R,5S)-hexane-1,2,3,4,5,6-hexol",II-Medical-8B,-1,undefined
CHEBI:30915,exact,direct,2-oxopentanedioic acid,II-Medical-8B,-1,undefined
CHEBI:30915,related,direct,2-Ketoglutaric acid,II-Medical-8B,-1,undefined
CHEBI:30915,related,direct,Oxoglutaric acid,II-Medical-8B,-1,undefined
CHEBI:30915,related,direct,alpha-Ketoglutaric acid,II-Medical-8B,-1,undefined
CHEBI:30915,related,direct,alpha-ketoglutaric acid,II-Medical-8B,-1,undefined
CHEBI:30916,exact,direct,4-carboxy-2-oxobutanoate,II-Medical-8B,-1,exact
CHEBI:30916,related,direct,2-ketoglutarate,II-Medical-8B,-1,exact
CHEBI:30920,exact,direct,4-carboxy-3-hydroxy-3-methylbutanoate,II-Medical-8B,-1,undefined
CHEBI:30921,exact,direct,pentanedioate,II-Medical-8B,-1,exact
CHEBI:30921,related,direct,glutarate,II-Medical-8B,-1,undefined
CHEBI:3098,exact,direct,Bile acid,II-Medical-8B,-1,undefined
CHEBI:3098,related,direct,5beta-bile acid,II-Medical-8B,-1,undefined
CHEBI:3098,related,direct,5beta-bile acids,II-Medical-8B,-1,undefined
CHEBI:3098,related,direct,Bile salt,II-Medical-8B,-1,undefined
CHEBI:3098,related,direct,Gallensaeure,II-Medical-8B,-1,undefined
CHEBI:3098,related,direct,Gallensaeuren,II-Medical-8B,-1,undefined
CHEBI:3098,related,direct,bile acids,II-Medical-8B,-1,undefined
CHEBI:31009,exact,direct,hexacosanoic acid,II-Medical-8B,-1,exact
CHEBI:31009,related,direct,C26:0,II-Medical-8B,-1,undefined
CHEBI:31009,related,direct,CH3-[CH2]24-COOH,II-Medical-8B,-1,exact
CHEBI:31009,related,direct,Hexacosansaeure,II-Medical-8B,-1,exact
CHEBI:31009,related,direct,ceratinic acid,II-Medical-8B,-1,undefined
CHEBI:31009,related,direct,ceric acid,II-Medical-8B,-1,exact
CHEBI:31009,related,direct,cerinic acid,II-Medical-8B,-1,exact
CHEBI:31009,related,direct,cerotic acid,II-Medical-8B,-1,exact
CHEBI:31009,related,direct,cerotinic acid,II-Medical-8B,-1,exact
CHEBI:31009,related,direct,cerylic acid,II-Medical-8B,-1,exact
CHEBI:31009,related,direct,hexacosoic acid,II-Medical-8B,-1,exact
CHEBI:31009,related,direct,hexaeicosanoic acid,II-Medical-8B,-1,undefined
CHEBI:31009,related,direct,n-C26:0,II-Medical-8B,-1,undefined
CHEBI:31009,related,direct,n-hexacosanoic acid,II-Medical-8B,-1,undefined
CHEBI:31011,exact,direct,pentanoate,II-Medical-8B,-1,exact
CHEBI:31011,related,direct,CH3-[CH2]3-COO(-),II-Medical-8B,-1,undefined
CHEBI:31011,related,direct,n-propylacetate,II-Medical-8B,-1,undefined
CHEBI:31011,related,direct,pentanoate,II-Medical-8B,-1,exact
CHEBI:31011,related,direct,"pentanoic acid, ion(1-)",II-Medical-8B,-1,undefined
CHEBI:31013,exact,direct,cerotate,II-Medical-8B,-1,exact
CHEBI:31013,exact,direct,hexacosanoate,II-Medical-8B,-1,undefined
CHEBI:31013,related,direct,CH3-[CH2]24-COO(-),II-Medical-8B,-1,undefined
CHEBI:31013,related,direct,cerate,II-Medical-8B,-1,undefined
CHEBI:31013,related,direct,ceratinate,II-Medical-8B,-1,undefined
CHEBI:31013,related,direct,cerinate,II-Medical-8B,-1,undefined
CHEBI:31013,related,direct,cerylate,II-Medical-8B,-1,undefined
CHEBI:31013,related,direct,hexacosanoate,II-Medical-8B,-1,undefined
CHEBI:31013,related,direct,n-hexacosanoate,II-Medical-8B,-1,undefined
CHEBI:32439,exact,direct,2-aminopropanoate,II-Medical-8B,-1,undefined
CHEBI:32439,exact,direct,alaninate,II-Medical-8B,-1,undefined
CHEBI:32439,related,direct,alanine anion,II-Medical-8B,-1,undefined
CHEBI:32440,exact,direct,1-carboxyethanaminium,II-Medical-8B,-1,exact
CHEBI:32440,exact,direct,alaninium,II-Medical-8B,-1,undefined
CHEBI:32440,related,direct,alanine cation,II-Medical-8B,-1,undefined
CHEBI:32442,exact,direct,L-cysteinate(1-),II-Medical-8B,-1,undefined
CHEBI:32442,exact,direct,hydrogen L-cysteinate,II-Medical-8B,-1,undefined
CHEBI:32442,related,direct,(2R)-2-amino-3-mercaptopropanoate,II-Medical-8B,-1,undefined
CHEBI:32442,related,direct,(2R)-2-amino-3-sulfanylpropanoate,II-Medical-8B,-1,undefined
CHEBI:32442,related,direct,L-cysteine anion,II-Medical-8B,-1,undefined
CHEBI:32442,related,direct,L-cysteine monoanion,II-Medical-8B,-1,undefined
CHEBI:32443,exact,direct,L-cysteinate,II-Medical-8B,-1,undefined
CHEBI:32443,exact,direct,L-cysteinate(2-),II-Medical-8B,-1,undefined
CHEBI:32443,related,direct,(2R)-2-amino-3-sulfidopropanoate,II-Medical-8B,-1,undefined
CHEBI:32443,related,direct,L-cysteine dianion,II-Medical-8B,-1,undefined
CHEBI:32445,exact,direct,L-cysteinium,II-Medical-8B,-1,exact
CHEBI:32445,related,direct,(1R)-1-carboxy-2-mercaptoethanaminium,II-Medical-8B,-1,undefined
CHEBI:32445,related,direct,(1R)-1-carboxy-2-sulfanylethanaminium,II-Medical-8B,-1,undefined
CHEBI:32445,related,direct,L-cysteine cation,II-Medical-8B,-1,undefined
CHEBI:32445,related,direct,L-cysteinium(1+),II-Medical-8B,-1,exact
CHEBI:32449,exact,direct,D-cysteinate(1-),II-Medical-8B,-1,exact
CHEBI:32449,exact,direct,hydrogen D-cysteinate,II-Medical-8B,-1,undefined
CHEBI:32449,related,direct,(2S)-2-amino-3-mercaptopropanoate,II-Medical-8B,-1,undefined
CHEBI:32449,related,direct,(2S)-2-amino-3-sulfanylpropanoate,II-Medical-8B,-1,undefined
CHEBI:32449,related,direct,D-cysteine monoanion,II-Medical-8B,-1,undefined
CHEBI:32450,exact,direct,D-cysteinate,II-Medical-8B,-1,undefined
CHEBI:32450,exact,direct,D-cysteinate(2-),II-Medical-8B,-1,undefined
CHEBI:32450,related,direct,(2S)-2-amino-3-sulfidopropanoate,II-Medical-8B,-1,undefined
CHEBI:32450,related,direct,D-cysteine dianion,II-Medical-8B,-1,undefined
CHEBI:32451,exact,direct,D-cysteinium,II-Medical-8B,-1,undefined
CHEBI:32451,related,direct,(1S)-1-carboxy-2-mercaptoethanaminium,II-Medical-8B,-1,undefined
CHEBI:32451,related,direct,(1S)-1-carboxy-2-sulfanylethanaminium,II-Medical-8B,-1,undefined
CHEBI:32451,related,direct,D-cysteine cation,II-Medical-8B,-1,undefined
CHEBI:32456,exact,direct,cysteinate(1-),II-Medical-8B,-1,undefined
CHEBI:32456,exact,direct,hydrogen cysteinate,II-Medical-8B,-1,undefined
CHEBI:32456,related,direct,2-amino-3-mercaptopropanoate,II-Medical-8B,-1,undefined
CHEBI:32456,related,direct,2-amino-3-sulfanylpropanoate,II-Medical-8B,-1,undefined
CHEBI:32456,related,direct,cys(-),II-Medical-8B,-1,undefined
CHEBI:32456,related,direct,cysteine monoanion,II-Medical-8B,-1,undefined
CHEBI:32457,exact,direct,cysteinate,II-Medical-8B,-1,undefined
CHEBI:32457,exact,direct,cysteinate(2-),II-Medical-8B,-1,exact
CHEBI:32457,related,direct,2-amino-3-sulfidopropanoate,II-Medical-8B,-1,undefined
CHEBI:32457,related,direct,cysteine dianion,II-Medical-8B,-1,undefined
CHEBI:32458,exact,direct,1-carboxy-2-sulfanylethanaminium,II-Medical-8B,-1,undefined
CHEBI:32458,exact,direct,cysteinium,II-Medical-8B,-1,exact
CHEBI:32458,related,direct,1-carboxy-2-mercaptoethanaminium,II-Medical-8B,-1,undefined
CHEBI:32458,related,direct,H2cys(+),II-Medical-8B,-1,undefined
CHEBI:32458,related,direct,cysteine cation,II-Medical-8B,-1,undefined
CHEBI:32504,exact,direct,phenylalaninate,II-Medical-8B,-1,exact
CHEBI:32504,related,direct,2-amino-3-phenylpropanoate,II-Medical-8B,-1,undefined
CHEBI:32504,related,direct,phenylalanine anion,II-Medical-8B,-1,undefined
CHEBI:32505,exact,direct,phenylalaninium,II-Medical-8B,-1,undefined
CHEBI:32505,related,direct,1-carboxy-2-phenylethanaminium,II-Medical-8B,-1,undefined
CHEBI:32505,related,direct,phenylalanine cation,II-Medical-8B,-1,undefined
CHEBI:32507,exact,direct,glycinium,II-Medical-8B,-1,undefined
CHEBI:32507,related,direct,H2gly(+),II-Medical-8B,-1,undefined
CHEBI:32507,related,direct,NH3(+)-CH2-COOH,II-Medical-8B,-1,exact
CHEBI:32507,related,direct,carboxymethanaminium,II-Medical-8B,-1,undefined
CHEBI:32507,related,direct,glycine cation,II-Medical-8B,-1,undefined
CHEBI:32508,exact,direct,glycinate,II-Medical-8B,-1,undefined
CHEBI:32508,related,direct,H2N-CH2-COO(-),II-Medical-8B,-1,exact
CHEBI:32508,related,direct,aminoacetate,II-Medical-8B,-1,undefined
CHEBI:32508,related,direct,gly(-),II-Medical-8B,-1,exact
CHEBI:32508,related,direct,glycine anion,II-Medical-8B,-1,undefined
CHEBI:32529,exact,direct,histidinate(1-),II-Medical-8B,-1,exact
CHEBI:32529,exact,direct,hydrogen histidinate,II-Medical-8B,-1,undefined
CHEBI:32529,related,direct,2-amino-3-(1H-imidazol-4-yl)propanoate,II-Medical-8B,-1,undefined
CHEBI:32529,related,direct,histidine anion,II-Medical-8B,-1,undefined
CHEBI:32530,exact,direct,histidinate,II-Medical-8B,-1,undefined
CHEBI:32530,exact,direct,histidinate(2-),II-Medical-8B,-1,exact
CHEBI:32530,related,direct,2-amino-3-imidazol-1-id-4-ylpropanoate,II-Medical-8B,-1,undefined
CHEBI:32530,related,direct,histidine dianion,II-Medical-8B,-1,undefined
CHEBI:32531,exact,direct,histidinium,II-Medical-8B,-1,undefined
CHEBI:32531,exact,direct,histidinium(1+),II-Medical-8B,-1,undefined
CHEBI:32531,related,direct,2-ammonio-3-(1H-imidazol-3-ium-4-yl)propanoate,II-Medical-8B,-1,undefined
CHEBI:32531,related,direct,histidine monocation,II-Medical-8B,-1,undefined
CHEBI:32532,exact,direct,histidinediium,II-Medical-8B,-1,undefined
CHEBI:32532,exact,direct,histidinium(2+),II-Medical-8B,-1,undefined
CHEBI:32532,related,direct,4-(2-ammonio-2-carboxyethyl)-1H-imidazol-3-ium,II-Medical-8B,-1,undefined
CHEBI:32532,related,direct,histidine dication,II-Medical-8B,-1,undefined
CHEBI:32563,exact,direct,lysinate,II-Medical-8B,-1,undefined
CHEBI:32563,related,direct,"2,6-diaminohexanoate",II-Medical-8B,-1,undefined
CHEBI:32563,related,direct,lys(-),II-Medical-8B,-1,undefined
CHEBI:32563,related,direct,lysinate(1-),II-Medical-8B,-1,exact
CHEBI:32563,related,direct,lysine anion,II-Medical-8B,-1,exact
CHEBI:32564,exact,direct,lysinium,II-Medical-8B,-1,undefined
CHEBI:32564,exact,direct,lysinium(1+),II-Medical-8B,-1,exact
CHEBI:32564,related,direct,"2,6-diammoniohexanoate",II-Medical-8B,-1,undefined
CHEBI:32564,related,direct,lysine monocation,II-Medical-8B,-1,undefined
CHEBI:32565,exact,direct,lysinediium,II-Medical-8B,-1,undefined
CHEBI:32565,exact,direct,lysinium(2+),II-Medical-8B,-1,exact
CHEBI:32565,related,direct,"1-carboxypentane-1,5-diaminium",II-Medical-8B,-1,undefined
CHEBI:32565,related,direct,lysine dication,II-Medical-8B,-1,undefined
CHEBI:32612,exact,direct,isoleucinate,II-Medical-8B,-1,undefined
CHEBI:32612,related,direct,ile(-),II-Medical-8B,-1,undefined
CHEBI:32612,related,direct,isoleucine anion,II-Medical-8B,-1,undefined
CHEBI:32612,related,direct,"rel-(2R,3R)-2-amino-3-methylpentanoate",II-Medical-8B,-1,undefined
CHEBI:32613,exact,direct,isoleucinium,II-Medical-8B,-1,undefined
CHEBI:32613,related,direct,H2ile(+),II-Medical-8B,-1,undefined
CHEBI:32613,related,direct,isoleucine cation,II-Medical-8B,-1,undefined
CHEBI:32613,related,direct,"rel-(1R,2R)-1-carboxy-2-methylbutan-1-aminium",II-Medical-8B,-1,undefined
CHEBI:32627,exact,direct,leucinate,II-Medical-8B,-1,undefined
CHEBI:32627,related,direct,2-amino-4-methylpentanoate,II-Medical-8B,-1,exact
CHEBI:32627,related,direct,leu(-),II-Medical-8B,-1,undefined
CHEBI:32627,related,direct,leucine anion,II-Medical-8B,-1,undefined
CHEBI:32628,exact,direct,leucinium,II-Medical-8B,-1,undefined
CHEBI:32628,related,direct,1-carboxy-3-methylbutan-1-aminium,II-Medical-8B,-1,exact
CHEBI:32628,related,direct,H2leu(+),II-Medical-8B,-1,undefined
CHEBI:32628,related,direct,leucine cation,II-Medical-8B,-1,undefined
CHEBI:32631,exact,direct,L-methioninate,II-Medical-8B,-1,undefined
CHEBI:32631,related,direct,(2S)-2-amino-4-(methylsulfanyl)butanoate,II-Medical-8B,-1,undefined
CHEBI:32631,related,direct,L-methionine anion,II-Medical-8B,-1,undefined
CHEBI:32632,exact,direct,L-methioninium,II-Medical-8B,-1,undefined
CHEBI:32632,related,direct,(1S)-1-carboxy-3-(methylsulfanyl)propan-1-aminium,II-Medical-8B,-1,undefined
CHEBI:32632,related,direct,L-methionine cation,II-Medical-8B,-1,undefined
CHEBI:32637,exact,direct,D-methioninate,II-Medical-8B,-1,undefined
CHEBI:32637,related,direct,(2R)-2-amino-4-(methylsulfanyl)butanoate,II-Medical-8B,-1,undefined
CHEBI:32637,related,direct,D-methionine anion,II-Medical-8B,-1,undefined
CHEBI:32638,exact,direct,D-methioninium,II-Medical-8B,-1,exact
CHEBI:32638,related,direct,(1R)-1-carboxy-3-(methylsulfanyl)propan-1-aminium,II-Medical-8B,-1,undefined
CHEBI:32638,related,direct,D-methionine cation,II-Medical-8B,-1,undefined
CHEBI:32644,exact,direct,methioninate,II-Medical-8B,-1,exact
CHEBI:32644,related,direct,2-amino-4-(methylsulfanyl)butanoate,II-Medical-8B,-1,undefined
CHEBI:32644,related,direct,met(-),II-Medical-8B,-1,undefined
CHEBI:32644,related,direct,methionine anion,II-Medical-8B,-1,exact
CHEBI:32646,exact,direct,methioninium,II-Medical-8B,-1,exact
CHEBI:32646,related,direct,1-carboxy-3-(methylsulfanyl)propan-1-aminium,II-Medical-8B,-1,undefined
CHEBI:32646,related,direct,H2met(+),II-Medical-8B,-1,undefined
CHEBI:32646,related,direct,methionine cation,II-Medical-8B,-1,undefined
CHEBI:32650,exact,direct,L-asparaginate,II-Medical-8B,-1,exact
CHEBI:32650,related,direct,"(2S)-2,4-diamino-4-oxobutanoate",II-Medical-8B,-1,undefined
CHEBI:32650,related,direct,L-asparagine anion,II-Medical-8B,-1,undefined
CHEBI:32651,exact,direct,L-asparaginium,II-Medical-8B,-1,undefined
CHEBI:32651,related,direct,(1S)-3-amino-1-carboxy-3-oxopropan-1-aminium,II-Medical-8B,-1,undefined
CHEBI:32651,related,direct,L-asparagine cation,II-Medical-8B,-1,undefined
CHEBI:32656,exact,direct,D-asparaginate,II-Medical-8B,-1,exact
CHEBI:32656,related,direct,"(2R)-2,4-diamino-4-oxobutanoate",II-Medical-8B,-1,undefined
CHEBI:32656,related,direct,D-asparagine anion,II-Medical-8B,-1,undefined
CHEBI:32657,exact,direct,D-asparaginium,II-Medical-8B,-1,exact
CHEBI:32657,related,direct,(1R)-3-amino-1-carboxy-3-oxopropan-1-aminium,II-Medical-8B,-1,undefined
CHEBI:32657,related,direct,D-asparagine cation,II-Medical-8B,-1,undefined
CHEBI:32660,exact,direct,asparaginate,II-Medical-8B,-1,exact
CHEBI:32660,related,direct,"2,4-diamino-4-oxobutanoate",II-Medical-8B,-1,exact
CHEBI:32660,related,direct,asp(-),II-Medical-8B,-1,exact
CHEBI:32660,related,direct,asparagine anion,II-Medical-8B,-1,exact
CHEBI:32661,exact,direct,asparaginium,II-Medical-8B,-1,exact
CHEBI:32661,related,direct,3-amino-1-carboxy-3-oxopropan-1-aminium,II-Medical-8B,-1,undefined
CHEBI:32661,related,direct,H2asp(+),II-Medical-8B,-1,undefined
CHEBI:32661,related,direct,asparagine cation,II-Medical-8B,-1,undefined
CHEBI:32678,exact,direct,glutaminate,II-Medical-8B,-1,exact
CHEBI:32678,related,direct,"2,5-diamino-5-oxopentanoate",II-Medical-8B,-1,undefined
CHEBI:32678,related,direct,gln(-),II-Medical-8B,-1,undefined
CHEBI:32678,related,direct,glutamine anion,II-Medical-8B,-1,undefined
CHEBI:32679,exact,direct,glutaminium,II-Medical-8B,-1,exact
CHEBI:32679,related,direct,4-amino-1-carboxy-4-oxobutan-1-aminium,II-Medical-8B,-1,exact
CHEBI:32679,related,direct,H2gln(+),II-Medical-8B,-1,undefined
CHEBI:32679,related,direct,glutamine cation,II-Medical-8B,-1,undefined
CHEBI:32695,exact,direct,argininate,II-Medical-8B,-1,undefined
CHEBI:32695,related,direct,2-amino-5-(carbamimidamido)pentanoate,II-Medical-8B,-1,undefined
CHEBI:32695,related,direct,2-amino-5-guanidinopentanoate,II-Medical-8B,-1,undefined
CHEBI:32695,related,direct,arg(-),II-Medical-8B,-1,undefined
CHEBI:32695,related,direct,arginine anion,II-Medical-8B,-1,undefined
CHEBI:32696,exact,direct,argininium,II-Medical-8B,-1,undefined
CHEBI:32696,exact,direct,argininium(1+),II-Medical-8B,-1,undefined
CHEBI:32696,related,direct,2-ammonio-5-guanidiniopentanoate,II-Medical-8B,-1,undefined
CHEBI:32696,related,direct,H2arg(+),II-Medical-8B,-1,exact
CHEBI:32696,related,direct,arginine,II-Medical-8B,-1,undefined
CHEBI:32696,related,direct,arginine monocation,II-Medical-8B,-1,undefined
CHEBI:32697,exact,direct,argininediium,II-Medical-8B,-1,undefined
CHEBI:32697,exact,direct,argininium(2+),II-Medical-8B,-1,exact
CHEBI:32697,related,direct,(1-carboxy-4-guanidiniobutyl)ammonium,II-Medical-8B,-1,undefined
CHEBI:32697,related,direct,H3arg(2+),II-Medical-8B,-1,undefined
CHEBI:32697,related,direct,arginine dication,II-Medical-8B,-1,undefined
CHEBI:32727,exact,direct,tryptophanate,II-Medical-8B,-1,exact
CHEBI:32727,related,direct,2-amino-3-(1H-indol-3-yl)propanoate,II-Medical-8B,-1,undefined
CHEBI:32727,related,direct,trp(-),II-Medical-8B,-1,undefined
CHEBI:32727,related,direct,tryptophan anion,II-Medical-8B,-1,undefined
CHEBI:32728,exact,direct,tryptophanium,II-Medical-8B,-1,exact
CHEBI:32728,related,direct,1-carboxy-2-(1H-indol-3-yl)ethanaminium,II-Medical-8B,-1,undefined
CHEBI:32728,related,direct,Htrp(+),II-Medical-8B,-1,undefined
CHEBI:32728,related,direct,tryptophan cation,II-Medical-8B,-1,exact
CHEBI:32784,exact,direct,hydrogen tyrosinate,II-Medical-8B,-1,exact
CHEBI:32784,exact,direct,tyrosinate(1-),II-Medical-8B,-1,exact
CHEBI:32784,related,direct,2-amino-3-(4-hydroxyphenyl)propanoate,II-Medical-8B,-1,undefined
CHEBI:32784,related,direct,tyrosine anion,II-Medical-8B,-1,undefined
CHEBI:32785,exact,direct,tyrosinate,II-Medical-8B,-1,undefined
CHEBI:32785,exact,direct,tyrosinate(2-),II-Medical-8B,-1,exact
CHEBI:32785,related,direct,2-amino-3-(4-oxidophenyl)propanoate,II-Medical-8B,-1,undefined
CHEBI:32785,related,direct,tyrosine dianion,II-Medical-8B,-1,undefined
CHEBI:32786,exact,direct,tyrosinium,II-Medical-8B,-1,undefined
CHEBI:32786,related,direct,1-carboxy-2-(4-hydroxyphenyl)ethanaminium,II-Medical-8B,-1,undefined
CHEBI:32786,related,direct,tyrosine cation,II-Medical-8B,-1,undefined
CHEBI:32796,exact,direct,(2R)-2-hydroxypentanedioic acid,II-Medical-8B,-1,undefined
CHEBI:32796,exact,direct,(R)-2-hydroxyglutaric acid,II-Medical-8B,-1,undefined
CHEBI:32796,related,direct,(2R)-hydroxyglutaric acid,II-Medical-8B,-1,undefined
CHEBI:32796,related,direct,(R)-(-)-2-hydroxyglutaric acid,II-Medical-8B,-1,undefined
CHEBI:32796,related,direct,(R)-2-hydroxy-pentanedioic acid,II-Medical-8B,-1,undefined
CHEBI:32796,related,direct,(R)-2-hydroxypentanedioic acid,II-Medical-8B,-1,undefined
CHEBI:32796,related,direct,(R)-alpha-hydroxyglutaric acid,II-Medical-8B,-1,undefined
CHEBI:32796,related,direct,2-Hydroxy-D-glutaric acid,II-Medical-8B,-1,undefined
CHEBI:32796,related,direct,D-2-hydroxyglutaric acid,II-Medical-8B,-1,undefined
CHEBI:32796,related,direct,D-alpha-hydroxyglutaric acid,II-Medical-8B,-1,undefined
CHEBI:32797,exact,direct,(2S)-2-hydroxypentanedioic acid,II-Medical-8B,-1,undefined
CHEBI:32797,related,direct,(S)-2-Hydroxyglutarate,II-Medical-8B,-1,exact
CHEBI:32816,exact,direct,2-oxopropanoic acid,II-Medical-8B,-1,undefined
CHEBI:32816,exact,direct,PYRUVIC ACID,II-Medical-8B,-1,undefined
CHEBI:32816,exact,direct,Pyruvic acid,II-Medical-8B,-1,undefined
CHEBI:32816,exact,direct,pyruvic acid,II-Medical-8B,-1,undefined
CHEBI:32816,related,direct,2-Oxopropanoic acid,II-Medical-8B,-1,undefined
CHEBI:32816,related,direct,2-Oxopropansaeure,II-Medical-8B,-1,undefined
CHEBI:32816,related,direct,2-Oxopropionsaeure,II-Medical-8B,-1,undefined
CHEBI:32816,related,direct,2-ketopropionic acid,II-Medical-8B,-1,exact
CHEBI:32816,related,direct,2-oxopropanoic acid,II-Medical-8B,-1,undefined
CHEBI:32816,related,direct,Acetylformic acid,II-Medical-8B,-1,undefined
CHEBI:32816,related,direct,BTS,II-Medical-8B,-1,undefined
CHEBI:32816,related,direct,Brenztraubensaeure,II-Medical-8B,-1,undefined
CHEBI:32816,related,direct,CH3COCOOH,II-Medical-8B,-1,undefined
CHEBI:32816,related,direct,Pyroracemic acid,II-Medical-8B,-1,undefined
CHEBI:32816,related,direct,acetylformic acid,II-Medical-8B,-1,undefined
CHEBI:32816,related,direct,acide pyruvique,II-Medical-8B,-1,undefined
CHEBI:32816,related,direct,alpha-Oxopropionsaeure,II-Medical-8B,-1,undefined
CHEBI:32816,related,direct,alpha-ketopropionic acid,II-Medical-8B,-1,exact
CHEBI:32832,exact,direct,threoninate,II-Medical-8B,-1,undefined
CHEBI:32832,related,direct,"rel-(2R,3S)-2-amino-3-hydroxybutanoate",II-Medical-8B,-1,undefined
CHEBI:32832,related,direct,threonine anion,II-Medical-8B,-1,undefined
CHEBI:32833,exact,direct,threoninium,II-Medical-8B,-1,undefined
CHEBI:32833,related,direct,"rel-(1R,2S)-1-carboxy-2-hydroxypropan-1-aminium",II-Medical-8B,-1,undefined
CHEBI:32833,related,direct,threonine cation,II-Medical-8B,-1,undefined
CHEBI:32845,exact,direct,serinate,II-Medical-8B,-1,exact
CHEBI:32845,related,direct,2-amino-3-hydroxypropanoate,II-Medical-8B,-1,undefined
CHEBI:32845,related,direct,serine anion,II-Medical-8B,-1,undefined
CHEBI:32846,exact,direct,serinium,II-Medical-8B,-1,undefined
CHEBI:32846,related,direct,1-carboxy-2-hydroxyethanaminium,II-Medical-8B,-1,undefined
CHEBI:32846,related,direct,serine cation,II-Medical-8B,-1,undefined
CHEBI:32859,exact,direct,valinate,II-Medical-8B,-1,undefined
CHEBI:32859,related,direct,2-amino-3-methylbutanoate,II-Medical-8B,-1,undefined
CHEBI:32859,related,direct,val(-),II-Medical-8B,-1,undefined
CHEBI:32859,related,direct,valine anion,II-Medical-8B,-1,undefined
CHEBI:32860,exact,direct,valinium,II-Medical-8B,-1,undefined
CHEBI:32860,related,direct,1-carboxy-2-methylpropan-1-aminium,II-Medical-8B,-1,undefined
CHEBI:32860,related,direct,H2val(+),II-Medical-8B,-1,undefined
CHEBI:32860,related,direct,valine cation,II-Medical-8B,-1,exact
CHEBI:32862,exact,direct,L-prolinate,II-Medical-8B,-1,undefined
CHEBI:32862,related,direct,(2S)-pyrrolidine-2-carboxylate,II-Medical-8B,-1,undefined
CHEBI:32862,related,direct,L-proline anion,II-Medical-8B,-1,undefined
CHEBI:32864,exact,direct,L-prolinium,II-Medical-8B,-1,exact
CHEBI:32864,related,direct,(2S)-2-carboxypyrrolidinium,II-Medical-8B,-1,undefined
CHEBI:32864,related,direct,L-proline cation,II-Medical-8B,-1,undefined
CHEBI:32867,exact,direct,D-prolinate,II-Medical-8B,-1,exact
CHEBI:32867,related,direct,(2R)-pyrrolidine-2-carboxylate,II-Medical-8B,-1,undefined
CHEBI:32867,related,direct,D-proline anion,II-Medical-8B,-1,undefined
CHEBI:32868,exact,direct,D-prolinium,II-Medical-8B,-1,exact
CHEBI:32868,related,direct,(2R)-2-carboxypyrrolidinium,II-Medical-8B,-1,undefined
CHEBI:32868,related,direct,D-proline cation,II-Medical-8B,-1,undefined
CHEBI:32871,exact,direct,prolinate,II-Medical-8B,-1,undefined
CHEBI:32871,related,direct,pro(-),II-Medical-8B,-1,undefined
CHEBI:32871,related,direct,proline anion,II-Medical-8B,-1,undefined
CHEBI:32871,related,direct,pyrrolidine-2-carboxylate,II-Medical-8B,-1,exact
CHEBI:32872,exact,direct,prolinium,II-Medical-8B,-1,undefined
CHEBI:32872,related,direct,2-carboxypyrrolidinium,II-Medical-8B,-1,undefined
CHEBI:32872,related,direct,H2pro(+),II-Medical-8B,-1,undefined
CHEBI:32872,related,direct,proline cation,II-Medical-8B,-1,undefined
CHEBI:32876,exact,direct,Tertiary amine,II-Medical-8B,-1,undefined
CHEBI:32876,exact,direct,tertiary amines,II-Medical-8B,-1,undefined
CHEBI:32876,related,direct,R3N,II-Medical-8B,-1,undefined
CHEBI:32876,related,direct,tertiaeres Amin,II-Medical-8B,-1,undefined
CHEBI:32877,exact,direct,Primary amine,II-Medical-8B,-1,undefined
CHEBI:32877,exact,direct,primary amines,II-Medical-8B,-1,undefined
CHEBI:32877,related,direct,Primary monoamine,II-Medical-8B,-1,undefined
CHEBI:32877,related,direct,R-NH2,II-Medical-8B,-1,undefined
CHEBI:32877,related,direct,RCH2NH2,II-Medical-8B,-1,exact
CHEBI:32877,related,direct,primaeres Amin,II-Medical-8B,-1,undefined
CHEBI:32879,exact,direct,propane,II-Medical-8B,-1,undefined
CHEBI:32879,related,direct,CH3-CH2-CH3,II-Medical-8B,-1,undefined
CHEBI:32879,related,direct,E944,II-Medical-8B,-1,undefined
CHEBI:32879,related,direct,Propan,II-Medical-8B,-1,undefined
CHEBI:32926,exact,direct,octadecane,II-Medical-8B,-1,exact
CHEBI:32926,related,direct,CH3-[CH2]16-CH3,II-Medical-8B,-1,undefined
CHEBI:32926,related,direct,Oktadekan,II-Medical-8B,-1,undefined
CHEBI:32926,related,direct,n-octadecane,II-Medical-8B,-1,undefined
CHEBI:32952,exact,direct,Amine,II-Medical-8B,-1,undefined
CHEBI:32952,exact,direct,amines,II-Medical-8B,-1,undefined
CHEBI:32952,related,direct,Amin,II-Medical-8B,-1,undefined
CHEBI:32952,related,direct,Substituted amine,II-Medical-8B,-1,undefined
CHEBI:32964,exact,direct,"2,5-diaminopentanoate",II-Medical-8B,-1,undefined
CHEBI:32964,exact,direct,ornithinate,II-Medical-8B,-1,undefined
CHEBI:32964,related,direct,ornithine anion,II-Medical-8B,-1,undefined
CHEBI:32970,exact,direct,2-aminoethanesulfonate,II-Medical-8B,-1,exact
CHEBI:32988,exact,direct,Amide,II-Medical-8B,-1,undefined
CHEBI:32988,exact,direct,amides,II-Medical-8B,-1,undefined
CHEBI:33017,exact,direct,trihydrogen diphosphate,II-Medical-8B,-1,undefined
CHEBI:33017,related,direct,H3P2O7(-),II-Medical-8B,-1,undefined
CHEBI:33019,exact,direct,hydrogen diphosphate,II-Medical-8B,-1,exact
CHEBI:33019,related,direct,HP2O7(3-),II-Medical-8B,-1,undefined
CHEBI:33019,related,direct,diphosphate,II-Medical-8B,-1,undefined
CHEBI:33224,exact,direct,"3,4-dihydro-2H-chromene",II-Medical-8B,-1,undefined
CHEBI:33224,exact,direct,chromane,II-Medical-8B,-1,undefined
CHEBI:33224,related,direct,"3,4-dihydro-2H-1-benzopyran",II-Medical-8B,-1,undefined
CHEBI:33224,related,direct,"3,4-dihydrobenzo[b]pyran",II-Medical-8B,-1,undefined
CHEBI:33224,related,direct,Chroman,II-Medical-8B,-1,undefined
CHEBI:33229,related,direct,vitamin,II-Medical-8B,-1,undefined
CHEBI:33229,related,direct,vitamina,II-Medical-8B,-1,undefined
CHEBI:33229,related,direct,vitaminas,II-Medical-8B,-1,undefined
CHEBI:33229,related,direct,vitamine,II-Medical-8B,-1,undefined
CHEBI:33229,related,direct,vitamines,II-Medical-8B,-1,undefined
CHEBI:33229,related,direct,vitamins,II-Medical-8B,-1,undefined
CHEBI:33229,related,direct,vitaminum,II-Medical-8B,-1,undefined
CHEBI:33233,exact,direct,elementary particle,II-Medical-8B,-1,undefined
CHEBI:33233,related,direct,elementary particles,II-Medical-8B,-1,undefined
CHEBI:33234,exact,direct,vitamin E,II-Medical-8B,-1,exact
CHEBI:33234,related,direct,vitamin E vitamer,II-Medical-8B,-1,undefined
CHEBI:33234,related,direct,vitamin E vitamers,II-Medical-8B,-1,exact
CHEBI:33234,related,direct,vitamin-E,II-Medical-8B,-1,undefined
CHEBI:33234,related,direct,vitamins E,II-Medical-8B,-1,undefined
CHEBI:33238,related,direct,atomic entity,II-Medical-8B,-1,undefined
CHEBI:33238,related,direct,monoatomic entities,II-Medical-8B,-1,exact
CHEBI:33240,exact,direct,coordination entities,II-Medical-8B,-1,undefined
CHEBI:33240,exact,direct,coordination entity,II-Medical-8B,-1,exact
CHEBI:33240,related,direct,coordination compounds,II-Medical-8B,-1,exact
CHEBI:33241,related,direct,oxoacid derivatives,II-Medical-8B,-1,undefined
CHEBI:33242,related,direct,inorganic hydrides,II-Medical-8B,-1,undefined
CHEBI:33245,related,direct,organic fundamental parents,II-Medical-8B,-1,undefined
CHEBI:33245,related,direct,organic parent hydrides,II-Medical-8B,-1,undefined
CHEBI:33246,related,direct,inorganic groups,II-Medical-8B,-1,undefined
CHEBI:33247,related,direct,organic groups,II-Medical-8B,-1,undefined
CHEBI:33248,exact,direct,hydrocarbyl group,II-Medical-8B,-1,undefined
CHEBI:33248,exact,direct,hydrocarbyl groups,II-Medical-8B,-1,undefined
CHEBI:33248,related,direct,groupe hydrocarbyle,II-Medical-8B,-1,undefined
CHEBI:33248,related,direct,grupo hidrocarbilo,II-Medical-8B,-1,undefined
CHEBI:33248,related,direct,grupos hidrocarbilo,II-Medical-8B,-1,undefined
CHEBI:33249,exact,direct,organyl group,II-Medical-8B,-1,undefined
CHEBI:33249,exact,direct,organyl groups,II-Medical-8B,-1,undefined
CHEBI:33249,related,direct,groupe organyle,II-Medical-8B,-1,undefined
CHEBI:33249,related,direct,grupo organilo,II-Medical-8B,-1,undefined
CHEBI:33249,related,direct,grupos organilo,II-Medical-8B,-1,undefined
CHEBI:33250,exact,direct,atom,II-Medical-8B,-1,undefined
CHEBI:33250,related,direct,atome,II-Medical-8B,-1,undefined
CHEBI:33250,related,direct,atomo,II-Medical-8B,-1,undefined
CHEBI:33250,related,direct,atoms,II-Medical-8B,-1,exact
CHEBI:33250,related,direct,atomus,II-Medical-8B,-1,undefined
CHEBI:33250,related,direct,element,II-Medical-8B,-1,undefined
CHEBI:33250,related,direct,elements,II-Medical-8B,-1,undefined
CHEBI:33252,exact,direct,nucleus,II-Medical-8B,-1,undefined
CHEBI:33252,related,direct,Atomkern,II-Medical-8B,-1,undefined
CHEBI:33252,related,direct,Kern,II-Medical-8B,-1,undefined
CHEBI:33252,related,direct,noyau,II-Medical-8B,-1,undefined
CHEBI:33252,related,direct,noyau atomique,II-Medical-8B,-1,undefined
CHEBI:33252,related,direct,nuclei,II-Medical-8B,-1,undefined
CHEBI:33252,related,direct,nucleo,II-Medical-8B,-1,undefined
CHEBI:33252,related,direct,nucleo atomico,II-Medical-8B,-1,undefined
CHEBI:33252,related,direct,nucleus atomi,II-Medical-8B,-1,undefined
CHEBI:33253,exact,direct,nucleon,II-Medical-8B,-1,undefined
CHEBI:33253,related,direct,Nukleon,II-Medical-8B,-1,undefined
CHEBI:33253,related,direct,Nukleonen,II-Medical-8B,-1,undefined
CHEBI:33253,related,direct,nucleons,II-Medical-8B,-1,exact
CHEBI:33256,exact,direct,primary amide,II-Medical-8B,-1,exact
CHEBI:33256,exact,direct,primary amides,II-Medical-8B,-1,undefined
CHEBI:33259,related,direct,homoatomic entity,II-Medical-8B,-1,undefined
CHEBI:33259,related,direct,homoatomic molecular entities,II-Medical-8B,-1,undefined
CHEBI:33259,related,direct,homoatomic molecular entity,II-Medical-8B,-1,undefined
CHEBI:33261,exact,direct,organosulfur compound,II-Medical-8B,-1,exact
CHEBI:33261,related,direct,organosulfur compounds,II-Medical-8B,-1,undefined
CHEBI:33273,related,direct,polyatomic anions,II-Medical-8B,-1,undefined
CHEBI:33280,related,direct,chemical messenger,II-Medical-8B,-1,undefined
CHEBI:33281,related,direct,Antibiotika,II-Medical-8B,-1,undefined
CHEBI:33281,related,direct,Antibiotikum,II-Medical-8B,-1,undefined
CHEBI:33281,related,direct,antibiotic,II-Medical-8B,-1,undefined
CHEBI:33281,related,direct,antibiotics,II-Medical-8B,-1,undefined
CHEBI:33281,related,direct,antibiotique,II-Medical-8B,-1,undefined
CHEBI:33281,related,direct,antimicrobial,II-Medical-8B,-1,undefined
CHEBI:33281,related,direct,antimicrobial agents,II-Medical-8B,-1,undefined
CHEBI:33281,related,direct,antimicrobials,II-Medical-8B,-1,undefined
CHEBI:33281,related,direct,microbicide,II-Medical-8B,-1,undefined
CHEBI:33281,related,direct,microbicides,II-Medical-8B,-1,undefined
CHEBI:33282,related,direct,antibacterial agents,II-Medical-8B,-1,exact
CHEBI:33282,related,direct,antibacterials,II-Medical-8B,-1,undefined
CHEBI:33282,related,direct,bactericide,II-Medical-8B,-1,undefined
CHEBI:33282,related,direct,bactericides,II-Medical-8B,-1,undefined
CHEBI:33284,related,direct,nutrients,II-Medical-8B,-1,undefined
CHEBI:33285,related,direct,heteroorganic entities,II-Medical-8B,-1,undefined
CHEBI:33285,related,direct,organoelement compounds,II-Medical-8B,-1,undefined
CHEBI:33286,related,direct,agrichemical,II-Medical-8B,-1,undefined
CHEBI:33286,related,direct,agrichemicals,II-Medical-8B,-1,undefined
CHEBI:33286,related,direct,agricultural chemicals,II-Medical-8B,-1,undefined
CHEBI:33286,related,direct,agrochemicals,II-Medical-8B,-1,undefined
CHEBI:33287,related,direct,fertiliser,II-Medical-8B,-1,undefined
CHEBI:33287,related,direct,fertilizers,II-Medical-8B,-1,undefined
CHEBI:33290,related,direct,food material,II-Medical-8B,-1,undefined
CHEBI:33290,related,direct,food materials,II-Medical-8B,-1,undefined
CHEBI:33290,related,direct,food role,II-Medical-8B,-1,undefined
CHEBI:33290,related,direct,foods,II-Medical-8B,-1,undefined
CHEBI:33290,related,direct,foodstuff,II-Medical-8B,-1,undefined
CHEBI:33290,related,direct,foodstuffs,II-Medical-8B,-1,undefined
CHEBI:33295,related,direct,diagnostic aid,II-Medical-8B,-1,undefined
CHEBI:33296,related,direct,alkali metal molecular entities,II-Medical-8B,-1,undefined
CHEBI:33300,exact,direct,pnictogens,II-Medical-8B,-1,undefined
CHEBI:33300,related,direct,group 15 elements,II-Medical-8B,-1,undefined
CHEBI:33300,related,direct,group V elements,II-Medical-8B,-1,exact
CHEBI:33300,related,direct,nitrogenoideos,II-Medical-8B,-1,undefined
CHEBI:33300,related,direct,nitrogenoides,II-Medical-8B,-1,undefined
CHEBI:33300,related,direct,pnictogene,II-Medical-8B,-1,undefined
CHEBI:33300,related,direct,pnictogenes,II-Medical-8B,-1,undefined
CHEBI:33302,exact,direct,pnictogen molecular entity,II-Medical-8B,-1,undefined
CHEBI:33302,related,direct,pnictogen molecular entities,II-Medical-8B,-1,undefined
CHEBI:33303,exact,direct,chalcogen,II-Medical-8B,-1,undefined
CHEBI:33303,exact,direct,chalcogens,II-Medical-8B,-1,undefined
CHEBI:33303,related,direct,Chalkogen,II-Medical-8B,-1,undefined
CHEBI:33303,related,direct,Chalkogene,II-Medical-8B,-1,undefined
CHEBI:33303,related,direct,anfigeno,II-Medical-8B,-1,undefined
CHEBI:33303,related,direct,anfigenos,II-Medical-8B,-1,undefined
CHEBI:33303,related,direct,calcogeno,II-Medical-8B,-1,undefined
CHEBI:33303,related,direct,calcogenos,II-Medical-8B,-1,undefined
CHEBI:33303,related,direct,chalcogene,II-Medical-8B,-1,undefined
CHEBI:33303,related,direct,chalcogenes,II-Medical-8B,-1,undefined
CHEBI:33303,related,direct,group 16 elements,II-Medical-8B,-1,exact
CHEBI:33303,related,direct,group VI elements,II-Medical-8B,-1,undefined
CHEBI:33304,exact,direct,chalcogen molecular entity,II-Medical-8B,-1,undefined
CHEBI:33304,related,direct,chalcogen compounds,II-Medical-8B,-1,undefined
CHEBI:33304,related,direct,chalcogen molecular entities,II-Medical-8B,-1,undefined
CHEBI:33306,exact,direct,group 14 elements,II-Medical-8B,-1,undefined
CHEBI:33306,related,direct,carbon group element,II-Medical-8B,-1,undefined
CHEBI:33306,related,direct,carbon group elements,II-Medical-8B,-1,undefined
CHEBI:33306,related,direct,carbonoides,II-Medical-8B,-1,undefined
CHEBI:33306,related,direct,cristallogene,II-Medical-8B,-1,undefined
CHEBI:33306,related,direct,cristallogenes,II-Medical-8B,-1,undefined
CHEBI:33306,related,direct,group IV elements,II-Medical-8B,-1,undefined
CHEBI:33308,exact,direct,Carboxylic ester,II-Medical-8B,-1,undefined
CHEBI:33308,exact,direct,carboxylic esters,II-Medical-8B,-1,undefined
CHEBI:33308,related,direct,a carboxylic ester,II-Medical-8B,-1,undefined
CHEBI:33308,related,direct,carboxylic acid esters,II-Medical-8B,-1,undefined
CHEBI:33318,exact,direct,main group elements,II-Medical-8B,-1,undefined
CHEBI:33318,related,direct,Hauptgruppenelement,II-Medical-8B,-1,undefined
CHEBI:33318,related,direct,Hauptgruppenelemente,II-Medical-8B,-1,undefined
CHEBI:33318,related,direct,main group element,II-Medical-8B,-1,undefined
CHEBI:33340,exact,direct,group 12 elements,II-Medical-8B,-1,undefined
CHEBI:33340,related,direct,zinc group element,II-Medical-8B,-1,undefined
CHEBI:33340,related,direct,zinc group elements,II-Medical-8B,-1,undefined
CHEBI:33352,exact,direct,group 7 elements,II-Medical-8B,-1,undefined
CHEBI:33352,related,direct,manganese group element,II-Medical-8B,-1,undefined
CHEBI:33352,related,direct,manganese group elements,II-Medical-8B,-1,undefined
CHEBI:33356,exact,direct,group 8 elements,II-Medical-8B,-1,undefined
CHEBI:33356,related,direct,iron group element,II-Medical-8B,-1,undefined
CHEBI:33356,related,direct,iron group elements,II-Medical-8B,-1,undefined
CHEBI:33358,exact,direct,group 9 elements,II-Medical-8B,-1,undefined
CHEBI:33358,related,direct,cobalt group element,II-Medical-8B,-1,undefined
CHEBI:33358,related,direct,cobalt group elements,II-Medical-8B,-1,undefined
CHEBI:33366,exact,direct,group 11 elements,II-Medical-8B,-1,undefined
CHEBI:33366,related,direct,coinage metals,II-Medical-8B,-1,undefined
CHEBI:33366,related,direct,copper group element,II-Medical-8B,-1,undefined
CHEBI:33366,related,direct,copper group elements,II-Medical-8B,-1,undefined
CHEBI:33402,related,direct,oxoacids of sulfur,II-Medical-8B,-1,undefined
CHEBI:33402,related,direct,sulfur oxoacids,II-Medical-8B,-1,undefined
CHEBI:33405,exact,direct,hydracid,II-Medical-8B,-1,exact
CHEBI:33405,related,direct,hydracids,II-Medical-8B,-1,undefined
CHEBI:33408,related,direct,pnictogen oxoacids,II-Medical-8B,-1,undefined
CHEBI:33424,exact,direct,sulfur oxoacid derivative,II-Medical-8B,-1,exact
CHEBI:33424,related,direct,sulfur oxoacid derivatives,II-Medical-8B,-1,undefined
CHEBI:33429,related,direct,monoatomic monoanions,II-Medical-8B,-1,undefined
CHEBI:33432,related,direct,atomic chlorine,II-Medical-8B,-1,undefined
CHEBI:33433,related,direct,monoatomic halogens,II-Medical-8B,-1,undefined
CHEBI:33434,exact,direct,elemental halogen,II-Medical-8B,-1,exact
CHEBI:33434,related,direct,elemental halogens,II-Medical-8B,-1,undefined
CHEBI:33452,exact,direct,benzylic group,II-Medical-8B,-1,undefined
CHEBI:33452,exact,direct,benzylic groups,II-Medical-8B,-1,undefined
CHEBI:33452,related,direct,benzylic groups,II-Medical-8B,-1,undefined
CHEBI:33452,related,direct,groupe benzylique,II-Medical-8B,-1,undefined
CHEBI:33457,exact,direct,phosphorus oxoacid,II-Medical-8B,-1,exact
CHEBI:33457,related,direct,Oxosaeure des Phosphors,II-Medical-8B,-1,undefined
CHEBI:33457,related,direct,oxoacids of phosphorus,II-Medical-8B,-1,undefined
CHEBI:33457,related,direct,phosphorus oxoacids,II-Medical-8B,-1,exact
CHEBI:33459,exact,direct,pnictogen oxoanion,II-Medical-8B,-1,exact
CHEBI:33459,related,direct,pnictogen oxoanions,II-Medical-8B,-1,undefined
CHEBI:33461,exact,direct,phosphorus oxoanion,II-Medical-8B,-1,undefined
CHEBI:33461,related,direct,oxoanions of phosphorus,II-Medical-8B,-1,undefined
CHEBI:33461,related,direct,phosphorus oxoanions,II-Medical-8B,-1,undefined
CHEBI:33482,exact,direct,sulfur oxoanion,II-Medical-8B,-1,exact
CHEBI:33482,related,direct,oxoanions of sulfur,II-Medical-8B,-1,undefined
CHEBI:33482,related,direct,sulfur oxoanions,II-Medical-8B,-1,undefined
CHEBI:33484,exact,direct,chalcogen oxoacid,II-Medical-8B,-1,exact
CHEBI:33484,related,direct,chalcogen oxoacids,II-Medical-8B,-1,undefined
CHEBI:33485,exact,direct,chalcogen oxoanion,II-Medical-8B,-1,exact
CHEBI:33485,related,direct,chalcogen oxoanions,II-Medical-8B,-1,undefined
CHEBI:33497,related,direct,transition element molecular entities,II-Medical-8B,-1,undefined
CHEBI:33497,related,direct,transition metal molecular entity,II-Medical-8B,-1,undefined
CHEBI:33504,related,direct,alkali metal cations,II-Medical-8B,-1,undefined
CHEBI:33515,related,direct,transition element cations,II-Medical-8B,-1,undefined
CHEBI:33515,related,direct,transition metal cation,II-Medical-8B,-1,undefined
CHEBI:33521,related,direct,elemental metal,II-Medical-8B,-1,undefined
CHEBI:33521,related,direct,elemental metals,II-Medical-8B,-1,undefined
CHEBI:33521,related,direct,metal element,II-Medical-8B,-1,undefined
CHEBI:33521,related,direct,metal elements,II-Medical-8B,-1,undefined
CHEBI:33521,related,direct,metals,II-Medical-8B,-1,undefined
CHEBI:33535,exact,direct,sulfur hydride,II-Medical-8B,-1,exact
CHEBI:33535,related,direct,hydrides of sulfur,II-Medical-8B,-1,undefined
CHEBI:33535,related,direct,sulfur hydrides,II-Medical-8B,-1,undefined
CHEBI:33535,related,direct,sulphur hydrides,II-Medical-8B,-1,undefined
CHEBI:33540,exact,direct,sulfurothioic acid,II-Medical-8B,-1,undefined
CHEBI:33540,exact,direct,thiosulfuric acid,II-Medical-8B,-1,undefined
CHEBI:33541,exact,direct,hydrogen sulfurothioate,II-Medical-8B,-1,undefined
CHEBI:33541,related,direct,HS2O3(-),II-Medical-8B,-1,exact
CHEBI:33543,exact,direct,hydridotrioxidosulfate(1-),II-Medical-8B,-1,undefined
CHEBI:33543,related,direct,SHO3(-),II-Medical-8B,-1,undefined
CHEBI:33543,related,direct,[SHO3](-),II-Medical-8B,-1,undefined
CHEBI:33543,related,direct,sulfonates,II-Medical-8B,-1,undefined
CHEBI:33551,related,direct,organosulfonic acids,II-Medical-8B,-1,undefined
CHEBI:33551,related,direct,sulfonic acids,II-Medical-8B,-1,broad
CHEBI:33552,exact,direct,sulfonic acid derivative,II-Medical-8B,-1,exact
CHEBI:33552,related,direct,derivatives of sulfonic acid,II-Medical-8B,-1,undefined
CHEBI:33552,related,direct,sulfonic acid derivatives,II-Medical-8B,-1,undefined
CHEBI:33554,related,direct,organosulfonate,II-Medical-8B,-1,undefined
CHEBI:33554,related,direct,organosulfonate oxoanions,II-Medical-8B,-1,undefined
CHEBI:33554,related,direct,organosulfonates,II-Medical-8B,-1,undefined
CHEBI:33558,related,direct,alpha-amino acid anion,II-Medical-8B,-1,exact
CHEBI:33558,related,direct,alpha-amino acid anions,II-Medical-8B,-1,undefined
CHEBI:33558,related,direct,alpha-amino-acid anions,II-Medical-8B,-1,undefined
CHEBI:33559,related,direct,s-block element,II-Medical-8B,-1,undefined
CHEBI:33559,related,direct,s-block elements,II-Medical-8B,-1,undefined
CHEBI:33560,related,direct,p-block element,II-Medical-8B,-1,undefined
CHEBI:33560,related,direct,p-block elements,II-Medical-8B,-1,undefined
CHEBI:33561,related,direct,d-block element,II-Medical-8B,-1,exact
CHEBI:33561,related,direct,d-block elements,II-Medical-8B,-1,undefined
CHEBI:33563,exact,direct,Glycolipid,II-Medical-8B,-1,undefined
CHEBI:33563,exact,direct,glycolipids,II-Medical-8B,-1,undefined
CHEBI:33563,related,direct,a glycolipid,II-Medical-8B,-1,undefined
CHEBI:33566,related,direct,"1,2-benzenediols",II-Medical-8B,-1,undefined
CHEBI:33566,related,direct,a catechol,II-Medical-8B,-1,undefined
CHEBI:33566,related,direct,"benzene-1,2-diols",II-Medical-8B,-1,undefined
CHEBI:33567,exact,direct,Catecholamine,II-Medical-8B,-1,exact
CHEBI:33567,exact,direct,catecholamines,II-Medical-8B,-1,undefined
CHEBI:33567,related,direct,catecholamines,II-Medical-8B,-1,undefined
CHEBI:33568,exact,direct,"rac-4-[1-hydroxy-2-(methylamino)ethyl]benzene-1,2-diol",II-Medical-8B,-1,undefined
CHEBI:33568,related,direct,(+-)-adrenaline,II-Medical-8B,-1,undefined
CHEBI:33568,related,direct,(+-)-epinephrine,II-Medical-8B,-1,undefined
CHEBI:33568,related,direct,"2-(methylamino)-1-(3,4-dihydroxyphenyl)ethanol",II-Medical-8B,-1,undefined
CHEBI:33568,related,direct,dl-adrenaline,II-Medical-8B,-1,undefined
CHEBI:33568,related,direct,epinephrine racemic,II-Medical-8B,-1,undefined
CHEBI:33568,related,direct,rac-adrenaline,II-Medical-8B,-1,undefined
CHEBI:33568,related,direct,racemic adrenaline,II-Medical-8B,-1,undefined
CHEBI:33568,related,direct,racepinefrina,II-Medical-8B,-1,undefined
CHEBI:33568,related,direct,racepinefrine,II-Medical-8B,-1,undefined
CHEBI:33568,related,direct,racepinefrinum,II-Medical-8B,-1,undefined
CHEBI:33569,exact,direct,"4-(2-amino-1-hydroxyethyl)benzene-1,2-diol",II-Medical-8B,-1,undefined
CHEBI:33569,related,direct,noradrenalina,II-Medical-8B,-1,undefined
CHEBI:33569,related,direct,norepinephrine,II-Medical-8B,-1,undefined
CHEBI:33575,exact,direct,carboxylic acid,II-Medical-8B,-1,exact
CHEBI:33575,exact,direct,carboxylic acids,II-Medical-8B,-1,undefined
CHEBI:33575,related,direct,Carbonsaeure,II-Medical-8B,-1,undefined
CHEBI:33575,related,direct,Carbonsaeuren,II-Medical-8B,-1,undefined
CHEBI:33575,related,direct,Karbonsaeure,II-Medical-8B,-1,undefined
CHEBI:33575,related,direct,RC(=O)OH,II-Medical-8B,-1,undefined
CHEBI:33575,related,direct,acide carboxylique,II-Medical-8B,-1,undefined
CHEBI:33575,related,direct,acides carboxyliques,II-Medical-8B,-1,undefined
CHEBI:33575,related,direct,acido carboxilico,II-Medical-8B,-1,undefined
CHEBI:33575,related,direct,acidos carboxilicos,II-Medical-8B,-1,undefined
CHEBI:33576,related,direct,S-containing carboxylic acid,II-Medical-8B,-1,undefined
CHEBI:33576,related,direct,S-containing carboxylic acids,II-Medical-8B,-1,undefined
CHEBI:33576,related,direct,sulfur-containing carboxylic acids,II-Medical-8B,-1,exact
CHEBI:33579,related,direct,main group compounds,II-Medical-8B,-1,undefined
CHEBI:33579,related,direct,main group molecular entities,II-Medical-8B,-1,undefined
CHEBI:33582,exact,direct,carbon group molecular entity,II-Medical-8B,-1,exact
CHEBI:33582,related,direct,carbon group molecular entities,II-Medical-8B,-1,undefined
CHEBI:33595,related,direct,cyclic compounds,II-Medical-8B,-1,undefined
CHEBI:33597,exact,direct,homocyclic compound,II-Medical-8B,-1,undefined
CHEBI:33597,exact,direct,homocyclic compounds,II-Medical-8B,-1,undefined
CHEBI:33597,related,direct,isocyclic compounds,II-Medical-8B,-1,undefined
CHEBI:33598,exact,direct,carbocyclic compound,II-Medical-8B,-1,exact
CHEBI:33598,exact,direct,carbocyclic compounds,II-Medical-8B,-1,undefined
CHEBI:33598,related,direct,carbocycle,II-Medical-8B,-1,undefined
CHEBI:33608,related,direct,hydrogen compounds,II-Medical-8B,-1,undefined
CHEBI:33608,related,direct,hydrogen molecular entities,II-Medical-8B,-1,undefined
CHEBI:33635,related,direct,polycyclic compounds,II-Medical-8B,-1,undefined
CHEBI:33636,related,direct,bicyclic compounds,II-Medical-8B,-1,undefined
CHEBI:33653,exact,direct,aliphatic compounds,II-Medical-8B,-1,undefined
CHEBI:33655,exact,direct,aromatic compounds,II-Medical-8B,-1,undefined
CHEBI:33655,exact,direct,aromatic molecular entity,II-Medical-8B,-1,undefined
CHEBI:33655,related,direct,aromatics,II-Medical-8B,-1,undefined
CHEBI:33655,related,direct,aromatische Verbindungen,II-Medical-8B,-1,undefined
CHEBI:33658,exact,direct,arene,II-Medical-8B,-1,undefined
CHEBI:33658,exact,direct,arenes,II-Medical-8B,-1,undefined
CHEBI:33658,related,direct,aromatic hydrocarbons,II-Medical-8B,-1,undefined
CHEBI:33659,related,direct,organic aromatic compounds,II-Medical-8B,-1,undefined
CHEBI:33661,related,direct,monocyclic compounds,II-Medical-8B,-1,undefined
CHEBI:33662,exact,direct,annulene,II-Medical-8B,-1,exact
CHEBI:33662,exact,direct,annulenes,II-Medical-8B,-1,undefined
CHEBI:33663,exact,direct,cyclic hydrocarbon,II-Medical-8B,-1,exact
CHEBI:33663,related,direct,cyclic hydrocarbons,II-Medical-8B,-1,undefined
CHEBI:33664,exact,direct,monocyclic hydrocarbon,II-Medical-8B,-1,exact
CHEBI:33664,exact,direct,monocyclic hydrocarbons,II-Medical-8B,-1,undefined
CHEBI:33664,related,direct,monocyclic hydrocarbons,II-Medical-8B,-1,undefined
CHEBI:33670,exact,direct,heteromonocyclic compound,II-Medical-8B,-1,exact
CHEBI:33670,exact,direct,heteromonocyclic compounds,II-Medical-8B,-1,undefined
CHEBI:33671,exact,direct,heteropolycyclic compounds,II-Medical-8B,-1,exact
CHEBI:33671,related,direct,polyheterocyclic compounds,II-Medical-8B,-1,undefined
CHEBI:33672,exact,direct,heterobicyclic compounds,II-Medical-8B,-1,undefined
CHEBI:33674,exact,direct,s-block molecular entity,II-Medical-8B,-1,exact
CHEBI:33674,related,direct,s-block compounds,II-Medical-8B,-1,undefined
CHEBI:33674,related,direct,s-block molecular entities,II-Medical-8B,-1,undefined
CHEBI:33675,related,direct,p-block compounds,II-Medical-8B,-1,undefined
CHEBI:33675,related,direct,p-block molecular entities,II-Medical-8B,-1,undefined
CHEBI:33675,related,direct,p-block molecular entitiy,II-Medical-8B,-1,undefined
CHEBI:33676,exact,direct,d-block molecular entity,II-Medical-8B,-1,exact
CHEBI:33676,related,direct,d-block compounds,II-Medical-8B,-1,undefined
CHEBI:33676,related,direct,d-block molecular entities,II-Medical-8B,-1,undefined
CHEBI:33693,exact,direct,oxygen hydride,II-Medical-8B,-1,exact
CHEBI:33693,related,direct,hydrides of oxygen,II-Medical-8B,-1,undefined
CHEBI:33693,related,direct,oxygen hydrides,II-Medical-8B,-1,undefined
CHEBI:33694,exact,direct,biopolymer,II-Medical-8B,-1,undefined
CHEBI:33694,related,direct,Biopolymere,II-Medical-8B,-1,undefined
CHEBI:33694,related,direct,biomacromolecules,II-Medical-8B,-1,undefined
CHEBI:33694,related,direct,biopolymers,II-Medical-8B,-1,undefined
CHEBI:33695,related,direct,genetically encoded biomacromolecules,II-Medical-8B,-1,undefined
CHEBI:33695,related,direct,genetically encoded biopolymers,II-Medical-8B,-1,undefined
CHEBI:33695,related,direct,information biomacromolecules,II-Medical-8B,-1,undefined
CHEBI:33695,related,direct,information biopolymers,II-Medical-8B,-1,undefined
CHEBI:33695,related,direct,information macromolecule,II-Medical-8B,-1,undefined
CHEBI:33695,related,direct,information macromolecules,II-Medical-8B,-1,undefined
CHEBI:33700,related,direct,canonical amino-acid residue,II-Medical-8B,-1,undefined
CHEBI:33700,related,direct,canonical amino-acid residues,II-Medical-8B,-1,undefined
CHEBI:33700,related,direct,common amino acid residues,II-Medical-8B,-1,undefined
CHEBI:33700,related,direct,proteinogenic amino-acid residues,II-Medical-8B,-1,undefined
CHEBI:33700,related,direct,standard amino acid residues,II-Medical-8B,-1,undefined
CHEBI:33700,related,direct,standard amino-acid residues,II-Medical-8B,-1,undefined
CHEBI:33702,related,direct,polyatomic cations,II-Medical-8B,-1,undefined
CHEBI:33703,related,direct,amino acid cation,II-Medical-8B,-1,undefined
CHEBI:33703,related,direct,amino acid cations,II-Medical-8B,-1,undefined
CHEBI:33703,related,direct,amino-acid cations,II-Medical-8B,-1,undefined
CHEBI:33704,exact,direct,alpha-amino acid,II-Medical-8B,-1,undefined
CHEBI:33704,related,direct,Amino acid,II-Medical-8B,-1,undefined
CHEBI:33704,related,direct,Amino acids,II-Medical-8B,-1,undefined
CHEBI:33704,related,direct,alpha-amino acids,II-Medical-8B,-1,undefined
CHEBI:33704,related,direct,alpha-amino carboxylic acids,II-Medical-8B,-1,undefined
CHEBI:33706,exact,direct,beta-amino acid,II-Medical-8B,-1,exact
CHEBI:33706,related,direct,beta-amino acids,II-Medical-8B,-1,undefined
CHEBI:33707,exact,direct,gamma-amino acid,II-Medical-8B,-1,undefined
CHEBI:33707,related,direct,gamma-amino acids,II-Medical-8B,-1,undefined
CHEBI:33708,exact,direct,amino-acid residue,II-Medical-8B,-1,undefined
CHEBI:33708,related,direct,amino acid residue,II-Medical-8B,-1,undefined
CHEBI:33708,related,direct,amino acid residues,II-Medical-8B,-1,undefined
CHEBI:33708,related,direct,amino-acid residues,II-Medical-8B,-1,exact
CHEBI:33709,related,direct,Aminocarbonsaeure,II-Medical-8B,-1,undefined
CHEBI:33709,related,direct,Aminokarbonsaeure,II-Medical-8B,-1,undefined
CHEBI:33709,related,direct,Aminosaeure,II-Medical-8B,-1,undefined
CHEBI:33709,related,direct,amino acids,II-Medical-8B,-1,undefined
CHEBI:33710,related,direct,alpha-amino-acid residues,II-Medical-8B,-1,undefined
CHEBI:33710,related,direct,an alpha-amino acid residue,II-Medical-8B,-1,undefined
CHEBI:33719,related,direct,alpha-amino acid cation,II-Medical-8B,-1,undefined
CHEBI:33719,related,direct,alpha-amino acid cations,II-Medical-8B,-1,undefined
CHEBI:33719,related,direct,alpha-amino-acid cations,II-Medical-8B,-1,undefined
CHEBI:33720,exact,direct,carbohydrate acid,II-Medical-8B,-1,exact
CHEBI:33720,related,direct,carbohydrate acids,II-Medical-8B,-1,undefined
CHEBI:33721,exact,direct,carbohydrate acid anion,II-Medical-8B,-1,exact
CHEBI:33721,related,direct,carbohydrate acid anions,II-Medical-8B,-1,undefined
CHEBI:33729,exact,direct,tetritol,II-Medical-8B,-1,exact
CHEBI:33729,related,direct,tetritols,II-Medical-8B,-1,undefined
CHEBI:33744,exact,direct,iron group molecular entity,II-Medical-8B,-1,exact
CHEBI:33744,related,direct,iron group molecular entities,II-Medical-8B,-1,undefined
CHEBI:33752,exact,direct,hexonic acid,II-Medical-8B,-1,undefined
CHEBI:33752,related,direct,aldohexonic acids,II-Medical-8B,-1,undefined
CHEBI:33752,related,direct,hexonic acids,II-Medical-8B,-1,undefined
CHEBI:33760,exact,direct,hexonate,II-Medical-8B,-1,exact
CHEBI:33760,related,direct,aldohexonates,II-Medical-8B,-1,undefined
CHEBI:33760,related,direct,hexonates,II-Medical-8B,-1,undefined
CHEBI:33767,exact,direct,cobalt group molecular entity,II-Medical-8B,-1,exact
CHEBI:33767,related,direct,cobalt group molecular entities,II-Medical-8B,-1,undefined
CHEBI:33822,exact,direct,hydroxy compounds,II-Medical-8B,-1,undefined
CHEBI:33822,related,direct,organic alcohol,II-Medical-8B,-1,undefined
CHEBI:33822,related,direct,organic hydroxy compounds,II-Medical-8B,-1,undefined
CHEBI:33832,related,direct,organic cyclic compounds,II-Medical-8B,-1,undefined
CHEBI:33833,exact,direct,heteroarenes,II-Medical-8B,-1,undefined
CHEBI:33833,related,direct,hetarenes,II-Medical-8B,-1,undefined
CHEBI:33836,related,direct,benzenoid aromatic compounds,II-Medical-8B,-1,undefined
CHEBI:33836,related,direct,benzenoid compound,II-Medical-8B,-1,undefined
CHEBI:33837,exact,direct,conjugated proteins,II-Medical-8B,-1,undefined
CHEBI:33837,related,direct,complex protein,II-Medical-8B,-1,undefined
CHEBI:33838,exact,direct,Nucleoside,II-Medical-8B,-1,undefined
CHEBI:33838,exact,direct,nucleosides,II-Medical-8B,-1,undefined
CHEBI:33838,related,direct,a nucleoside,II-Medical-8B,-1,undefined
CHEBI:33838,related,direct,nucleosides,II-Medical-8B,-1,undefined
CHEBI:33839,exact,direct,macromolecule,II-Medical-8B,-1,exact
CHEBI:33839,related,direct,macromolecules,II-Medical-8B,-1,undefined
CHEBI:33839,related,direct,polymer,II-Medical-8B,-1,undefined
CHEBI:33839,related,direct,polymer molecule,II-Medical-8B,-1,undefined
CHEBI:33839,related,direct,polymers,II-Medical-8B,-1,undefined
CHEBI:33842,related,direct,aromatic annulenes,II-Medical-8B,-1,undefined
CHEBI:33847,related,direct,monocyclic arenes,II-Medical-8B,-1,undefined
CHEBI:33853,exact,direct,phenols,II-Medical-8B,-1,undefined
CHEBI:33853,related,direct,Aryl alcohol,II-Medical-8B,-1,undefined
CHEBI:33853,related,direct,a phenol,II-Medical-8B,-1,undefined
CHEBI:33853,related,direct,arenols,II-Medical-8B,-1,undefined
CHEBI:33856,exact,direct,Aromatic amino acid,II-Medical-8B,-1,undefined
CHEBI:33856,related,direct,aromatic amino acids,II-Medical-8B,-1,exact
CHEBI:33859,related,direct,aromatic carboxylic acids,II-Medical-8B,-1,undefined
CHEBI:33861,related,direct,transition element coordination entities,II-Medical-8B,-1,undefined
CHEBI:33861,related,direct,transition metal coordination compounds,II-Medical-8B,-1,undefined
CHEBI:33861,related,direct,transition metal coordination entities,II-Medical-8B,-1,undefined
CHEBI:33888,exact,direct,cobalt molecular entity,II-Medical-8B,-1,exact
CHEBI:33888,related,direct,cobalt compounds,II-Medical-8B,-1,undefined
CHEBI:33888,related,direct,cobalt molecular entities,II-Medical-8B,-1,undefined
CHEBI:33890,exact,direct,cobalt coordination entity,II-Medical-8B,-1,undefined
CHEBI:33890,related,direct,cobalt coordination compounds,II-Medical-8B,-1,undefined
CHEBI:33890,related,direct,cobalt coordination entities,II-Medical-8B,-1,undefined
CHEBI:33892,exact,direct,iron coordination entity,II-Medical-8B,-1,exact
CHEBI:33892,related,direct,iron coordination compounds,II-Medical-8B,-1,undefined
CHEBI:33892,related,direct,iron coordination entities,II-Medical-8B,-1,undefined
CHEBI:33893,exact,direct,reagent,II-Medical-8B,-1,undefined
CHEBI:33893,related,direct,reactif,II-Medical-8B,-1,undefined
CHEBI:33893,related,direct,reactivo,II-Medical-8B,-1,undefined
CHEBI:33893,related,direct,reagents,II-Medical-8B,-1,exact
CHEBI:33906,related,direct,cobalt corrinoids,II-Medical-8B,-1,undefined
CHEBI:33906,related,direct,cobalt-corrinoids,II-Medical-8B,-1,undefined
CHEBI:33909,related,direct,metal-tetrapyrrole,II-Medical-8B,-1,undefined
CHEBI:33909,related,direct,metal-tetrapyrrole complex,II-Medical-8B,-1,undefined
CHEBI:33909,related,direct,metallotetrapyrroles,II-Medical-8B,-1,undefined
CHEBI:33913,exact,direct,Corrinoid,II-Medical-8B,-1,undefined
CHEBI:33913,exact,direct,corrinoid,II-Medical-8B,-1,undefined
CHEBI:33913,exact,direct,corrinoids,II-Medical-8B,-1,undefined
CHEBI:33913,related,direct,Corrinoid protein,II-Medical-8B,-1,undefined
CHEBI:33913,related,direct,Corrinoid protein Co+,II-Medical-8B,-1,undefined
CHEBI:33913,related,direct,Korrinoid,II-Medical-8B,-1,undefined
CHEBI:33913,related,direct,corrinoide,II-Medical-8B,-1,undefined
CHEBI:33913,related,direct,corrinoides,II-Medical-8B,-1,undefined
CHEBI:33916,exact,direct,aldopentose,II-Medical-8B,-1,undefined
CHEBI:33916,related,direct,aldopentoses,II-Medical-8B,-1,undefined
CHEBI:33917,exact,direct,aldohexose,II-Medical-8B,-1,exact
CHEBI:33917,related,direct,aldohexoses,II-Medical-8B,-1,undefined
CHEBI:33937,related,direct,macronutrients,II-Medical-8B,-1,undefined
CHEBI:33942,exact,direct,ribo-pentose,II-Medical-8B,-1,exact
CHEBI:33942,exact,direct,ribose,II-Medical-8B,-1,exact
CHEBI:33942,related,direct,Rib,II-Medical-8B,-1,undefined
CHEBI:33984,exact,direct,6-deoxygalactose,II-Medical-8B,-1,undefined
CHEBI:33984,exact,direct,Fucose,II-Medical-8B,-1,undefined
CHEBI:33984,exact,direct,fucose,II-Medical-8B,-1,undefined
CHEBI:33984,related,direct,6-Deoxygalactose,II-Medical-8B,-1,undefined
CHEBI:33984,related,direct,Fuc,II-Medical-8B,-1,exact
CHEBI:3424,exact,direct,"3-carboxy-2-hydroxy-N,N,N-trimethylpropan-1-aminium",II-Medical-8B,-1,undefined
CHEBI:3424,related,direct,3-hydroxy-4-(trimethylammonio)butanoic acid,II-Medical-8B,-1,undefined
CHEBI:3424,related,direct,Carnitine,II-Medical-8B,-1,undefined
CHEBI:350546,exact,direct,2-(5-hydroxy-1H-indol-3-yl)ethanaminium,II-Medical-8B,-1,undefined
CHEBI:350546,related,direct,serotonin,II-Medical-8B,-1,undefined
CHEBI:350546,related,direct,serotonin cation,II-Medical-8B,-1,undefined
CHEBI:35106,related,direct,nitrogen hydrides,II-Medical-8B,-1,undefined
CHEBI:35107,related,direct,azanes,II-Medical-8B,-1,undefined
CHEBI:35134,exact,direct,metalloprotein,II-Medical-8B,-1,undefined
CHEBI:35134,related,direct,metalloproteine,II-Medical-8B,-1,undefined
CHEBI:35134,related,direct,metalloproteins,II-Medical-8B,-1,undefined
CHEBI:35136,exact,direct,iron protein,II-Medical-8B,-1,undefined
CHEBI:35136,related,direct,iron proteins,II-Medical-8B,-1,undefined
CHEBI:35136,related,direct,iron-containing proteins,II-Medical-8B,-1,undefined
CHEBI:35137,exact,direct,hemoprotein,II-Medical-8B,-1,undefined
CHEBI:35137,related,direct,Haemoprotein,II-Medical-8B,-1,exact
CHEBI:35137,related,direct,Haemprotein,II-Medical-8B,-1,undefined
CHEBI:35137,related,direct,haem protein,II-Medical-8B,-1,undefined
CHEBI:35137,related,direct,haemoprotein,II-Medical-8B,-1,undefined
CHEBI:35137,related,direct,heme protein,II-Medical-8B,-1,undefined
CHEBI:35137,related,direct,hemeproteins,II-Medical-8B,-1,undefined
CHEBI:35137,related,direct,hemoproteins,II-Medical-8B,-1,undefined
CHEBI:35143,exact,direct,hemoglobin,II-Medical-8B,-1,undefined
CHEBI:35143,related,direct,haemoglobin,II-Medical-8B,-1,exact
CHEBI:35143,related,direct,vertebrate haemoglobin,II-Medical-8B,-1,undefined
CHEBI:35147,exact,direct,"(6'R)-beta,epsilon-carotene",II-Medical-8B,-1,undefined
CHEBI:35147,related,direct,(+)-alpha-carotene,II-Medical-8B,-1,undefined
CHEBI:35147,related,direct,alpha-carotene (natural),II-Medical-8B,-1,undefined
CHEBI:35148,exact,direct,"(6'S)-beta,epsilon-carotene",II-Medical-8B,-1,undefined
CHEBI:35163,exact,direct,cyclic carotene,II-Medical-8B,-1,exact
CHEBI:35163,related,direct,cyclic carotenes,II-Medical-8B,-1,undefined
CHEBI:35179,related,direct,2-oxo monocarboxylate,II-Medical-8B,-1,undefined
CHEBI:35179,related,direct,2-oxo monocarboxylic acid anions,II-Medical-8B,-1,undefined
CHEBI:35179,related,direct,a 2-oxocarboxylate,II-Medical-8B,-1,undefined
CHEBI:35186,exact,direct,terpene,II-Medical-8B,-1,exact
CHEBI:35186,exact,direct,terpenes,II-Medical-8B,-1,undefined
CHEBI:35186,related,direct,Terpen,II-Medical-8B,-1,exact
CHEBI:35186,related,direct,terpenes,II-Medical-8B,-1,undefined
CHEBI:35186,related,direct,terpeno,II-Medical-8B,-1,undefined
CHEBI:35186,related,direct,terpenos,II-Medical-8B,-1,undefined
CHEBI:35189,exact,direct,sesquiterpenes,II-Medical-8B,-1,undefined
CHEBI:35189,related,direct,Sesquiterpen,II-Medical-8B,-1,undefined
CHEBI:35189,related,direct,sesquiterpenes,II-Medical-8B,-1,undefined
CHEBI:35189,related,direct,sesquiterpeno,II-Medical-8B,-1,exact
CHEBI:35189,related,direct,sesquiterpenos,II-Medical-8B,-1,exact
CHEBI:35190,exact,direct,diterpenes,II-Medical-8B,-1,undefined
CHEBI:35190,related,direct,Diterpen,II-Medical-8B,-1,undefined
CHEBI:35190,related,direct,diterpenes,II-Medical-8B,-1,exact
CHEBI:35190,related,direct,diterpeno,II-Medical-8B,-1,undefined
CHEBI:35190,related,direct,diterpenos,II-Medical-8B,-1,undefined
CHEBI:35191,exact,direct,triterpenes,II-Medical-8B,-1,exact
CHEBI:35191,related,direct,Triterpen,II-Medical-8B,-1,exact
CHEBI:35191,related,direct,triterpenes,II-Medical-8B,-1,undefined
CHEBI:35191,related,direct,triterpeno,II-Medical-8B,-1,undefined
CHEBI:35191,related,direct,triterpenos,II-Medical-8B,-1,undefined
CHEBI:35193,exact,direct,tetraterpenes,II-Medical-8B,-1,undefined
CHEBI:35193,related,direct,tetraterpenes,II-Medical-8B,-1,undefined
CHEBI:35193,related,direct,tetraterpeno,II-Medical-8B,-1,undefined
CHEBI:35193,related,direct,tetraterpenos,II-Medical-8B,-1,undefined
CHEBI:35195,exact,direct,surfactant,II-Medical-8B,-1,undefined
CHEBI:35195,related,direct,surface active agent,II-Medical-8B,-1,undefined
CHEBI:35195,related,direct,surfactants,II-Medical-8B,-1,undefined
CHEBI:35219,related,direct,plant growth inhibitor,II-Medical-8B,-1,undefined
CHEBI:35219,related,direct,plant growth inhibitors,II-Medical-8B,-1,undefined
CHEBI:35219,related,direct,plant growth retardants,II-Medical-8B,-1,undefined
CHEBI:35221,exact,direct,antimetabolite,II-Medical-8B,-1,exact
CHEBI:35221,related,direct,antimetabolites,II-Medical-8B,-1,undefined
CHEBI:35222,exact,direct,inhibitor,II-Medical-8B,-1,undefined
CHEBI:35222,related,direct,inhibidor,II-Medical-8B,-1,exact
CHEBI:35222,related,direct,inhibiteur,II-Medical-8B,-1,undefined
CHEBI:35222,related,direct,inhibitors,II-Medical-8B,-1,undefined
CHEBI:35223,exact,direct,catalyst,II-Medical-8B,-1,exact
CHEBI:35223,related,direct,Katalysator,II-Medical-8B,-1,undefined
CHEBI:35223,related,direct,catalizador,II-Medical-8B,-1,exact
CHEBI:35223,related,direct,catalyseur,II-Medical-8B,-1,undefined
CHEBI:35235,exact,direct,(2R)-2-ammonio-3-sulfanylpropanoate,II-Medical-8B,-1,undefined
CHEBI:35235,exact,direct,L-cysteine zwitterion,II-Medical-8B,-1,exact
CHEBI:35235,related,direct,(2R)-2-ammonio-3-mercaptopropanoate,II-Medical-8B,-1,undefined
CHEBI:35235,related,direct,L-cysteine,II-Medical-8B,-1,undefined
CHEBI:35236,exact,direct,(2S)-2-ammonio-3-sulfanylpropanoate,II-Medical-8B,-1,undefined
CHEBI:35236,exact,direct,D-cysteine zwitterion,II-Medical-8B,-1,undefined
CHEBI:35236,related,direct,(2S)-2-ammonio-3-mercaptopropanoate,II-Medical-8B,-1,undefined
CHEBI:35236,related,direct,D-cysteine,II-Medical-8B,-1,undefined
CHEBI:35237,exact,direct,2-ammonio-3-sulfanylpropanoate,II-Medical-8B,-1,undefined
CHEBI:35237,exact,direct,cysteine zwitterion,II-Medical-8B,-1,exact
CHEBI:35237,related,direct,(+)H3N-CH(CH2SH)-COO(-),II-Medical-8B,-1,undefined
CHEBI:35237,related,direct,2-ammonio-3-mercaptopropanoate,II-Medical-8B,-1,undefined
CHEBI:35238,related,direct,amino acid zwitterion,II-Medical-8B,-1,undefined
CHEBI:35238,related,direct,amino acid zwitterions,II-Medical-8B,-1,undefined
CHEBI:35238,related,direct,amino-acid zwitterions,II-Medical-8B,-1,exact
CHEBI:35243,exact,direct,2-ammonio-3-hydroxypropanoate,II-Medical-8B,-1,exact
CHEBI:35243,exact,direct,serine zwitterion,II-Medical-8B,-1,undefined
CHEBI:35258,exact,direct,glyco-amino acid,II-Medical-8B,-1,undefined
CHEBI:35258,related,direct,glyco-amino acids,II-Medical-8B,-1,undefined
CHEBI:35267,exact,direct,quaternary ammonium ion,II-Medical-8B,-1,exact
CHEBI:35267,related,direct,Quaternary amine,II-Medical-8B,-1,exact
CHEBI:35267,related,direct,a quaternary ammonium,II-Medical-8B,-1,undefined
CHEBI:35267,related,direct,quaternary ammonium ions,II-Medical-8B,-1,undefined
CHEBI:35269,exact,direct,N-glycosyl amino acid,II-Medical-8B,-1,exact
CHEBI:35269,related,direct,N-glycosyl amino acids,II-Medical-8B,-1,undefined
CHEBI:35274,related,direct,ammonium ion derivatives,II-Medical-8B,-1,undefined
CHEBI:35274,related,direct,azanium ion derivative,II-Medical-8B,-1,undefined
CHEBI:35274,related,direct,azanium ion derivatives,II-Medical-8B,-1,undefined
CHEBI:35281,exact,direct,betaines,II-Medical-8B,-1,undefined
CHEBI:35281,related,direct,onium betaines,II-Medical-8B,-1,undefined
CHEBI:35282,related,direct,sulfonium betaines,II-Medical-8B,-1,undefined
CHEBI:35284,related,direct,ammonium betaines,II-Medical-8B,-1,undefined
CHEBI:35313,exact,direct,hexoside,II-Medical-8B,-1,exact
CHEBI:35313,related,direct,hexosides,II-Medical-8B,-1,undefined
CHEBI:35341,exact,direct,Steroid,II-Medical-8B,-1,undefined
CHEBI:35341,exact,direct,steroids,II-Medical-8B,-1,undefined
CHEBI:35341,related,direct,a steroid,II-Medical-8B,-1,undefined
CHEBI:35342,related,direct,17-alpha-Hydroxysteroid,II-Medical-8B,-1,undefined
CHEBI:35342,related,direct,17alpha-hydroxy steroids,II-Medical-8B,-1,undefined
CHEBI:35343,related,direct,17beta-hydroxy steroids,II-Medical-8B,-1,exact
CHEBI:35343,related,direct,17beta-hydroxysteroid,II-Medical-8B,-1,undefined
CHEBI:35343,related,direct,17beta-hydroxysteroids,II-Medical-8B,-1,exact
CHEBI:35343,related,direct,a 17beta-hydroxy steroid,II-Medical-8B,-1,undefined
CHEBI:35344,related,direct,21-Hydroxysteroid,II-Medical-8B,-1,undefined
CHEBI:35344,related,direct,21-hydroxy steroids,II-Medical-8B,-1,undefined
CHEBI:35344,related,direct,21-hydroxysteroids,II-Medical-8B,-1,undefined
CHEBI:35346,related,direct,11beta-Hydroxysteroid,II-Medical-8B,-1,undefined
CHEBI:35346,related,direct,11beta-hydroxy steroids,II-Medical-8B,-1,undefined
CHEBI:35346,related,direct,11beta-hydroxysteroids,II-Medical-8B,-1,undefined
CHEBI:35346,related,direct,an 11beta-hydroxysteroid,II-Medical-8B,-1,undefined
CHEBI:35348,related,direct,3beta-hydroxysteroids,II-Medical-8B,-1,undefined
CHEBI:35348,related,direct,3beta-sterols,II-Medical-8B,-1,undefined
CHEBI:35350,related,direct,Hydroxysteroid,II-Medical-8B,-1,undefined
CHEBI:35350,related,direct,hydroxy steroids,II-Medical-8B,-1,undefined
CHEBI:35350,related,direct,hydroxysteroids,II-Medical-8B,-1,undefined
CHEBI:35352,exact,direct,organonitrogen compounds,II-Medical-8B,-1,undefined
CHEBI:35352,related,direct,organonitrogens,II-Medical-8B,-1,undefined
CHEBI:35366,exact,direct,Fatty acid,II-Medical-8B,-1,undefined
CHEBI:35366,exact,direct,fatty acids,II-Medical-8B,-1,undefined
CHEBI:35366,related,direct,Fettsaeure,II-Medical-8B,-1,undefined
CHEBI:35366,related,direct,Fettsaeuren,II-Medical-8B,-1,undefined
CHEBI:35366,related,direct,acide gras,II-Medical-8B,-1,undefined
CHEBI:35366,related,direct,acides gras,II-Medical-8B,-1,exact
CHEBI:35366,related,direct,acido graso,II-Medical-8B,-1,undefined
CHEBI:35366,related,direct,acidos grasos,II-Medical-8B,-1,undefined
CHEBI:35366,related,direct,fatty acids,II-Medical-8B,-1,undefined
CHEBI:35375,exact,direct,Alditol 6-phosphate,II-Medical-8B,-1,undefined
CHEBI:35375,related,direct,alditol 6-phosphates,II-Medical-8B,-1,undefined
CHEBI:35381,exact,direct,Monosaccharide,II-Medical-8B,-1,undefined
CHEBI:35381,exact,direct,monosaccharides,II-Medical-8B,-1,undefined
CHEBI:35381,related,direct,Monosaccharid,II-Medical-8B,-1,undefined
CHEBI:35381,related,direct,Monosacharid,II-Medical-8B,-1,undefined
CHEBI:35381,related,direct,monosacarido,II-Medical-8B,-1,undefined
CHEBI:35381,related,direct,monosacaridos,II-Medical-8B,-1,undefined
CHEBI:35391,exact,direct,aspartate(1-),II-Medical-8B,-1,exact
CHEBI:35391,exact,direct,hydrogen aspartate,II-Medical-8B,-1,exact
CHEBI:35391,related,direct,2-ammoniobutanedioate,II-Medical-8B,-1,undefined
CHEBI:35391,related,direct,2-ammoniosuccinate,II-Medical-8B,-1,undefined
CHEBI:35391,related,direct,aspartic acid monoanion,II-Medical-8B,-1,undefined
CHEBI:35406,exact,direct,oxoanion,II-Medical-8B,-1,undefined
CHEBI:35406,related,direct,oxoacid anions,II-Medical-8B,-1,undefined
CHEBI:35406,related,direct,oxoanions,II-Medical-8B,-1,undefined
CHEBI:35418,exact,direct,"5-acetamido-3,5-dideoxy-D-galacto-non-2-ulopyranosonate",II-Medical-8B,-1,undefined
CHEBI:35418,exact,direct,N-acetylneuraminate,II-Medical-8B,-1,exact
CHEBI:35418,related,direct,sialate,II-Medical-8B,-1,undefined
CHEBI:35441,related,direct,anti-infective agents,II-Medical-8B,-1,undefined
CHEBI:35441,related,direct,anti-infective drugs,II-Medical-8B,-1,undefined
CHEBI:35441,related,direct,antiinfective agents,II-Medical-8B,-1,undefined
CHEBI:35441,related,direct,antiinfective drug,II-Medical-8B,-1,undefined
CHEBI:35469,related,direct,antidepressant drugs,II-Medical-8B,-1,undefined
CHEBI:35469,related,direct,antidepressants,II-Medical-8B,-1,undefined
CHEBI:35469,related,direct,thymoanaleptics,II-Medical-8B,-1,undefined
CHEBI:35469,related,direct,thymoleptic drugs,II-Medical-8B,-1,undefined
CHEBI:35469,related,direct,thymoleptics,II-Medical-8B,-1,undefined
CHEBI:35470,related,direct,CNS agent,II-Medical-8B,-1,undefined
CHEBI:35470,related,direct,CNS drugs,II-Medical-8B,-1,undefined
CHEBI:35470,related,direct,central nervous system agents,II-Medical-8B,-1,undefined
CHEBI:35471,related,direct,psychoactive agent,II-Medical-8B,-1,undefined
CHEBI:35471,related,direct,psychoactive drugs,II-Medical-8B,-1,undefined
CHEBI:35471,related,direct,psychopharmaceuticals,II-Medical-8B,-1,undefined
CHEBI:35471,related,direct,psychotropic drugs,II-Medical-8B,-1,undefined
CHEBI:35472,related,direct,anti-inflammatory drugs,II-Medical-8B,-1,undefined
CHEBI:35472,related,direct,antiinflammatory agent,II-Medical-8B,-1,undefined
CHEBI:35472,related,direct,antiinflammatory drug,II-Medical-8B,-1,undefined
CHEBI:35472,related,direct,antiinflammatory drugs,II-Medical-8B,-1,undefined
CHEBI:35479,related,direct,alkali metal salts,II-Medical-8B,-1,undefined
CHEBI:35488,related,direct,CNS depressants,II-Medical-8B,-1,undefined
CHEBI:35488,related,direct,central nervous system depressants,II-Medical-8B,-1,exact
CHEBI:35489,exact,direct,disulfides,II-Medical-8B,-1,undefined
CHEBI:35489,related,direct,an organic disulfide,II-Medical-8B,-1,undefined
CHEBI:35489,related,direct,organic disulfides,II-Medical-8B,-1,undefined
CHEBI:35492,exact,direct,"3,3'-disulfanediylbis(2-ammoniopropanoate)",II-Medical-8B,-1,undefined
CHEBI:35492,related,direct,"3,3'-dithiobis(2-ammoniopropanoate)",II-Medical-8B,-1,undefined
CHEBI:35507,exact,direct,natural product fundamental parents,II-Medical-8B,-1,undefined
CHEBI:35508,related,direct,steroid fundamental parents,II-Medical-8B,-1,undefined
CHEBI:35509,exact,direct,androstane,II-Medical-8B,-1,undefined
CHEBI:35516,exact,direct,cholestane,II-Medical-8B,-1,undefined
CHEBI:35519,exact,direct,cholane,II-Medical-8B,-1,undefined
CHEBI:35522,related,direct,beta-adrenergic agonists,II-Medical-8B,-1,undefined
CHEBI:35522,related,direct,beta-adrenergic receptor agonist,II-Medical-8B,-1,undefined
CHEBI:35522,related,direct,beta-adrenoceptor agonists,II-Medical-8B,-1,undefined
CHEBI:35523,related,direct,bronchodilator,II-Medical-8B,-1,exact
CHEBI:35523,related,direct,bronchodilator agents,II-Medical-8B,-1,undefined
CHEBI:35523,related,direct,broncholytic agent,II-Medical-8B,-1,undefined
CHEBI:35524,related,direct,sympathomimetic,II-Medical-8B,-1,undefined
CHEBI:35524,related,direct,sympathomimetics,II-Medical-8B,-1,undefined
CHEBI:35526,related,direct,anti-hyperglycemic agent,II-Medical-8B,-1,undefined
CHEBI:35526,related,direct,anti-hyperglycemic agents,II-Medical-8B,-1,undefined
CHEBI:35526,related,direct,antidiabetic,II-Medical-8B,-1,undefined
CHEBI:35526,related,direct,antihyperglycemic,II-Medical-8B,-1,undefined
CHEBI:35526,related,direct,antihyperglycemic agent,II-Medical-8B,-1,undefined
CHEBI:35526,related,direct,antihyperglycemic agents,II-Medical-8B,-1,undefined
CHEBI:35526,related,direct,antihyperglycemic drug,II-Medical-8B,-1,undefined
CHEBI:35526,related,direct,antihyperglycemic drugs,II-Medical-8B,-1,undefined
CHEBI:35526,related,direct,antihyperglycemics,II-Medical-8B,-1,undefined
CHEBI:35526,related,direct,hypoglycemic agents,II-Medical-8B,-1,undefined
CHEBI:35526,related,direct,hypoglycemic drug,II-Medical-8B,-1,undefined
CHEBI:35526,related,direct,hypoglycemic drugs,II-Medical-8B,-1,undefined
CHEBI:35552,exact,direct,heterocyclic parent hydrides,II-Medical-8B,-1,undefined
CHEBI:35552,related,direct,heterocyclic fundamental parent,II-Medical-8B,-1,undefined
CHEBI:35552,related,direct,heterocyclic organic fundamental parents,II-Medical-8B,-1,undefined
CHEBI:35552,related,direct,organic heterocyclic fundamental parents,II-Medical-8B,-1,undefined
CHEBI:35554,related,direct,cardiovascular agent,II-Medical-8B,-1,undefined
CHEBI:35554,related,direct,cardiovascular drugs,II-Medical-8B,-1,undefined
CHEBI:35568,exact,direct,mancude-ring systems,II-Medical-8B,-1,undefined
CHEBI:35568,related,direct,mancude rings,II-Medical-8B,-1,undefined
CHEBI:35568,related,direct,mancunide-ring systems,II-Medical-8B,-1,undefined
CHEBI:35569,related,direct,alpha-adrenergic agonists,II-Medical-8B,-1,undefined
CHEBI:35569,related,direct,alpha-adrenergic receptor agonist,II-Medical-8B,-1,undefined
CHEBI:35569,related,direct,alpha-adrenoceptor agonists,II-Medical-8B,-1,undefined
CHEBI:35570,related,direct,mancude organic heterobicyclic parents,II-Medical-8B,-1,undefined
CHEBI:35570,related,direct,mancude-ring organic heterobicyclic parents,II-Medical-8B,-1,undefined
CHEBI:35571,related,direct,mancude organic heterocyclic parents,II-Medical-8B,-1,undefined
CHEBI:35571,related,direct,mancude-ring organic heterocyclic parents,II-Medical-8B,-1,undefined
CHEBI:35573,related,direct,organic mancude parents,II-Medical-8B,-1,undefined
CHEBI:35573,related,direct,organic mancude-ring parents,II-Medical-8B,-1,undefined
CHEBI:35584,exact,direct,purine,II-Medical-8B,-1,undefined
CHEBI:35586,exact,direct,1H-purine,II-Medical-8B,-1,undefined
CHEBI:35588,exact,direct,3H-purine,II-Medical-8B,-1,exact
CHEBI:35589,exact,direct,9H-purine,II-Medical-8B,-1,exact
CHEBI:35604,exact,direct,carbon oxoanion,II-Medical-8B,-1,exact
CHEBI:35604,related,direct,carbon oxoanions,II-Medical-8B,-1,undefined
CHEBI:35604,related,direct,oxocarbon anion,II-Medical-8B,-1,undefined
CHEBI:35604,related,direct,oxocarbon anions,II-Medical-8B,-1,undefined
CHEBI:35605,related,direct,carbon oxoacids,II-Medical-8B,-1,undefined
CHEBI:35605,related,direct,oxoacids of carbon,II-Medical-8B,-1,undefined
CHEBI:35610,related,direct,anticancer agent,II-Medical-8B,-1,exact
CHEBI:35610,related,direct,anticancer agents,II-Medical-8B,-1,undefined
CHEBI:35610,related,direct,antineoplastic,II-Medical-8B,-1,undefined
CHEBI:35610,related,direct,antineoplastic agents,II-Medical-8B,-1,undefined
CHEBI:35610,related,direct,cytostatic,II-Medical-8B,-1,undefined
CHEBI:35617,related,direct,flavoring agent,II-Medical-8B,-1,undefined
CHEBI:35617,related,direct,flavoring agents,II-Medical-8B,-1,undefined
CHEBI:35617,related,direct,flavour enhancer,II-Medical-8B,-1,undefined
CHEBI:35617,related,direct,flavour enhancers,II-Medical-8B,-1,undefined
CHEBI:35617,related,direct,flavouring agents,II-Medical-8B,-1,undefined
CHEBI:35620,related,direct,vasodilator,II-Medical-8B,-1,undefined
CHEBI:35620,related,direct,vasodilator agents,II-Medical-8B,-1,undefined
CHEBI:35621,exact,direct,2-aminobutanoic acid,II-Medical-8B,-1,undefined
CHEBI:35621,exact,direct,alpha-aminobutyric acid,II-Medical-8B,-1,exact
CHEBI:35621,related,direct,2-amino-n-butyric acid,II-Medical-8B,-1,undefined
CHEBI:35621,related,direct,2-aminobutyric acid,II-Medical-8B,-1,undefined
CHEBI:35621,related,direct,AABA,II-Medical-8B,-1,undefined
CHEBI:35621,related,direct,Abu,II-Medical-8B,-1,undefined
CHEBI:35621,related,direct,alpha-amino-n-butyric acid,II-Medical-8B,-1,undefined
CHEBI:35621,related,direct,butyrine,II-Medical-8B,-1,undefined
CHEBI:35621,related,direct,homoalanine,II-Medical-8B,-1,undefined
CHEBI:35623,related,direct,Antiepileptika,II-Medical-8B,-1,undefined
CHEBI:35623,related,direct,Antiepileptikum,II-Medical-8B,-1,undefined
CHEBI:35623,related,direct,Antikonvulsiva,II-Medical-8B,-1,undefined
CHEBI:35623,related,direct,Antikonvulsivum,II-Medical-8B,-1,undefined
CHEBI:35623,related,direct,anti-convulsant,II-Medical-8B,-1,undefined
CHEBI:35623,related,direct,anti-convulsants,II-Medical-8B,-1,undefined
CHEBI:35623,related,direct,anti-convulsive agent,II-Medical-8B,-1,undefined
CHEBI:35623,related,direct,anti-convulsive agents,II-Medical-8B,-1,undefined
CHEBI:35623,related,direct,anticonvulsants,II-Medical-8B,-1,undefined
CHEBI:35623,related,direct,anticonvulsive agent,II-Medical-8B,-1,undefined
CHEBI:35623,related,direct,anticonvulsive agents,II-Medical-8B,-1,undefined
CHEBI:35623,related,direct,antiepileptic,II-Medical-8B,-1,undefined
CHEBI:35623,related,direct,antiepileptics,II-Medical-8B,-1,undefined
CHEBI:35623,related,direct,antiepileptique,II-Medical-8B,-1,undefined
CHEBI:35623,related,direct,antiepileptiques,II-Medical-8B,-1,undefined
CHEBI:356416,exact,direct,5-azaniumyl-4-oxopentanoate,II-Medical-8B,-1,undefined
CHEBI:356416,related,direct,5-aminolevulinate,II-Medical-8B,-1,undefined
CHEBI:356416,related,direct,5-ammonio-4-oxopentanoate,II-Medical-8B,-1,undefined
CHEBI:356416,related,direct,5-ammonio-4-oxovalerate,II-Medical-8B,-1,undefined
CHEBI:35664,related,direct,HMG-CoA reductase inhibitor,II-Medical-8B,-1,undefined
CHEBI:35664,related,direct,HMG-CoA reductase inhibitors,II-Medical-8B,-1,undefined
CHEBI:35664,related,direct,hydroxymethylglutaryl-CoA reductase inhibitor,II-Medical-8B,-1,undefined
CHEBI:35664,related,direct,hydroxymethylglutaryl-CoA reductase inhibitors,II-Medical-8B,-1,undefined
CHEBI:35679,related,direct,antihyperlipemic,II-Medical-8B,-1,undefined
CHEBI:35679,related,direct,antihyperlipemics,II-Medical-8B,-1,undefined
CHEBI:35679,related,direct,antihyperlipidaemic agent,II-Medical-8B,-1,undefined
CHEBI:35679,related,direct,antihyperlipidaemic agents,II-Medical-8B,-1,undefined
CHEBI:35679,related,direct,antihyperlipidaemic drug,II-Medical-8B,-1,undefined
CHEBI:35679,related,direct,antihyperlipidaemic drugs,II-Medical-8B,-1,undefined
CHEBI:35679,related,direct,antihyperlipidemic,II-Medical-8B,-1,undefined
CHEBI:35679,related,direct,antihyperlipidemic agent,II-Medical-8B,-1,undefined
CHEBI:35679,related,direct,antihyperlipidemic agents,II-Medical-8B,-1,undefined
CHEBI:35679,related,direct,antihyperlipidemic drug,II-Medical-8B,-1,undefined
CHEBI:35679,related,direct,antihyperlipidemic drugs,II-Medical-8B,-1,undefined
CHEBI:35679,related,direct,antihyperlipidemics,II-Medical-8B,-1,undefined
CHEBI:35679,related,direct,antilipemic,II-Medical-8B,-1,undefined
CHEBI:35679,related,direct,antilipemic drugs,II-Medical-8B,-1,undefined
CHEBI:35679,related,direct,antilipemics,II-Medical-8B,-1,undefined
CHEBI:35679,related,direct,hypolipidemic agent,II-Medical-8B,-1,undefined
CHEBI:35679,related,direct,hypolipidemic agents,II-Medical-8B,-1,undefined
CHEBI:35679,related,direct,lipid-lowering agent,II-Medical-8B,-1,undefined
CHEBI:35679,related,direct,lipid-lowering agents,II-Medical-8B,-1,undefined
CHEBI:35679,related,direct,lipid-lowering drug,II-Medical-8B,-1,undefined
CHEBI:35679,related,direct,lipid-lowering drugs,II-Medical-8B,-1,undefined
CHEBI:35681,exact,direct,Secondary alcohol,II-Medical-8B,-1,undefined
CHEBI:35681,related,direct,R-CHOH-R',II-Medical-8B,-1,undefined
CHEBI:35681,related,direct,a secondary alcohol,II-Medical-8B,-1,undefined
CHEBI:35681,related,direct,secondary alcohols,II-Medical-8B,-1,undefined
CHEBI:35692,exact,direct,Dicarboxylic acid,II-Medical-8B,-1,undefined
CHEBI:35692,related,direct,dicarboxylic acids,II-Medical-8B,-1,undefined
CHEBI:35693,exact,direct,dicarboxylic acid anion,II-Medical-8B,-1,exact
CHEBI:35693,related,direct,dicarboxylic acid anions,II-Medical-8B,-1,undefined
CHEBI:35695,related,direct,dicarboxylic acid monoanions,II-Medical-8B,-1,exact
CHEBI:35701,exact,direct,Ester,II-Medical-8B,-1,undefined
CHEBI:35701,related,direct,esters,II-Medical-8B,-1,undefined
CHEBI:35703,exact,direct,Xenobiotic,II-Medical-8B,-1,undefined
CHEBI:35703,exact,direct,xenobiotic,II-Medical-8B,-1,exact
CHEBI:35703,exact,direct,xenobiotics,II-Medical-8B,-1,undefined
CHEBI:35703,related,direct,xenobiotic compounds,II-Medical-8B,-1,undefined
CHEBI:35718,related,direct,antifungal,II-Medical-8B,-1,undefined
CHEBI:35718,related,direct,antifungal agents,II-Medical-8B,-1,undefined
CHEBI:35718,related,direct,antifungal drug,II-Medical-8B,-1,undefined
CHEBI:35718,related,direct,antifungal drugs,II-Medical-8B,-1,undefined
CHEBI:35718,related,direct,antifungals,II-Medical-8B,-1,undefined
CHEBI:35722,related,direct,glycosaminoglycan sulfate,II-Medical-8B,-1,undefined
CHEBI:35722,related,direct,glycosaminoglycan sulfates,II-Medical-8B,-1,undefined
CHEBI:35722,related,direct,sulfated glycosaminoglycans,II-Medical-8B,-1,undefined
CHEBI:35724,related,direct,carbohydrate sulfates,II-Medical-8B,-1,undefined
CHEBI:35724,related,direct,carbohydrate sulphates,II-Medical-8B,-1,undefined
CHEBI:35735,related,direct,dicarboxylic acid monoamides,II-Medical-8B,-1,undefined
CHEBI:35740,related,direct,liposaccharides,II-Medical-8B,-1,undefined
CHEBI:35741,related,direct,glycerolipids,II-Medical-8B,-1,undefined
CHEBI:35744,related,direct,carbocyclic fatty acids,II-Medical-8B,-1,undefined
CHEBI:35753,exact,direct,tricarboxylic acid anion,II-Medical-8B,-1,undefined
CHEBI:35753,related,direct,tricarboxylic acid anions,II-Medical-8B,-1,undefined
CHEBI:35757,related,direct,Carboxylate,II-Medical-8B,-1,undefined
CHEBI:35757,related,direct,Monocarboxylate,II-Medical-8B,-1,undefined
CHEBI:35757,related,direct,a monocarboxylate,II-Medical-8B,-1,undefined
CHEBI:35757,related,direct,monocarboxylates,II-Medical-8B,-1,undefined
CHEBI:35757,related,direct,monocarboxylic acid anions,II-Medical-8B,-1,undefined
CHEBI:35780,related,direct,Pi,II-Medical-8B,-1,undefined
CHEBI:35780,related,direct,phosphate,II-Medical-8B,-1,undefined
CHEBI:35780,related,direct,phosphate ions,II-Medical-8B,-1,undefined
CHEBI:35782,related,direct,PPi,II-Medical-8B,-1,undefined
CHEBI:35782,related,direct,diphosphate ions,II-Medical-8B,-1,undefined
CHEBI:35788,related,direct,seco-steroids,II-Medical-8B,-1,undefined
CHEBI:35789,related,direct,keto steroids,II-Medical-8B,-1,undefined
CHEBI:35789,related,direct,ketosteroids,II-Medical-8B,-1,undefined
CHEBI:35789,related,direct,oxo steroids,II-Medical-8B,-1,undefined
CHEBI:35789,related,direct,oxosteroids,II-Medical-8B,-1,undefined
CHEBI:35804,exact,direct,dihydrogen citrate,II-Medical-8B,-1,undefined
CHEBI:35804,related,direct,H2cit,II-Medical-8B,-1,undefined
CHEBI:35804,related,direct,H2cit(-),II-Medical-8B,-1,exact
CHEBI:35808,exact,direct,hydrogen citrate,II-Medical-8B,-1,undefined
CHEBI:35808,related,direct,Hcit,II-Medical-8B,-1,undefined
CHEBI:35808,related,direct,Hcit(2-),II-Medical-8B,-1,undefined
CHEBI:35819,related,direct,BCFA,II-Medical-8B,-1,undefined
CHEBI:35819,related,direct,BCFAs,II-Medical-8B,-1,undefined
CHEBI:35819,related,direct,Branched chain fatty acid,II-Medical-8B,-1,undefined
CHEBI:35819,related,direct,branched fatty acid,II-Medical-8B,-1,undefined
CHEBI:35819,related,direct,branched fatty acids,II-Medical-8B,-1,undefined
CHEBI:35819,related,direct,branched-chain fatty acids,II-Medical-8B,-1,undefined
CHEBI:35821,related,direct,anticholesteremic,II-Medical-8B,-1,undefined
CHEBI:35821,related,direct,anticholesteremic agent,II-Medical-8B,-1,undefined
CHEBI:35821,related,direct,anticholesteremic drugs,II-Medical-8B,-1,undefined
CHEBI:35821,related,direct,antihypercholesterolemic,II-Medical-8B,-1,undefined
CHEBI:35821,related,direct,antihypercholesterolemic agent,II-Medical-8B,-1,undefined
CHEBI:35821,related,direct,antihypercholesterolemic agents,II-Medical-8B,-1,undefined
CHEBI:35821,related,direct,antihypercholesterolemic drug,II-Medical-8B,-1,undefined
CHEBI:35821,related,direct,antihypercholesterolemic drugs,II-Medical-8B,-1,undefined
CHEBI:35821,related,direct,antihypercholesterolemics,II-Medical-8B,-1,undefined
CHEBI:35821,related,direct,cholesterol inhibitor,II-Medical-8B,-1,undefined
CHEBI:35821,related,direct,cholesterol-lowering agent,II-Medical-8B,-1,undefined
CHEBI:35821,related,direct,cholesterol-lowering agents,II-Medical-8B,-1,undefined
CHEBI:35821,related,direct,cholesterol-lowering drug,II-Medical-8B,-1,undefined
CHEBI:35821,related,direct,cholesterol-lowering drugs,II-Medical-8B,-1,undefined
CHEBI:35821,related,direct,hypocholesteremic agent,II-Medical-8B,-1,undefined
CHEBI:35825,exact,direct,hydroxy(phenyl)acetic acid,II-Medical-8B,-1,undefined
CHEBI:35825,related,direct,(RS)-Mandelic acid,II-Medical-8B,-1,undefined
CHEBI:35825,related,direct,2-Hydroxy-2-phenylacetic acid,II-Medical-8B,-1,undefined
CHEBI:35825,related,direct,2-Hydroxy-2-phenylethanoic acid,II-Medical-8B,-1,undefined
CHEBI:35825,related,direct,DL-Mandelic acid,II-Medical-8B,-1,undefined
CHEBI:35825,related,direct,Mandelsaeure,II-Medical-8B,-1,undefined
CHEBI:35825,related,direct,alpha-hydroxybenzeneacetic acid,II-Medical-8B,-1,undefined
CHEBI:35868,related,direct,hydroxy acid,II-Medical-8B,-1,undefined
CHEBI:35868,related,direct,hydroxy monocarboxylic acids,II-Medical-8B,-1,undefined
CHEBI:35871,related,direct,oxo monocarboxylic acids,II-Medical-8B,-1,exact
CHEBI:35875,related,direct,imidazopyrimidines,II-Medical-8B,-1,undefined
CHEBI:35881,exact,direct,pnictogen hydride,II-Medical-8B,-1,exact
CHEBI:35881,related,direct,pnictogen hydrides,II-Medical-8B,-1,undefined
CHEBI:35902,related,direct,oxo monocarboxylic acid anions,II-Medical-8B,-1,undefined
CHEBI:35903,related,direct,oxo carboxylic acid anions,II-Medical-8B,-1,undefined
CHEBI:35907,exact,direct,4-carboxybutanoate,II-Medical-8B,-1,undefined
CHEBI:35907,related,direct,hydrogen glutarate,II-Medical-8B,-1,exact
CHEBI:35910,exact,direct,2-oxo carboxylic acids,II-Medical-8B,-1,undefined
CHEBI:35910,related,direct,2-Oxo acid,II-Medical-8B,-1,undefined
CHEBI:35910,related,direct,2-Oxocarboxylate,II-Medical-8B,-1,undefined
CHEBI:35910,related,direct,2-oxo monocarboxylic acids,II-Medical-8B,-1,undefined
CHEBI:35915,exact,direct,Sterol ester,II-Medical-8B,-1,undefined
CHEBI:35915,related,direct,3-hydroxysteroid ester,II-Medical-8B,-1,undefined
CHEBI:35915,related,direct,3-hydroxysteroid esters,II-Medical-8B,-1,undefined
CHEBI:35915,related,direct,Steryl ester,II-Medical-8B,-1,undefined
CHEBI:35915,related,direct,a sterol ester,II-Medical-8B,-1,undefined
CHEBI:35931,related,direct,delta-amino acids,II-Medical-8B,-1,exact
CHEBI:35942,related,direct,neurotransmitter agents,II-Medical-8B,-1,undefined
CHEBI:35950,related,direct,4-oxo acid,II-Medical-8B,-1,undefined
CHEBI:35950,related,direct,4-oxo monocarboxylic acids,II-Medical-8B,-1,undefined
CHEBI:35969,related,direct,3-hydroxy acid,II-Medical-8B,-1,undefined
CHEBI:35969,related,direct,3-hydroxy monocarboxylic acids,II-Medical-8B,-1,undefined
CHEBI:35969,related,direct,beta-hydroxy acid,II-Medical-8B,-1,undefined
CHEBI:35969,related,direct,beta-hydroxy acids,II-Medical-8B,-1,undefined
CHEBI:35969,related,direct,beta-hydroxy carboxylic acid,II-Medical-8B,-1,undefined
CHEBI:35969,related,direct,beta-hydroxy carboxylic acids,II-Medical-8B,-1,undefined
CHEBI:35972,related,direct,dihydroxy monocarboxylic acids,II-Medical-8B,-1,undefined
CHEBI:35974,related,direct,4-oxo monocarboxylic acid anions,II-Medical-8B,-1,undefined
CHEBI:36009,exact,direct,omega-6 fatty acid,II-Medical-8B,-1,exact
CHEBI:36009,related,direct,omega-6 fatty acids,II-Medical-8B,-1,undefined
CHEBI:36029,exact,direct,butenoate,II-Medical-8B,-1,undefined
CHEBI:36043,related,direct,antimicrobial drugs,II-Medical-8B,-1,undefined
CHEBI:36044,related,direct,anti-viral drug,II-Medical-8B,-1,exact
CHEBI:36044,related,direct,anti-virus drug,II-Medical-8B,-1,undefined
CHEBI:36044,related,direct,antiviral drugs,II-Medical-8B,-1,undefined
CHEBI:36059,related,direct,hydroxy monocarboxylic acid anions,II-Medical-8B,-1,undefined
CHEBI:36059,related,direct,hydroxymonocarboxylic acid anion,II-Medical-8B,-1,undefined
CHEBI:36059,related,direct,hydroxymonocarboxylic acid anions,II-Medical-8B,-1,undefined
CHEBI:36063,exact,direct,oxytocic,II-Medical-8B,-1,exact
CHEBI:36063,related,direct,oxytocic agents,II-Medical-8B,-1,undefined
CHEBI:36063,related,direct,oxytocic drugs,II-Medical-8B,-1,undefined
CHEBI:36063,related,direct,uterine stimulants,II-Medical-8B,-1,undefined
CHEBI:36078,related,direct,bile acids and derivatives,II-Medical-8B,-1,undefined
CHEBI:36078,related,direct,cholanoids,II-Medical-8B,-1,undefined
CHEBI:36080,exact,direct,proteins,II-Medical-8B,-1,undefined
CHEBI:36109,related,direct,piperidinecarboxylates,II-Medical-8B,-1,undefined
CHEBI:36110,exact,direct,piperidine-2-carboxylate,II-Medical-8B,-1,undefined
CHEBI:36141,exact,direct,quinone,II-Medical-8B,-1,undefined
CHEBI:36141,exact,direct,quinones,II-Medical-8B,-1,undefined
CHEBI:36141,related,direct,Chinon,II-Medical-8B,-1,undefined
CHEBI:36141,related,direct,quinones,II-Medical-8B,-1,undefined
CHEBI:36145,related,direct,oxo dicarboxylic acids,II-Medical-8B,-1,undefined
CHEBI:36147,related,direct,oxo dicarboxylates,II-Medical-8B,-1,undefined
CHEBI:36147,related,direct,oxo-dicarboxylic acid dianion,II-Medical-8B,-1,undefined
CHEBI:36147,related,direct,oxo-dicarboxylic acid dianions,II-Medical-8B,-1,undefined
CHEBI:36149,exact,direct,hydrogen 2-hydroxypentanedioate,II-Medical-8B,-1,undefined
CHEBI:36164,related,direct,amino dicarboxylic acids,II-Medical-8B,-1,undefined
CHEBI:36233,exact,direct,Disaccharide,II-Medical-8B,-1,undefined
CHEBI:36233,exact,direct,disaccharides,II-Medical-8B,-1,undefined
CHEBI:36233,related,direct,Disaccharid,II-Medical-8B,-1,undefined
CHEBI:36233,related,direct,Disacharid,II-Medical-8B,-1,undefined
CHEBI:36233,related,direct,disacarido,II-Medical-8B,-1,undefined
CHEBI:36233,related,direct,disacaridos,II-Medical-8B,-1,undefined
CHEBI:36237,exact,direct,cholan-24-oic acid,II-Medical-8B,-1,exact
CHEBI:36238,exact,direct,5beta-cholan-24-oic acid,II-Medical-8B,-1,undefined
CHEBI:36238,exact,direct,5beta-cholanic acid,II-Medical-8B,-1,undefined
CHEBI:36238,related,direct,(5beta)-cholan-24-oic acid,II-Medical-8B,-1,undefined
CHEBI:36238,related,direct,"(5beta,17beta)-gamma-methylandrostane-17-butanoic acid",II-Medical-8B,-1,undefined
CHEBI:36238,related,direct,5beta-cholanoic acid,II-Medical-8B,-1,undefined
CHEBI:36238,related,direct,ursocholanic acid,II-Medical-8B,-1,undefined
CHEBI:36242,exact,direct,3-(4-Hydroxyphenyl)pyruvate,II-Medical-8B,-1,undefined
CHEBI:36242,exact,direct,3-(4-hydroxyphenyl)-2-oxopropanoate,II-Medical-8B,-1,undefined
CHEBI:36242,exact,direct,3-(4-hydroxyphenyl)pyruvate,II-Medical-8B,-1,undefined
CHEBI:36242,related,direct,3-(p-hydroxyphenyl)pyruvate,II-Medical-8B,-1,undefined
CHEBI:36242,related,direct,4-Hydroxyphenylpyruvate,II-Medical-8B,-1,undefined
CHEBI:36242,related,direct,HPP,II-Medical-8B,-1,undefined
CHEBI:36242,related,direct,p-hydroxyphenylpyruvate,II-Medical-8B,-1,undefined
CHEBI:36258,exact,direct,but-2-enoate,II-Medical-8B,-1,undefined
CHEBI:36258,related,direct,2-butenoate,II-Medical-8B,-1,undefined
CHEBI:36277,related,direct,bile acid salts,II-Medical-8B,-1,undefined
CHEBI:36299,related,direct,tricarboxylic acid monoanions,II-Medical-8B,-1,undefined
CHEBI:36300,related,direct,tricarboxylic acid dianions,II-Medical-8B,-1,undefined
CHEBI:36309,exact,direct,macrocyclic tetrapyrroles,II-Medical-8B,-1,undefined
CHEBI:36309,related,direct,cyclic tetrapyrroles,II-Medical-8B,-1,undefined
CHEBI:36309,related,direct,macrocyclic tetrapyrrole,II-Medical-8B,-1,undefined
CHEBI:36338,related,direct,leptons,II-Medical-8B,-1,undefined
CHEBI:36339,related,direct,baryons,II-Medical-8B,-1,undefined
CHEBI:36340,exact,direct,fermion,II-Medical-8B,-1,exact
CHEBI:36340,related,direct,fermions,II-Medical-8B,-1,undefined
CHEBI:36342,related,direct,subatomic particles,II-Medical-8B,-1,undefined
CHEBI:36343,related,direct,composite particles,II-Medical-8B,-1,undefined
CHEBI:36344,related,direct,hadrons,II-Medical-8B,-1,undefined
CHEBI:36347,exact,direct,nuclear particle,II-Medical-8B,-1,undefined
CHEBI:36357,related,direct,polyatomic entities,II-Medical-8B,-1,undefined
CHEBI:36358,related,direct,polyatomic ions,II-Medical-8B,-1,undefined
CHEBI:36359,exact,direct,phosphorus oxoacid derivative,II-Medical-8B,-1,undefined
CHEBI:36544,related,direct,sialodiosylceramides,II-Medical-8B,-1,undefined
CHEBI:36586,exact,direct,carbonyl compounds,II-Medical-8B,-1,undefined
CHEBI:36587,exact,direct,oxo compounds,II-Medical-8B,-1,undefined
CHEBI:36587,related,direct,organic oxo compounds,II-Medical-8B,-1,undefined
CHEBI:36606,exact,direct,acid anhydride,II-Medical-8B,-1,exact
CHEBI:36606,exact,direct,acid anhydrides,II-Medical-8B,-1,undefined
CHEBI:36606,related,direct,acid anhydrides,II-Medical-8B,-1,undefined
CHEBI:36606,related,direct,anhydride d'acide,II-Medical-8B,-1,undefined
CHEBI:36608,exact,direct,acyclic acid anhydride,II-Medical-8B,-1,undefined
CHEBI:36608,exact,direct,acyclic acid anhydrides,II-Medical-8B,-1,undefined
CHEBI:36608,related,direct,acyclic acid anhydrides,II-Medical-8B,-1,undefined
CHEBI:36608,related,direct,acyclic anhydrides,II-Medical-8B,-1,undefined
CHEBI:36699,related,direct,adrenal cortex hormones,II-Medical-8B,-1,undefined
CHEBI:36699,related,direct,corticosteroid hormones,II-Medical-8B,-1,undefined
CHEBI:36711,related,direct,phosphoethanolamines,II-Medical-8B,-1,undefined
CHEBI:36756,exact,direct,"2,6,10-trimethyldodecane",II-Medical-8B,-1,undefined
CHEBI:36756,exact,direct,farnesane,II-Medical-8B,-1,exact
CHEBI:36756,related,direct,Farnesan,II-Medical-8B,-1,undefined
CHEBI:36757,exact,direct,farnesane sesquiterpenoid,II-Medical-8B,-1,exact
CHEBI:36757,related,direct,farnesane sesquiterpenoids,II-Medical-8B,-1,undefined
CHEBI:36818,related,direct,seco-cholestanes,II-Medical-8B,-1,undefined
CHEBI:36830,related,direct,monoanions,II-Medical-8B,-1,undefined
CHEBI:36834,related,direct,3-hydroxy steroids,II-Medical-8B,-1,exact
CHEBI:36836,related,direct,3beta-hydroxy steroids,II-Medical-8B,-1,undefined
CHEBI:36836,related,direct,a 3beta-hydroxysteroid,II-Medical-8B,-1,undefined
CHEBI:36838,related,direct,17-hydroxy steroids,II-Medical-8B,-1,undefined
CHEBI:36841,related,direct,11-hydroxy steroids,II-Medical-8B,-1,undefined
CHEBI:36853,related,direct,hydroxy seco-steroids,II-Medical-8B,-1,undefined
CHEBI:36885,related,direct,20-oxo steroids,II-Medical-8B,-1,undefined
CHEBI:36887,related,direct,18-oxo steroids,II-Medical-8B,-1,undefined
CHEBI:36902,exact,direct,chalcogen hydride,II-Medical-8B,-1,undefined
CHEBI:36902,related,direct,chalcogen hydrides,II-Medical-8B,-1,undefined
CHEBI:36914,related,direct,inorganic ions,II-Medical-8B,-1,undefined
CHEBI:36915,related,direct,inorganic cations,II-Medical-8B,-1,undefined
CHEBI:36916,exact,direct,Cation,II-Medical-8B,-1,undefined
CHEBI:36916,exact,direct,cation,II-Medical-8B,-1,undefined
CHEBI:36916,related,direct,Kation,II-Medical-8B,-1,exact
CHEBI:36916,related,direct,Kationen,II-Medical-8B,-1,undefined
CHEBI:36916,related,direct,cationes,II-Medical-8B,-1,undefined
CHEBI:36916,related,direct,cations,II-Medical-8B,-1,undefined
CHEBI:36961,exact,direct,chalcocarbonic acid,II-Medical-8B,-1,exact
CHEBI:36961,exact,direct,chalcocarbonic acids,II-Medical-8B,-1,undefined
CHEBI:36961,related,direct,chalcocarbonic acids,II-Medical-8B,-1,undefined
CHEBI:36962,exact,direct,organochalcogen compound,II-Medical-8B,-1,undefined
CHEBI:36962,related,direct,organochalcogen compounds,II-Medical-8B,-1,undefined
CHEBI:36963,exact,direct,organooxygen compound,II-Medical-8B,-1,exact
CHEBI:36963,related,direct,organooxygen compounds,II-Medical-8B,-1,undefined
CHEBI:37022,related,direct,amino acid anion,II-Medical-8B,-1,undefined
CHEBI:37022,related,direct,amino acid anions,II-Medical-8B,-1,undefined
CHEBI:37022,related,direct,amino-acid anions,II-Medical-8B,-1,undefined
CHEBI:37024,exact,direct,2-aminoadipic acid,II-Medical-8B,-1,exact
CHEBI:37024,exact,direct,2-aminohexanedioic acid,II-Medical-8B,-1,undefined
CHEBI:37024,related,direct,(+/-)-2-Aminoadipic acid,II-Medical-8B,-1,undefined
CHEBI:37024,related,direct,Aad,II-Medical-8B,-1,undefined
CHEBI:37024,related,direct,DL-2-Aminoadipic acid,II-Medical-8B,-1,undefined
CHEBI:37024,related,direct,DL-2-Aminohexanedioic acid,II-Medical-8B,-1,undefined
CHEBI:37024,related,direct,DL-alpha-Aminoadipic acid,II-Medical-8B,-1,undefined
CHEBI:37024,related,direct,alpha-Aminoadipic acid,II-Medical-8B,-1,undefined
CHEBI:37024,related,direct,alpha-aminoadipic acid,II-Medical-8B,-1,undefined
CHEBI:37024,related,direct,aminoadipic acid,II-Medical-8B,-1,undefined
CHEBI:37054,exact,direct,3-hydroxybutanoate,II-Medical-8B,-1,undefined
CHEBI:37054,related,direct,3-OH butyrate,II-Medical-8B,-1,undefined
CHEBI:37054,related,direct,3-OH-butyrate,II-Medical-8B,-1,undefined
CHEBI:37054,related,direct,3-hydroxybutanoate,II-Medical-8B,-1,undefined
CHEBI:37054,related,direct,DL-3-hydroxybutyrate,II-Medical-8B,-1,undefined
CHEBI:37054,related,direct,beta-hydroxy-n-butyrate,II-Medical-8B,-1,undefined
CHEBI:37054,related,direct,beta-hydroxybutanoate,II-Medical-8B,-1,undefined
CHEBI:37127,exact,direct,3-methylbut-2-enoic acid,II-Medical-8B,-1,exact
CHEBI:37127,related,direct,"3,3-Dimethylacrylic acid",II-Medical-8B,-1,undefined
CHEBI:37127,related,direct,3-Methyl-2-butenoic acid,II-Medical-8B,-1,undefined
CHEBI:37127,related,direct,3-Methylcrotonic acid,II-Medical-8B,-1,undefined
CHEBI:37127,related,direct,SENECIC ACID,II-Medical-8B,-1,exact
CHEBI:37127,related,direct,Senecioic acid,II-Medical-8B,-1,exact
CHEBI:37127,related,direct,"beta,beta-Dimethacrylic acid",II-Medical-8B,-1,undefined
CHEBI:37127,related,direct,"beta,beta-Dimethylacrylic acid",II-Medical-8B,-1,undefined
CHEBI:37127,related,direct,beta-Methylcrotonic acid,II-Medical-8B,-1,undefined
CHEBI:37142,exact,direct,organoiodine compound,II-Medical-8B,-1,exact
CHEBI:37142,related,direct,organoiodine compounds,II-Medical-8B,-1,undefined
CHEBI:37163,exact,direct,Glucan,II-Medical-8B,-1,undefined
CHEBI:37163,exact,direct,glucan,II-Medical-8B,-1,undefined
CHEBI:37163,related,direct,glucans,II-Medical-8B,-1,undefined
CHEBI:37164,exact,direct,homopolysaccharide,II-Medical-8B,-1,undefined
CHEBI:37164,related,direct,homoglycan,II-Medical-8B,-1,undefined
CHEBI:37164,related,direct,homopolysaccharides,II-Medical-8B,-1,undefined
CHEBI:37175,related,direct,organic hydrides,II-Medical-8B,-1,undefined
CHEBI:37176,exact,direct,mononuclear parent hydrides,II-Medical-8B,-1,undefined
CHEBI:37176,related,direct,mononuclear hydride,II-Medical-8B,-1,undefined
CHEBI:37176,related,direct,mononuclear hydrides,II-Medical-8B,-1,undefined
CHEBI:37257,exact,direct,"3,7,11,15-tetramethylhexadecanoate",II-Medical-8B,-1,undefined
CHEBI:37257,related,direct,"3,7,11,15-tetramethylhexadecanoate",II-Medical-8B,-1,undefined
CHEBI:37257,related,direct,"3,7,11,15-tetramethylpalmitate",II-Medical-8B,-1,undefined
CHEBI:37257,related,direct,phytanate anion,II-Medical-8B,-1,undefined
CHEBI:37395,exact,direct,Mucopolysaccharide,II-Medical-8B,-1,undefined
CHEBI:37395,exact,direct,mucopolysaccharides,II-Medical-8B,-1,undefined
CHEBI:37395,related,direct,Mucopolysaccharid,II-Medical-8B,-1,undefined
CHEBI:37395,related,direct,Mukopolysaccharid,II-Medical-8B,-1,exact
CHEBI:37395,related,direct,mucopolisacarido,II-Medical-8B,-1,undefined
CHEBI:37395,related,direct,mucopolisacaridos,II-Medical-8B,-1,undefined
CHEBI:37397,exact,direct,Chondroitin sulfate,II-Medical-8B,-1,undefined
CHEBI:37397,related,direct,Chondroitinsulfat,II-Medical-8B,-1,exact
CHEBI:37397,related,direct,chondroitin polysulfate,II-Medical-8B,-1,undefined
CHEBI:37397,related,direct,chondroitin sulfates,II-Medical-8B,-1,undefined
CHEBI:37397,related,direct,chondroitin sulfuric acid,II-Medical-8B,-1,undefined
CHEBI:37397,related,direct,chondroitin sulphate,II-Medical-8B,-1,undefined
CHEBI:37445,exact,direct,folates,II-Medical-8B,-1,undefined
CHEBI:37445,related,direct,folate,II-Medical-8B,-1,undefined
CHEBI:37445,related,direct,folates,II-Medical-8B,-1,undefined
CHEBI:37527,exact,direct,Acid,II-Medical-8B,-1,undefined
CHEBI:37527,exact,direct,acid,II-Medical-8B,-1,undefined
CHEBI:37527,related,direct,Saeure,II-Medical-8B,-1,undefined
CHEBI:37527,related,direct,Saeuren,II-Medical-8B,-1,undefined
CHEBI:37527,related,direct,acide,II-Medical-8B,-1,undefined
CHEBI:37527,related,direct,acido,II-Medical-8B,-1,undefined
CHEBI:37527,related,direct,acids,II-Medical-8B,-1,undefined
CHEBI:37577,related,direct,chemical compound,II-Medical-8B,-1,undefined
CHEBI:37577,related,direct,heteroatomic molecular entities,II-Medical-8B,-1,undefined
CHEBI:37578,related,direct,halides,II-Medical-8B,-1,undefined
CHEBI:37581,related,direct,"1,4-Lactone",II-Medical-8B,-1,undefined
CHEBI:37581,related,direct,"1,4-lactones",II-Medical-8B,-1,undefined
CHEBI:37581,related,direct,"a 1,4-lactone",II-Medical-8B,-1,undefined
CHEBI:37581,related,direct,butyrolactones,II-Medical-8B,-1,undefined
CHEBI:37581,related,direct,gamma-Laktone,II-Medical-8B,-1,undefined
CHEBI:37581,related,direct,gamma-lactona,II-Medical-8B,-1,undefined
CHEBI:37581,related,direct,gamma-lactonas,II-Medical-8B,-1,undefined
CHEBI:37581,related,direct,gamma-lactones,II-Medical-8B,-1,undefined
CHEBI:37622,exact,direct,carboxamides,II-Medical-8B,-1,undefined
CHEBI:37622,related,direct,carboxamides,II-Medical-8B,-1,undefined
CHEBI:37622,related,direct,primary carboxamide,II-Medical-8B,-1,undefined
CHEBI:37624,exact,direct,L-gluco-hexose,II-Medical-8B,-1,undefined
CHEBI:37624,exact,direct,L-glucose,II-Medical-8B,-1,undefined
CHEBI:37624,related,direct,L(-)-glucose,II-Medical-8B,-1,undefined
CHEBI:37627,exact,direct,L-glucopyranose,II-Medical-8B,-1,exact
CHEBI:37627,related,direct,"WURCS=2.0/1,1,0/[a1211h-1x_1-5]/1/",II-Medical-8B,-1,undefined
CHEBI:37631,exact,direct,beta-L-glucopyranose,II-Medical-8B,-1,undefined
CHEBI:37631,related,direct,"WURCS=2.0/1,1,0/[a1211h-1b_1-5]/1/",II-Medical-8B,-1,undefined
CHEBI:37661,exact,direct,glucopyranose,II-Medical-8B,-1,undefined
CHEBI:37684,exact,direct,manno-hexose,II-Medical-8B,-1,undefined
CHEBI:37684,exact,direct,mannose,II-Medical-8B,-1,undefined
CHEBI:37684,related,direct,Man,II-Medical-8B,-1,undefined
CHEBI:37712,exact,direct,O-phosphonoserine,II-Medical-8B,-1,undefined
CHEBI:37712,related,direct,2-amino-3-(phosphonooxy)propanoic acid,II-Medical-8B,-1,undefined
CHEBI:37712,related,direct,DL-serine dihydrogen phosphate,II-Medical-8B,-1,undefined
CHEBI:37712,related,direct,"DL-serine, dihydrogen phosphate (ester)",II-Medical-8B,-1,undefined
CHEBI:37712,related,direct,phosphoserine,II-Medical-8B,-1,undefined
CHEBI:37786,related,direct,acyclic phosphorus acid anhydrides,II-Medical-8B,-1,undefined
CHEBI:37793,related,direct,amino sulfonic acids,II-Medical-8B,-1,exact
CHEBI:37793,related,direct,aminosulfonic acid,II-Medical-8B,-1,undefined
CHEBI:37793,related,direct,aminosulfonic acids,II-Medical-8B,-1,undefined
CHEBI:37808,exact,direct,butane,II-Medical-8B,-1,undefined
CHEBI:37808,related,direct,E 943a,II-Medical-8B,-1,undefined
CHEBI:37808,related,direct,E-943a,II-Medical-8B,-1,undefined
CHEBI:37808,related,direct,E943a,II-Medical-8B,-1,undefined
CHEBI:37808,related,direct,N-BUTANE,II-Medical-8B,-1,exact
CHEBI:37808,related,direct,R-600,II-Medical-8B,-1,undefined
CHEBI:37808,related,direct,n-Butan,II-Medical-8B,-1,undefined
CHEBI:37808,related,direct,n-C4H10,II-Medical-8B,-1,undefined
CHEBI:37808,related,direct,n-butane,II-Medical-8B,-1,undefined
CHEBI:37826,exact,direct,sulfuric acid derivative,II-Medical-8B,-1,exact
CHEBI:37826,related,direct,sulfuric acid derivatives,II-Medical-8B,-1,undefined
CHEBI:37827,related,direct,thiosulfuric acid derivatives,II-Medical-8B,-1,undefined
CHEBI:37838,exact,direct,carboacyl groups,II-Medical-8B,-1,undefined
CHEBI:37838,exact,direct,carboxylic acyl group,II-Medical-8B,-1,undefined
CHEBI:37838,related,direct,carboxylic acyl groups,II-Medical-8B,-1,undefined
CHEBI:37848,related,direct,phytohormone,II-Medical-8B,-1,undefined
CHEBI:37848,related,direct,phytohormones,II-Medical-8B,-1,undefined
CHEBI:37848,related,direct,plant growth factor,II-Medical-8B,-1,undefined
CHEBI:37848,related,direct,plant growth factors,II-Medical-8B,-1,undefined
CHEBI:37848,related,direct,plant growth hormone,II-Medical-8B,-1,undefined
CHEBI:37848,related,direct,plant growth hormones,II-Medical-8B,-1,undefined
CHEBI:37848,related,direct,plant hormones,II-Medical-8B,-1,undefined
CHEBI:37886,related,direct,adrenergic agonists,II-Medical-8B,-1,undefined
CHEBI:37886,related,direct,adrenergic receptor agonist,II-Medical-8B,-1,undefined
CHEBI:37886,related,direct,adrenoceptor agonists,II-Medical-8B,-1,undefined
CHEBI:37886,related,direct,adrenomimetic,II-Medical-8B,-1,undefined
CHEBI:37886,related,direct,adrenomimetics,II-Medical-8B,-1,undefined
CHEBI:37962,related,direct,adrenergic agents,II-Medical-8B,-1,undefined
CHEBI:37962,related,direct,adrenergic drug,II-Medical-8B,-1,undefined
CHEBI:37962,related,direct,adrenergic drugs,II-Medical-8B,-1,undefined
CHEBI:37962,related,direct,adrenergic neuron agents,II-Medical-8B,-1,undefined
CHEBI:37962,related,direct,adrenergics,II-Medical-8B,-1,undefined
CHEBI:38077,related,direct,PPys,II-Medical-8B,-1,undefined
CHEBI:38077,related,direct,poly(pyrrole)s,II-Medical-8B,-1,undefined
CHEBI:38077,related,direct,polypyrroles,II-Medical-8B,-1,undefined
CHEBI:38101,related,direct,heterocyclic organonitrogen compounds,II-Medical-8B,-1,undefined
CHEBI:38101,related,direct,organonitrogen heterocyclic compounds,II-Medical-8B,-1,undefined
CHEBI:38104,related,direct,heterocyclic organooxygen compounds,II-Medical-8B,-1,undefined
CHEBI:38104,related,direct,organooxygen heterocyclic compounds,II-Medical-8B,-1,undefined
CHEBI:38104,related,direct,oxacycles,II-Medical-8B,-1,undefined
CHEBI:38147,related,direct,cardiotonic drugs,II-Medical-8B,-1,undefined
CHEBI:38161,related,direct,Chelating agent,II-Medical-8B,-1,undefined
CHEBI:38161,related,direct,Metal chelator,II-Medical-8B,-1,exact
CHEBI:38161,related,direct,chelating agents,II-Medical-8B,-1,undefined
CHEBI:38161,related,direct,chelators,II-Medical-8B,-1,exact
CHEBI:38161,related,direct,complexon,II-Medical-8B,-1,undefined
CHEBI:38166,related,direct,organic heteropolycyclic compounds,II-Medical-8B,-1,undefined
CHEBI:38179,related,direct,monocyclic heteroarenes,II-Medical-8B,-1,undefined
CHEBI:38180,related,direct,polycyclic heteroarenes,II-Medical-8B,-1,undefined
CHEBI:38263,exact,direct,2-amino-3-hydroxybutanoic acid,II-Medical-8B,-1,undefined
CHEBI:38264,exact,direct,2-amino-3-methylpentanoic acid,II-Medical-8B,-1,exact
CHEBI:38275,related,direct,pyrrolidinones,II-Medical-8B,-1,undefined
CHEBI:38304,related,direct,diazolidines,II-Medical-8B,-1,undefined
CHEBI:38316,related,direct,pyrimidinecarboxylate anions,II-Medical-8B,-1,undefined
CHEBI:38323,related,direct,cholinergic agent,II-Medical-8B,-1,undefined
CHEBI:38323,related,direct,cholinergic drugs,II-Medical-8B,-1,undefined
CHEBI:38323,related,direct,cholinomimetic,II-Medical-8B,-1,undefined
CHEBI:38337,related,direct,pyrimidones,II-Medical-8B,-1,exact
CHEBI:38443,related,direct,1-benzopyrans,II-Medical-8B,-1,undefined
CHEBI:38560,related,direct,simple proteins,II-Medical-8B,-1,undefined
CHEBI:38631,related,direct,aminoalkylindoles,II-Medical-8B,-1,undefined
CHEBI:38632,related,direct,membrane transport modulators,II-Medical-8B,-1,undefined
CHEBI:38653,exact,direct,methylbutanoic acid,II-Medical-8B,-1,undefined
CHEBI:38700,exact,direct,organic sodium salt,II-Medical-8B,-1,undefined
CHEBI:38700,related,direct,organic sodium salts,II-Medical-8B,-1,undefined
CHEBI:38716,exact,direct,carboxylic acid dianion,II-Medical-8B,-1,undefined
CHEBI:38716,related,direct,carboxylic acid dianions,II-Medical-8B,-1,undefined
CHEBI:38717,exact,direct,carboxylic acid trianion,II-Medical-8B,-1,undefined
CHEBI:38717,related,direct,carboxylic acid trianions,II-Medical-8B,-1,undefined
CHEBI:38794,exact,direct,Pteroic acid,II-Medical-8B,-1,undefined
CHEBI:38794,related,direct,Pteroinsaeure,II-Medical-8B,-1,undefined
CHEBI:38807,related,direct,calcium channel activator,II-Medical-8B,-1,undefined
CHEBI:38807,related,direct,calcium channel activators,II-Medical-8B,-1,undefined
CHEBI:38807,related,direct,calcium channel agonists,II-Medical-8B,-1,undefined
CHEBI:38808,related,direct,calcium channel modulators,II-Medical-8B,-1,undefined
CHEBI:38856,exact,direct,halophenol,II-Medical-8B,-1,undefined
