hpoID,class,type,content,system,round,answer
HP:0009179,exact,direct,Laterally displaced fifth finger,medgemma-4b-it,-1,Expert
HP:0009179,exact,layperson,Displaced pinky finger,medgemma-4b-it,-1,Expert
HP:0009179,exact,layperson,Displaced pinkie finger,medgemma-4b-it,-1,Expert
HP:0009179,exact,layperson,Displaced little finger,medgemma-4b-it,-1,Expert
HP:0000741,exact,direct,"Lack of feeling, emotion, interest, motivation, initiation",medgemma-4b-it,-1,Expert
HP:0000741,exact,direct,State of indifference,medgemma-4b-it,-1,Expert
HP:0000741,exact,layperson,"Lack of feeling, emotion, interest",medgemma-4b-it,-1,Expert
HP:0031354,exact,direct,Early insomnia,medgemma-4b-it,-1,Expert
HP:0031354,exact,direct,Increased sleep latency,medgemma-4b-it,-1,Expert
HP:0031354,exact,direct,Trouble falling asleep,medgemma-4b-it,-1,Lay-person
HP:0031354,exact,layperson,Difficulty falling asleep,medgemma-4b-it,-1,Lay-person
HP:0001697,exact,direct,Abnormality of the pericardium,medgemma-4b-it,-1,Expert
HP:0004227,exact,direct,Brachytelophalangism V,medgemma-4b-it,-1,Expert
HP:0004227,exact,direct,Fifth digit distal phalangeal hypoplasia,medgemma-4b-it,-1,Expert
HP:0004227,exact,direct,Hypoplastic/small terminal phalanx of the little finger,medgemma-4b-it,-1,Expert
HP:0004227,exact,direct,Short distal phalanx of the fifth finger,medgemma-4b-it,-1,Expert
HP:0004227,exact,layperson,Short outermost pinky finger bone,medgemma-4b-it,-1,Expert
HP:0004227,exact,layperson,Short outermost pinkie finger bone,medgemma-4b-it,-1,Expert
HP:0004227,exact,layperson,Short outermost little finger bone,medgemma-4b-it,-1,Expert
HP:0005479,exact,direct,Decreased IgE,medgemma-4b-it,-1,Expert
HP:0005479,exact,direct,Decreased circulating IgE,medgemma-4b-it,-1,Expert
HP:0005479,exact,direct,IgE deficiency,medgemma-4b-it,-1,Expert
HP:0008368,exact,direct,Synostosis involving tarsal bones,medgemma-4b-it,-1,Expert
HP:0008368,exact,direct,Synostosis of tarsal bones,medgemma-4b-it,-1,Expert
HP:0008368,exact,direct,Tarsal bone fusion,medgemma-4b-it,-1,Expert
HP:0008368,exact,direct,Tarsal bone synostosis,medgemma-4b-it,-1,Expert
HP:0008368,exact,direct,Tarsal fusion,medgemma-4b-it,-1,Expert
HP:0008368,exact,direct,Tarsal fusions,medgemma-4b-it,-1,Expert
HP:0008368,exact,layperson,Fused ankle bones,medgemma-4b-it,-1,Expert
HP:0009085,exact,direct,Overgrowth of alveolar ridge,medgemma-4b-it,-1,Expert
HP:0009085,exact,direct,Thick alveolar ridges,medgemma-4b-it,-1,Expert
HP:0009085,exact,direct,Thickened alveolar ridges,medgemma-4b-it,-1,Expert
HP:0009085,related,direct,Hypertrophied alveolar ridge,medgemma-4b-it,-1,Expert
HP:0009085,exact,layperson,Overgrowth of gum ridge,medgemma-4b-it,-1,Expert
HP:0009085,exact,,Increased size of alveolar ridge,medgemma-4b-it,-1,Expert
HP:0009085,exact,,Hyperplasia of alveolar ridge,medgemma-4b-it,-1,Expert
HP:0009085,exact,,Hyperplasia of alveolar process of jaw,medgemma-4b-it,-1,Expert
HP:0009085,exact,,Enlarged alveolar ridge,medgemma-4b-it,-1,Expert
HP:0009085,exact,,Alveolar ridge excess,medgemma-4b-it,-1,Expert
HP:0009085,broad,layperson,Increased size of gum ridge,medgemma-4b-it,-1,Expert
HP:0100574,related,direct,Neoplasia of the biliary tract,medgemma-4b-it,-1,Expert
HP:0007556,exact,direct,Plantar hyperkeratoses,medgemma-4b-it,-1,Expert
HP:0011089,exact,direct,"Teeth, double",medgemma-4b-it,-1,Expert
HP:0011089,exact,direct,Twinning tooth,medgemma-4b-it,-1,Expert
HP:0011089,exact,layperson,Conjoined teeth,medgemma-4b-it,-1,Expert
HP:0012373,broad,direct,Abnormal vision physiology,medgemma-4b-it,-1,Expert
HP:0009053,exact,direct,Distal muscle weakness in lower limbs,medgemma-4b-it,-1,Expert
HP:0009053,exact,direct,"Muscle weakness, lower limb, distal",medgemma-4b-it,-1,Expert
HP:0008070,exact,direct,Decreased hair growth,medgemma-4b-it,-1,Expert
HP:0008070,exact,direct,Decreased hair growth on body,medgemma-4b-it,-1,Expert
HP:0008070,exact,direct,Hypotrichosis,medgemma-4b-it,-1,Expert
HP:0008070,exact,direct,Marked hypotrichosis,medgemma-4b-it,-1,Expert
HP:0008070,exact,direct,Sparse hair since birth,medgemma-4b-it,-1,Expert
HP:0008070,related,layperson,"Thin, sparse hair",medgemma-4b-it,-1,Expert
HP:0000653,exact,layperson,Thin eyelashes,medgemma-4b-it,-1,Expert
HP:0000653,exact,layperson,Scanty eyelashes,medgemma-4b-it,-1,Expert
HP:0000653,exact,layperson,Scant eyelashes,medgemma-4b-it,-1,Expert
HP:0000653,exact,,Partial absence of eyelashes,medgemma-4b-it,-1,Expert
HP:0000653,exact,,Hypotrichosis of eyelashes,medgemma-4b-it,-1,Expert
HP:0000750,related,layperson,Speech difficulties,medgemma-4b-it,-1,Expert
HP:0000750,related,layperson,Poor speech development,medgemma-4b-it,-1,Expert
HP:0000750,related,layperson,Poor speech acquisition,medgemma-4b-it,-1,Expert
HP:0000750,exact,layperson,Speech delay,medgemma-4b-it,-1,Expert
HP:0000750,exact,layperson,Speech and language difficulties,medgemma-4b-it,-1,Expert
HP:0000750,exact,layperson,Speech and language delay,medgemma-4b-it,-1,Expert
HP:0000750,exact,layperson,Poor language development,medgemma-4b-it,-1,Expert
HP:0000750,exact,layperson,Late-onset speech development,medgemma-4b-it,-1,Expert
HP:0000750,exact,layperson,Language development deficit,medgemma-4b-it,-1,Expert
HP:0000750,exact,layperson,Language delayed,medgemma-4b-it,-1,Expert
HP:0000750,exact,layperson,Language delay,medgemma-4b-it,-1,Expert
HP:0000750,exact,layperson,Impaired speech development,medgemma-4b-it,-1,Expert
HP:0000750,exact,layperson,Impaired speech and language development,medgemma-4b-it,-1,Expert
HP:0000750,exact,layperson,Delayed speech development,medgemma-4b-it,-1,Expert
HP:0000750,exact,layperson,Delayed speech acquisition,medgemma-4b-it,-1,Expert
HP:0000750,exact,layperson,Delayed speech,medgemma-4b-it,-1,Expert
HP:0000750,exact,layperson,Delayed language development,medgemma-4b-it,-1,Expert
HP:0000750,exact,layperson,Deficiency of speech development,medgemma-4b-it,-1,Expert
HP:0001327,exact,direct,Photically induced myoclonic seizure,medgemma-4b-it,-1,Expert
HP:0001327,exact,direct,Photomyoclonic seizure,medgemma-4b-it,-1,Expert
HP:0001327,exact,plural,Photomyoclonic seizures,medgemma-4b-it,-1,Expert
HP:0008678,exact,direct,Renal agenesis/hypoplasia,medgemma-4b-it,-1,Expert
HP:0008678,exact,direct,Renal aplasia/hypoplasia,medgemma-4b-it,-1,Expert
HP:0008678,exact,layperson,Absent/underdeveloped kidney,medgemma-4b-it,-1,Expert
HP:0008678,exact,layperson,Absent/small kidney,medgemma-4b-it,-1,Expert
HP:0100729,exact,,Large facies,medgemma-4b-it,-1,Expert
HP:0100729,exact,layperson,Big face,medgemma-4b-it,-1,Lay-person
HP:0002362,exact,layperson,Shuffled walk,medgemma-4b-it,-1,Expert
HP:0009099,exact,layperson,Midline cleft palate,medgemma-4b-it,-1,Expert
HP:0009099,exact,layperson,Central cleft palate,medgemma-4b-it,-1,Expert
HP:0012622,related,direct,Loss of renal function,medgemma-4b-it,-1,Expert
HP:0012622,related,direct,Progressive renal failure,medgemma-4b-it,-1,Expert
HP:0012622,related,direct,Progressive renal insufficiency,medgemma-4b-it,-1,Expert
HP:0012622,related,direct,"Renal insufficiency, progressive",medgemma-4b-it,-1,Expert
HP:0012622,related,,"Renal failure, progressive",medgemma-4b-it,-1,Expert
HP:0012622,exact,abbreviation,CKD,medgemma-4b-it,-1,Expert
HP:0005914,exact,direct,Absent or hypoplastic metacarpals,medgemma-4b-it,-1,Expert
HP:0005914,exact,direct,Aplastic/hypoplastic metacarpals,medgemma-4b-it,-1,Expert
HP:0005914,exact,direct,Hypoplastic metacarpals,medgemma-4b-it,-1,Expert
HP:0005914,exact,direct,Hypoplastic/absent metacarpal bones,medgemma-4b-it,-1,Expert
HP:0005914,exact,direct,Hypoplastic/absent metacarpals,medgemma-4b-it,-1,Expert
HP:0005914,exact,direct,Metacarpal aplasia/hypoplasia,medgemma-4b-it,-1,Expert
HP:0005914,exact,layperson,Absent/underdeveloped long bones of hand,medgemma-4b-it,-1,Expert
HP:0005914,exact,layperson,Absent/small long bones of hand,medgemma-4b-it,-1,Expert
HP:0006282,related,,Generalized dysplasia of tooth enamel,medgemma-4b-it,-1,Expert
HP:0006282,related,uk,Generalised dysplasia of tooth enamel,medgemma-4b-it,-1,Expert
HP:0006282,exact,,Generalized hypoplasia of tooth enamel,medgemma-4b-it,-1,Expert
HP:0006282,exact,uk,Generalised hypoplasia of tooth enamel,medgemma-4b-it,-1,Expert
HP:0006282,exact,uk,Generalised hypoplasia of dental enamel,medgemma-4b-it,-1,Expert
HP:0032661,exact,uk,Generalised convulsive status epilepticus,medgemma-4b-it,-1,Expert
HP:0006886,exact,direct,Decreased distal vibration sense,medgemma-4b-it,-1,Expert
HP:4000181,exact,direct,Excessive tooth attrition,medgemma-4b-it,-1,Expert
HP:4000181,exact,layperson,Excessive wear and tear on teeth,medgemma-4b-it,-1,Expert
HP:0012294,exact,direct,Abnormality of the occipital bone,medgemma-4b-it,-1,Expert
HP:0010650,related,layperson,Primary palate bone retrusion,medgemma-4b-it,-1,Expert
HP:0010650,related,layperson,Premaxillary retrusion,medgemma-4b-it,-1,Expert
HP:0010650,related,,Premaxillary bone retrusion,medgemma-4b-it,-1,Expert
HP:0010650,exact,layperson,Underdevelopment of the primary palate bone,medgemma-4b-it,-1,Expert
HP:0010650,exact,layperson,Underdevelopment of the premaxilla,medgemma-4b-it,-1,Expert
HP:0010650,exact,,Underdevelopment of premaxilla,medgemma-4b-it,-1,Expert
HP:0010650,exact,layperson,Small primary palate bone,medgemma-4b-it,-1,Expert
HP:0010650,exact,layperson,Small premaxilla,medgemma-4b-it,-1,Expert
HP:0010650,exact,layperson,Primary palate bone deficiency,medgemma-4b-it,-1,Expert
HP:0010650,exact,,Premaxillary underdevelopment,medgemma-4b-it,-1,Expert
HP:0010650,exact,layperson,Premaxillary bone deficiency,medgemma-4b-it,-1,Expert
HP:0010650,exact,layperson,Hypoplasia of the primary palate bone,medgemma-4b-it,-1,Expert
HP:0010650,exact,,Hypoplasia of the intermaxillary bone,medgemma-4b-it,-1,Expert
HP:0010650,exact,,Decreased size of the primary palate bone,medgemma-4b-it,-1,Expert
HP:0010650,exact,,Decreased size of premaxilla,medgemma-4b-it,-1,Expert
HP:0003045,exact,direct,Abnormality of the patella,medgemma-4b-it,-1,Expert
HP:0003045,exact,direct,Patellar abnormality,medgemma-4b-it,-1,Expert
HP:0003045,exact,layperson,Abnormal kneecap,medgemma-4b-it,-1,Expert
HP:0012568,exact,layperson,Swelling of lower eyelid,medgemma-4b-it,-1,Expert
HP:0012568,exact,layperson,Puffiness of lower eyelid,medgemma-4b-it,-1,Expert
HP:0012568,exact,uk,Lower eyelid oedema,medgemma-4b-it,-1,Expert
HP:0012568,exact,layperson,Fullness of lower eyelid,medgemma-4b-it,-1,Expert
HP:0012568,exact,,Cellulitis of lower eyelid,medgemma-4b-it,-1,Expert
HP:0008515,exact,layperson,Absent/underdeveloped vertebrae,medgemma-4b-it,-1,Expert
HP:0008515,exact,layperson,Absent/small vertebrae,medgemma-4b-it,-1,Expert
HP:0002650,related,direct,Cobb angle greater than ten degrees,medgemma-4b-it,-1,Expert
HP:0003850,exact,direct,Irregular metaphyses of the upper limbs,medgemma-4b-it,-1,Expert
HP:0003850,exact,layperson,Irregular wide portion of upper limb bones,medgemma-4b-it,-1,Expert
HP:0030742,exact,direct,Mittendorf dot,medgemma-4b-it,-1,Expert
HP:0005390,exact,direct,Frequent opportunistic infections,medgemma-4b-it,-1,Expert
HP:0000572,exact,layperson,Vision loss,medgemma-4b-it,-1,Expert
HP:0000572,exact,layperson,Loss of vision,medgemma-4b-it,-1,Expert
HP:0004689,exact,direct,Bilateral fourth metatarsal shortening,medgemma-4b-it,-1,Expert
HP:0004689,exact,direct,Short fourth metatarsus,medgemma-4b-it,-1,Expert
HP:0004689,related,,Short fourth metatarsals,medgemma-4b-it,-1,Expert
HP:0004689,exact,layperson,Short 4th long bone of foot,medgemma-4b-it,-1,Expert
HP:0033044,exact,direct,Regression of motor skills,medgemma-4b-it,-1,Expert
HP:0007641,exact,uk,Colour blindness,medgemma-4b-it,-1,Expert
HP:0007641,exact,layperson,Color blindness,medgemma-4b-it,-1,Expert
HP:0001349,exact,direct,Bilateral facial weakness,medgemma-4b-it,-1,Expert
HP:0001349,exact,direct,"Facial paresis, bilateral",medgemma-4b-it,-1,Expert
HP:0100539,exact,uk,Periorbital oedema,medgemma-4b-it,-1,Expert
HP:0100539,exact,,Periorbital cellulitis,medgemma-4b-it,-1,Expert
HP:0007537,exact,layperson,Severe sun sensitivity,medgemma-4b-it,-1,Expert
HP:0011168,exact,direct,Eyelid myoclonias,medgemma-4b-it,-1,Expert
HP:0030447,exact,direct,Anaplastic carcinoma of the skin,medgemma-4b-it,-1,Expert
HP:0030447,exact,direct,Cutaneous APUDoma,medgemma-4b-it,-1,Expert
HP:0030447,exact,direct,Merkel cell cancer of the skin,medgemma-4b-it,-1,Expert
HP:0030447,exact,direct,Neuroendocrine carcinoma of the skin,medgemma-4b-it,-1,Expert
HP:0030447,exact,direct,Neuroendocrine tumor of the skin,medgemma-4b-it,-1,Expert
HP:0030447,exact,direct,Primary small cell carcinoma of the skin,medgemma-4b-it,-1,Expert
HP:0030447,exact,direct,Primary undifferentiated carcinoma of the skin,medgemma-4b-it,-1,Expert
HP:0030447,exact,uk,Neuroendocrine tumour of the skin,medgemma-4b-it,-1,Expert
HP:0004637,exact,layperson,Limited neck movement,medgemma-4b-it,-1,Expert
HP:0009161,exact,direct,Absent/hypoplastic middle phalanx of 5th finger,medgemma-4b-it,-1,Expert
HP:0009161,exact,layperson,Absent/underdeveloped middle bone of pinky finger,medgemma-4b-it,-1,Expert
HP:0009161,exact,layperson,Absent/underdeveloped middle bone of pinkie finger,medgemma-4b-it,-1,Expert
HP:0009161,exact,layperson,Absent/underdeveloped middle bone of little finger,medgemma-4b-it,-1,Expert
HP:0009161,exact,layperson,Absent/small middle bone of pinky finger,medgemma-4b-it,-1,Expert
HP:0000239,exact,direct,Enlarged fontanelles,medgemma-4b-it,-1,Expert
HP:0000239,exact,direct,Large fontanel,medgemma-4b-it,-1,Expert
HP:0000239,exact,direct,Large fontanelle,medgemma-4b-it,-1,Expert
HP:0000239,exact,direct,Large fontanels,medgemma-4b-it,-1,Expert
HP:0000239,exact,direct,Persistent wide fontanel,medgemma-4b-it,-1,Expert
HP:0000239,narrow,,Wide bregma sutures,medgemma-4b-it,-1,Expert
HP:0000239,narrow,,"Large, late-closing fontanelle",medgemma-4b-it,-1,Expert
HP:0000239,narrow,,Large bregma sutures,medgemma-4b-it,-1,Expert
HP:0000239,exact,layperson,Wide fontanelles,medgemma-4b-it,-1,Expert
HP:0012758,exact,abbreviation,NDD,medgemma-4b-it,-1,Expert
HP:0002354,exact,layperson,Poor memory,medgemma-4b-it,-1,Lay-person
HP:0002354,exact,layperson,Memory problems,medgemma-4b-it,-1,Lay-person
HP:0002354,exact,layperson,Memory loss,medgemma-4b-it,-1,Expert
HP:0002354,exact,layperson,Forgetfulness,medgemma-4b-it,-1,Expert
HP:0002354,exact,layperson,Amnesia,medgemma-4b-it,-1,Expert
HP:0002813,exact,direct,Abnormality of limb bone morphology,medgemma-4b-it,-1,Expert
HP:0002813,exact,layperson,Limb abnormality,medgemma-4b-it,-1,Expert
HP:0002813,exact,layperson,Arm and/or leg bone differences,medgemma-4b-it,-1,Expert
HP:0002813,exact,layperson,Abnormal shape of limb bone,medgemma-4b-it,-1,Expert
HP:0003380,exact,direct,Decreased number of large and small myelinated fibers,medgemma-4b-it,-1,Expert
HP:0003380,exact,direct,Loss of myelinated fibers,medgemma-4b-it,-1,Expert
HP:0003380,exact,uk,Loss of myelinated fibres,medgemma-4b-it,-1,Expert
HP:0003380,exact,uk,Decreased number of peripheral myelinated nerve fibres,medgemma-4b-it,-1,Expert
HP:0003380,exact,uk,Decreased number of large and small myelinated fibres,medgemma-4b-it,-1,Expert
HP:0009422,exact,layperson,Broad outermost bone of middle finger,medgemma-4b-it,-1,Expert
HP:0000940,exact,direct,Abnormality involving the diaphyses of the limbs,medgemma-4b-it,-1,Expert
HP:0000940,exact,direct,Abnormality of the diaphyses,medgemma-4b-it,-1,Expert
HP:0000940,exact,direct,Anomaly of the limb diaphyses,medgemma-4b-it,-1,Expert
HP:0000940,exact,direct,Anomaly of the limb diaphyses morphology,medgemma-4b-it,-1,Expert
HP:0000940,exact,layperson,Abnormality of shaft of long bone of the limbs,medgemma-4b-it,-1,Expert
HP:0000940,exact,layperson,Abnormal shape of shaft of long bone,medgemma-4b-it,-1,Expert
HP:0006329,exact,direct,Hypoplasia of alveolar ridge,medgemma-4b-it,-1,Expert
HP:0006329,exact,direct,Hypoplastic alveolar bone,medgemma-4b-it,-1,Expert
HP:0006329,related,,Hypotrophic alveolar ridge,medgemma-4b-it,-1,Expert
HP:0006329,related,,Hypotrophic alveolar process of jaw,medgemma-4b-it,-1,Expert
HP:0006329,related,,Deficiency of alveolar ridge,medgemma-4b-it,-1,Expert
HP:0006329,related,,Deficiency of alveolar process of jaw,medgemma-4b-it,-1,Expert
HP:0006329,exact,,Underdevelopment of alveolar ridge,medgemma-4b-it,-1,Expert
HP:0006329,exact,,Underdevelopment of alveolar process of jaw,medgemma-4b-it,-1,Expert
HP:0006329,exact,,Small alveolar ridge,medgemma-4b-it,-1,Expert
HP:0006329,exact,,Small alveolar process of jaw,medgemma-4b-it,-1,Expert
HP:0006329,exact,,Decreased size of alveolar ridge,medgemma-4b-it,-1,Expert
HP:0006329,exact,,Decreased size of alveolar process of jaw,medgemma-4b-it,-1,Expert
HP:0007623,exact,layperson,Abnormal pigmentation in sun-exposed skin,medgemma-4b-it,-1,Expert
HP:0012084,exact,uk,Abnormality of skeletal muscle fibre size,medgemma-4b-it,-1,Expert
HP:0008921,exact,direct,"Dwarfism, neonatal short-limbed",medgemma-4b-it,-1,Expert
HP:0008921,exact,direct,Neonatal short-limbed dwarfism,medgemma-4b-it,-1,Expert
HP:0008921,exact,direct,Short-limb dwarfism identifiable neonatally,medgemma-4b-it,-1,Expert
HP:0008921,exact,layperson,Short-limbed dwarfism identifiable at birth,medgemma-4b-it,-1,Expert
HP:0008921,exact,layperson,Short-limb dwarfism identifiable at birth,medgemma-4b-it,-1,Expert
HP:0008921,exact,layperson,Short limb dwarfism recognizable at birth,medgemma-4b-it,-1,Expert
HP:0008921,exact,uk,Short limb dwarfism recognisable at birth,medgemma-4b-it,-1,Expert
HP:0000529,exact,direct,Loss of visual acuity,medgemma-4b-it,-1,Expert
HP:0000529,exact,direct,Progressive visual acuity loss,medgemma-4b-it,-1,Expert
HP:0000529,related,,"Decreased visual acuity, progressive",medgemma-4b-it,-1,Expert
HP:0000529,exact,layperson,"Visual loss, progressive",medgemma-4b-it,-1,Expert
HP:0000529,exact,layperson,"Vision loss, progressive",medgemma-4b-it,-1,Expert
HP:0000529,exact,layperson,Slowly progressive visual loss,medgemma-4b-it,-1,Expert
HP:0000529,exact,layperson,Progressive visual impairment,medgemma-4b-it,-1,Expert
HP:0000529,exact,layperson,Progressive vision loss,medgemma-4b-it,-1,Expert
HP:0000529,exact,layperson,Progressive loss of vision,medgemma-4b-it,-1,Expert
HP:0001141,exact,direct,Severe reduction in visual acuity,medgemma-4b-it,-1,Expert
HP:0001141,exact,direct,Severe vision loss,medgemma-4b-it,-1,Expert
HP:0001141,exact,direct,Severe visual loss,medgemma-4b-it,-1,Expert
HP:0001141,exact,layperson,Severely impaired vision,medgemma-4b-it,-1,Expert
HP:0001141,exact,layperson,Severe visual impairment,medgemma-4b-it,-1,Expert
HP:0001141,exact,layperson,Marked vision impairment,medgemma-4b-it,-1,Expert
HP:0009767,exact,direct,Aplastic/hypoplastic phalanges,medgemma-4b-it,-1,Expert
HP:0009767,exact,direct,Aplastic/hypoplastic phalanges of the hand,medgemma-4b-it,-1,Expert
HP:0009767,exact,direct,Hypoplastic/absent phalanges,medgemma-4b-it,-1,Expert
HP:0010749,exact,,Saggy upper eyelid skin,medgemma-4b-it,-1,Expert
HP:0011160,exact,direct,Focal gustatory seizure,medgemma-4b-it,-1,Expert
HP:0011160,exact,direct,Focal sensory gustatory seizure,medgemma-4b-it,-1,Expert
HP:0011160,exact,direct,Gustatory aura,medgemma-4b-it,-1,Expert
HP:0011160,exact,direct,Partial gustatory seizure,medgemma-4b-it,-1,Expert
HP:0011160,exact,layperson,Taste hallucinations,medgemma-4b-it,-1,Expert
HP:0011160,exact,plural,Gustatory auras,medgemma-4b-it,-1,Expert
HP:0011327,exact,direct,Occipital plagiocephaly,medgemma-4b-it,-1,Expert
HP:0011327,exact,,Deformational posterior plagiocephaly,medgemma-4b-it,-1,Expert
HP:0005855,exact,direct,Congenital bone fractures,medgemma-4b-it,-1,Expert
HP:0005855,exact,layperson,Numerous multiple fractures that are present at birth,medgemma-4b-it,-1,Expert
HP:0005855,exact,layperson,Numerous multiple fractures present at birth,medgemma-4b-it,-1,Expert
HP:0005855,exact,layperson,"Multiple fractures, present at birth",medgemma-4b-it,-1,Expert
HP:0005855,exact,layperson,Multiple fractures present at birth,medgemma-4b-it,-1,Expert
HP:0000105,exact,direct,Nephromegaly,medgemma-4b-it,-1,Expert
HP:0000105,exact,direct,Renal enlargement,medgemma-4b-it,-1,Expert
HP:0000105,related,direct,Large kidney,medgemma-4b-it,-1,Expert
HP:0000105,exact,layperson,Large kidneys,medgemma-4b-it,-1,Expert
HP:0000437,exact,direct,"Nasal tip, recessed",medgemma-4b-it,-1,Expert
HP:0000437,exact,direct,"Nasal tip, retruded",medgemma-4b-it,-1,Expert
HP:0000437,exact,,Retruded tip of nose,medgemma-4b-it,-1,Expert
HP:0000437,exact,layperson,"Nasal tip, depressed",medgemma-4b-it,-1,Expert
HP:0000437,exact,layperson,Flattened nasal tip,medgemma-4b-it,-1,Expert
HP:0000437,exact,layperson,Flat tip of nose,medgemma-4b-it,-1,Expert
HP:0000437,exact,layperson,Flat nasal tip,medgemma-4b-it,-1,Expert
HP:0000437,exact,layperson,Depressed tip of nose,medgemma-4b-it,-1,Expert
HP:0000437,exact,layperson,Caved in nasal tip,medgemma-4b-it,-1,Expert
HP:0040050,exact,layperson,Partial absence of upper eyelashes,medgemma-4b-it,-1,Expert
HP:0040050,exact,,Hypotrichosis of upper eyelashes,medgemma-4b-it,-1,Expert
HP:0002896,exact,uk,Liver tumour,medgemma-4b-it,-1,Expert
HP:0002896,exact,layperson,Liver tumor,medgemma-4b-it,-1,Expert
HP:0002896,exact,layperson,Liver cancer,medgemma-4b-it,-1,Expert
HP:0003849,exact,direct,Flared metaphyses of the upper limbs,medgemma-4b-it,-1,Expert
HP:0003849,exact,layperson,Flared wide portion of the upper limb bone,medgemma-4b-it,-1,Expert
HP:0009832,exact,direct,Abnormal terminal phalanges of the hand,medgemma-4b-it,-1,Expert
HP:0009832,exact,direct,Abnormality of the distal phalanges of the hand,medgemma-4b-it,-1,Expert
HP:0009832,exact,direct,Abnormality of the distal phalanx of finger,medgemma-4b-it,-1,Expert
HP:0009832,exact,layperson,Abnormality of the outermost finger bone,medgemma-4b-it,-1,Expert
HP:0001188,exact,direct,Clenched hand,medgemma-4b-it,-1,Expert
HP:0001188,exact,direct,Fisted hand,medgemma-4b-it,-1,Expert
HP:0001188,exact,direct,Fisting,medgemma-4b-it,-1,Expert
HP:0001188,exact,direct,Hands fisted,medgemma-4b-it,-1,Expert
HP:0001188,exact,direct,Hands tightly fisted,medgemma-4b-it,-1,Expert
HP:0001188,exact,direct,Thumb clasp,medgemma-4b-it,-1,Expert
HP:0001188,exact,layperson,Clenched hands,medgemma-4b-it,-1,Expert
HP:0003387,exact,direct,Depletion of large myelinated fibers,medgemma-4b-it,-1,Expert
HP:0003387,exact,direct,Loss of large myelinated fibers,medgemma-4b-it,-1,Expert
HP:0003387,exact,direct,Loss of larger myelinated nerve fibers,medgemma-4b-it,-1,Expert
HP:0003387,exact,uk,Loss of larger myelinated nerve fibres,medgemma-4b-it,-1,Expert
HP:0003387,exact,uk,Loss of large myelinated fibres,medgemma-4b-it,-1,Expert
HP:0003387,exact,uk,Depletion of large myelinated fibres,medgemma-4b-it,-1,Expert
HP:0003387,exact,uk,Decreased number of large peripheral myelinated nerve fibres,medgemma-4b-it,-1,Expert
HP:0000356,exact,direct,Abnormal pinnae,medgemma-4b-it,-1,Expert
HP:0000356,exact,direct,Abnormality of the auricle,medgemma-4b-it,-1,Expert
HP:0000356,exact,direct,External ear malformation,medgemma-4b-it,-1,Expert
HP:0000356,exact,direct,Malformed pinnae,medgemma-4b-it,-1,Expert
HP:0000356,exact,layperson,Outer ear abnormality,medgemma-4b-it,-1,Expert
HP:0000356,exact,layperson,External ear malformations,medgemma-4b-it,-1,Expert
HP:0000356,exact,layperson,Ear anomalies,medgemma-4b-it,-1,Expert
HP:0000356,exact,layperson,Abnormality of the external ear,medgemma-4b-it,-1,Expert
HP:0040085,exact,layperson,Abnormal plasma aldosterone,medgemma-4b-it,-1,Expert
HP:0040085,exact,layperson,Abnormal circulating aldosterone,medgemma-4b-it,-1,Expert
HP:0002286,exact,layperson,Towhead (hair color),medgemma-4b-it,-1,Expert
HP:0002286,exact,uk,Straw coloured hair,medgemma-4b-it,-1,Expert
HP:0002286,exact,layperson,Straw colored hair,medgemma-4b-it,-1,Expert
HP:0002286,exact,uk,Sandy hair colour,medgemma-4b-it,-1,Expert
HP:0002286,exact,layperson,Sandy hair color,medgemma-4b-it,-1,Expert
HP:0002286,exact,uk,Light coloured hair,medgemma-4b-it,-1,Expert
HP:0002286,exact,layperson,Light colored hair,medgemma-4b-it,-1,Expert
HP:0002286,exact,uk,Flaxen hair colour,medgemma-4b-it,-1,Expert
HP:0002286,exact,layperson,Flaxen hair color,medgemma-4b-it,-1,Expert
HP:0002286,exact,uk,Fair hair colour,medgemma-4b-it,-1,Expert
HP:0002286,exact,layperson,Fair hair color,medgemma-4b-it,-1,Expert
HP:0002286,exact,layperson,Blond hair,medgemma-4b-it,-1,Expert
HP:0006443,exact,direct,Absent patella,medgemma-4b-it,-1,Expert
HP:0006443,exact,direct,Absent patellae,medgemma-4b-it,-1,Expert
HP:0006443,exact,direct,Absent patellas,medgemma-4b-it,-1,Expert
HP:0006443,exact,direct,Aplastic patellae,medgemma-4b-it,-1,Expert
HP:0006443,exact,layperson,Absent kneecap,medgemma-4b-it,-1,Expert
HP:0009292,exact,layperson,Wide outermost bone of ring finger,medgemma-4b-it,-1,Expert
HP:0009292,exact,layperson,Broad outermost bone of ring finger,medgemma-4b-it,-1,Expert
HP:0004428,related,,Leprechaun facies,medgemma-4b-it,-1,Expert
HP:0004428,exact,layperson,Elf-like facial features,medgemma-4b-it,-1,Expert
HP:0004428,exact,layperson,Elf-like facial appearance,medgemma-4b-it,-1,Expert
HP:0001382,exact,direct,Extensible joints,medgemma-4b-it,-1,Expert
HP:0001382,exact,direct,Hyperextensible joints,medgemma-4b-it,-1,Expert
HP:0001382,exact,direct,Increased joint mobility,medgemma-4b-it,-1,Expert
HP:0001382,exact,direct,Joint hyperextensibility,medgemma-4b-it,-1,Expert
HP:0001382,exact,direct,Joint hyperflexibility,medgemma-4b-it,-1,Expert
HP:0001382,exact,direct,Joint hyperlaxity,medgemma-4b-it,-1,Expert
HP:0001382,exact,direct,Joint laxity,medgemma-4b-it,-1,Expert
HP:0001382,related,direct,Joint instability,medgemma-4b-it,-1,Expert
HP:0001382,related,direct,Joint ligamentous laxity,medgemma-4b-it,-1,Expert
HP:0001382,related,direct,Ligamentous laxity,medgemma-4b-it,-1,Expert
HP:0001382,exact,layperson,Loose-jointedness,medgemma-4b-it,-1,Expert
HP:0001382,exact,layperson,Lax joints,medgemma-4b-it,-1,Expert
HP:0001382,exact,layperson,Joints move beyond expected range of motion,medgemma-4b-it,-1,Expert
HP:0001382,exact,layperson,Increased mobility of joints,medgemma-4b-it,-1,Expert
HP:0001382,exact,layperson,Flexible joints,medgemma-4b-it,-1,Expert
HP:0001382,exact,layperson,Double-Jointed,medgemma-4b-it,-1,Expert
HP:0009232,exact,layperson,Fused innermost bone of pinky finger,medgemma-4b-it,-1,Expert
HP:0009232,exact,layperson,Fused innermost bone of pinkie finger,medgemma-4b-it,-1,Expert
HP:0009232,exact,layperson,Fused innermost bone of little finger,medgemma-4b-it,-1,Expert
HP:0003693,exact,direct,Amyotrophy of distal limb muscles,medgemma-4b-it,-1,Expert
HP:0003693,exact,direct,"Distal amyotrophy, especially of the hands and feet",medgemma-4b-it,-1,Expert
HP:0003693,exact,direct,Distal limb muscle atrophy,medgemma-4b-it,-1,Expert
HP:0003693,exact,direct,Distal muscle atrophy,medgemma-4b-it,-1,Expert
HP:0003693,exact,direct,"Distal muscle atrophy, upper and lower limbs",medgemma-4b-it,-1,Expert
HP:0003693,exact,direct,Distal muscular atrophy,medgemma-4b-it,-1,Expert
HP:0003693,exact,direct,"Muscle atrophy, distal",medgemma-4b-it,-1,Expert
HP:0003693,exact,layperson,Distal muscle wasting,medgemma-4b-it,-1,Expert
HP:0003693,exact,,Distal muscle degeneration,medgemma-4b-it,-1,Expert
HP:0012823,exact,direct,Phenotypic modifier,medgemma-4b-it,-1,Expert
HP:0011146,exact,direct,Behavioral arrest seizure with impairment of awareness irrespective of onset,medgemma-4b-it,-1,Expert
HP:0011146,exact,direct,Unknown onset behavioral arrest seizure with impairment of awareness,medgemma-4b-it,-1,Expert
HP:0011146,exact,uk,Unknown onset behavioural arrest seizure with impairment of awareness,medgemma-4b-it,-1,Expert
HP:0011146,exact,uk,Behavioural arrest seizure with impairment of awareness irrespective of onset,medgemma-4b-it,-1,Expert
HP:0000172,exact,layperson,Abnormality of the uvula,medgemma-4b-it,-1,Expert
HP:0000172,exact,,Abnormality of palatine uvula,medgemma-4b-it,-1,Expert
HP:5200299,exact,direct,Disturbance in REM,medgemma-4b-it,-1,Expert
HP:5200299,exact,direct,Rapid eye movement parasomnia,medgemma-4b-it,-1,Expert
HP:0000107,related,,Renal cysts,medgemma-4b-it,-1,Expert
HP:0000107,related,layperson,Cystic kidneys,medgemma-4b-it,-1,Expert
HP:0000107,related,layperson,Cystic kidney disease,medgemma-4b-it,-1,Expert
HP:0000107,exact,layperson,Kidney cyst,medgemma-4b-it,-1,Expert
HP:0009642,exact,direct,Broad terminal thumb phalanx,medgemma-4b-it,-1,Expert
HP:0009642,exact,direct,Wide distal phalanx of thumb,medgemma-4b-it,-1,Expert
HP:0009642,exact,layperson,Wide outermost bone of thumb,medgemma-4b-it,-1,Expert
HP:0009642,exact,layperson,Broad outermost bone of the thumb,medgemma-4b-it,-1,Expert
HP:0009940,exact,direct,Deviation of lower jaw,medgemma-4b-it,-1,Expert
HP:0009940,exact,direct,Deviation of mandible,medgemma-4b-it,-1,Expert
HP:0009940,related,,Deviation of the mandible,medgemma-4b-it,-1,Expert
HP:0009940,related,layperson,Deviation of the lower jaw,medgemma-4b-it,-1,Expert
HP:0009940,exact,,Uneven mandible,medgemma-4b-it,-1,Expert
HP:0009940,exact,layperson,Uneven lower jaw,medgemma-4b-it,-1,Expert
HP:0009940,exact,layperson,Tilted lower jaw,medgemma-4b-it,-1,Expert
HP:0009940,exact,layperson,Lower jaw shifted to one side,medgemma-4b-it,-1,Expert
HP:0009940,exact,layperson,Crooked lower jaw,medgemma-4b-it,-1,Expert
HP:0009940,exact,,Canted mandible,medgemma-4b-it,-1,Expert
HP:0009940,exact,,Canted lower jaw,medgemma-4b-it,-1,Expert
HP:0009940,exact,layperson,Asymmetry of lower jaw,medgemma-4b-it,-1,Expert
HP:0009940,broad,,Tilted mandible,medgemma-4b-it,-1,Expert
HP:0001195,exact,direct,Two-vessel cord,medgemma-4b-it,-1,Expert
HP:0001195,exact,,Two vessel umbilical cord,medgemma-4b-it,-1,Expert
HP:0001195,exact,,Two vessel cord,medgemma-4b-it,-1,Expert
HP:0001195,exact,abbreviation,SUA,medgemma-4b-it,-1,Expert
HP:0001195,exact,layperson,Only one artery in umbilical cord instead of two,medgemma-4b-it,-1,Expert
HP:0001195,exact,,2 vessel umbilical cord,medgemma-4b-it,-1,Expert
HP:0001195,exact,,2 vessel cord,medgemma-4b-it,-1,Expert
HP:0000388,exact,layperson,Middle ear infection,medgemma-4b-it,-1,Expert
HP:0006011,exact,layperson,"Short, cube shaped long bone of hand",medgemma-4b-it,-1,Expert
HP:0011643,exact,direct,Unroofed coronary sinus,medgemma-4b-it,-1,Expert
HP:0012699,exact,layperson,Anomaly of shaft of long bone of lower limb,medgemma-4b-it,-1,Expert
HP:0000736,exact,direct,Easy distractibility,medgemma-4b-it,-1,Expert
HP:0000736,exact,direct,High distractibility,medgemma-4b-it,-1,Expert
HP:0000736,exact,layperson,Problem paying attention,medgemma-4b-it,-1,Expert
HP:0000736,exact,layperson,Poor attention span,medgemma-4b-it,-1,Expert
HP:0000736,exact,,Easily distracted,medgemma-4b-it,-1,Expert
HP:5200330,exact,direct,Sucidality,medgemma-4b-it,-1,Expert
HP:5200330,exact,direct,Suicidal actions,medgemma-4b-it,-1,Expert
HP:0001631,exact,direct,Atria septal defect,medgemma-4b-it,-1,Expert
HP:0001631,exact,direct,Atrial septum defect,medgemma-4b-it,-1,Expert
HP:0001631,exact,direct,Atrioseptal defect,medgemma-4b-it,-1,Expert
HP:0001631,exact,direct,Defect in the atrial septum,medgemma-4b-it,-1,Expert
HP:0001631,exact,layperson,Hole in heart wall separating two upper heart chambers,medgemma-4b-it,-1,Expert
HP:0001631,exact,layperson,An opening in the wall separating the top two chambers of the heart,medgemma-4b-it,-1,Expert
HP:0001631,exact,abbreviation,ASD,medgemma-4b-it,-1,Expert
HP:0011823,exact,direct,Chin with horizontal furrow,medgemma-4b-it,-1,Expert
HP:0011823,exact,direct,Chin with horizontal sulcus,medgemma-4b-it,-1,Expert
HP:0011823,exact,,Horizontal menton crease,medgemma-4b-it,-1,Expert
HP:0011823,exact,layperson,Horizontal chin skin cleft,medgemma-4b-it,-1,Expert
HP:0011823,exact,layperson,Chin with horizontal groove,medgemma-4b-it,-1,Expert
HP:0003261,exact,direct,Elevated IgA,medgemma-4b-it,-1,Expert
HP:0003261,exact,direct,Elevated serum IgA,medgemma-4b-it,-1,Expert
HP:0003261,exact,direct,IgA hypergammaglobulinemia,medgemma-4b-it,-1,Expert
HP:0003261,exact,direct,Increased circulating IgA level,medgemma-4b-it,-1,Expert
HP:0003261,exact,direct,Increased levels of IgA,medgemma-4b-it,-1,Expert
HP:0003261,exact,direct,Increased serum IgA,medgemma-4b-it,-1,Expert
HP:0008883,exact,direct,Mild prenatal growth deficiency,medgemma-4b-it,-1,Expert
HP:0007550,exact,layperson,Lack of sweating or excessive sweating,medgemma-4b-it,-1,Expert
HP:0000657,exact,direct,Ocular motor apraxia,medgemma-4b-it,-1,Expert
HP:0000657,related,direct,Defective or absent horizontal voluntary eye movements,medgemma-4b-it,-1,Expert
HP:0006944,exact,direct,Apallesthesia,medgemma-4b-it,-1,Expert
HP:0002118,exact,direct,Abnormality of the cerebral ventricles,medgemma-4b-it,-1,Expert
HP:0010105,exact,direct,First metatarsal hypoplasia,medgemma-4b-it,-1,Expert
HP:0010105,exact,direct,First metatarsals hypoplastic,medgemma-4b-it,-1,Expert
HP:0010105,exact,layperson,Short 1st long bone of foot,medgemma-4b-it,-1,Expert
HP:0002166,exact,direct,"Distal sensory loss, especially vibratory sense",medgemma-4b-it,-1,Expert
HP:0002166,exact,direct,Distal vibratory impairment of the lower limbs,medgemma-4b-it,-1,Expert
HP:0002166,exact,layperson,Diminished vibratory sensation in the legs,medgemma-4b-it,-1,Expert
HP:0002166,exact,layperson,Decreased vibratory sense in the lower limbs,medgemma-4b-it,-1,Expert
HP:0002166,exact,layperson,Decreased vibratory sense in the lower extremities,medgemma-4b-it,-1,Expert
HP:0002166,exact,layperson,Decreased vibratory sense in lower limbs,medgemma-4b-it,-1,Expert
HP:0002166,exact,layperson,Decreased lower limb vibratory sense,medgemma-4b-it,-1,Expert
HP:0009833,exact,direct,Abnormality of the middle phalanges of the hand,medgemma-4b-it,-1,Expert
HP:0009833,exact,layperson,Abnormality of the middle finger bones of the hand,medgemma-4b-it,-1,Expert
HP:0002783,exact,direct,Chronic lung infections,medgemma-4b-it,-1,Expert
HP:0002783,exact,direct,Lower respiratory tract infections,medgemma-4b-it,-1,Expert
HP:0002783,exact,layperson,Recurrent chest infections,medgemma-4b-it,-1,Expert
HP:0002231,exact,direct,Limited body hair,medgemma-4b-it,-1,Expert
HP:0002231,exact,direct,Little body hair,medgemma-4b-it,-1,Lay-person
HP:0002231,exact,direct,Sparse to absent body hair,medgemma-4b-it,-1,Expert
HP:0006161,exact,layperson,Short long bone of hand with rounded innermost ends,medgemma-4b-it,-1,Expert
HP:0001622,exact,direct,Premature delivery,medgemma-4b-it,-1,Expert
HP:0001622,exact,direct,Preterm birth,medgemma-4b-it,-1,Expert
HP:0001622,exact,direct,Shortened gestation time,medgemma-4b-it,-1,Expert
HP:0001622,exact,layperson,Preterm delivery,medgemma-4b-it,-1,Expert
HP:0001622,exact,layperson,Premature delivery of affected infants,medgemma-4b-it,-1,Expert
HP:0003311,exact,direct,Hypoplastic odontoid process,medgemma-4b-it,-1,Expert
HP:0003311,exact,direct,Odontoid hypoplasia,medgemma-4b-it,-1,Expert
HP:0003311,exact,direct,Small odontoid process,medgemma-4b-it,-1,Expert
HP:0003311,exact,,Small odontoid peg,medgemma-4b-it,-1,Expert
HP:5200045,exact,,Impaired self-restraint,medgemma-4b-it,-1,Expert
HP:0000534,exact,layperson,Abnormality of the eyebrow,medgemma-4b-it,-1,Expert
HP:0410276,exact,direct,Midline supraumbilical raphe,medgemma-4b-it,-1,Expert
HP:0040019,broad,layperson,Curvature of finger,medgemma-4b-it,-1,Expert
HP:0007814,exact,direct,Focal hypopigmentation of the retinal pigment epithelium,medgemma-4b-it,-1,Expert
HP:0007814,exact,direct,Retinal pigment epithelium irregularity,medgemma-4b-it,-1,Expert
HP:0007814,exact,direct,Salt and pepper retinal pigmentation,medgemma-4b-it,-1,Expert
HP:0007814,exact,direct,Salt and pepper retinopathy,medgemma-4b-it,-1,Expert
HP:0007814,exact,abbreviation,RPE mottling,medgemma-4b-it,-1,Expert
HP:0007814,exact,abbreviation,RPE irregularity,medgemma-4b-it,-1,Expert
HP:0003180,exact,direct,Acetabular angle flat,medgemma-4b-it,-1,Expert
HP:0003180,exact,direct,Flat acetabular roofs,medgemma-4b-it,-1,Expert
HP:0003180,exact,direct,Flattened acetabular roof,medgemma-4b-it,-1,Expert
HP:0003180,exact,direct,Horizontal acetabulae,medgemma-4b-it,-1,Expert
HP:0003180,exact,direct,Horizontal acetabular roof,medgemma-4b-it,-1,Expert
HP:0003180,exact,direct,Horizontal acetabular roofs,medgemma-4b-it,-1,Expert
HP:0000422,exact,direct,Abnormality of the nasal root,medgemma-4b-it,-1,Expert
HP:0000422,narrow,layperson,Malformation of the nasal bridge,medgemma-4b-it,-1,Expert
HP:0000422,narrow,layperson,Malformation of the bridge of the nose,medgemma-4b-it,-1,Expert
HP:0000422,narrow,layperson,Deformity of the nasal bridge,medgemma-4b-it,-1,Expert
HP:0000422,narrow,layperson,Deformity of the bridge of the nose,medgemma-4b-it,-1,Expert
HP:0000422,exact,layperson,Abnormality of the nasal bridge,medgemma-4b-it,-1,Expert
HP:0000422,exact,layperson,Abnormality of the bridge of the nose,medgemma-4b-it,-1,Expert
HP:0000378,related,direct,Capuchin ears,medgemma-4b-it,-1,Expert
HP:0000378,related,,Cupped ears,medgemma-4b-it,-1,Expert
HP:0000378,exact,layperson,"Simple, cup-shaped ears",medgemma-4b-it,-1,Expert
HP:0000378,exact,layperson,Cup-shaped ears,medgemma-4b-it,-1,Expert
HP:0030051,exact,direct,Tiptoe gait,medgemma-4b-it,-1,Expert
HP:0030051,exact,layperson,Walking on tiptoes,medgemma-4b-it,-1,Expert
HP:0030051,exact,layperson,Toe walking,medgemma-4b-it,-1,Expert
HP:0000742,exact,layperson,Self mutilation,medgemma-4b-it,-1,Expert
HP:0000742,exact,layperson,Deliberate self-harm,medgemma-4b-it,-1,Expert
HP:0010038,exact,direct,Rudimentary 2nd metacarpal,medgemma-4b-it,-1,Expert
HP:0010038,related,direct,Hypoplastic 2nd metacarpal,medgemma-4b-it,-1,Expert
HP:0010038,exact,layperson,Shortened 2nd long bone of hand,medgemma-4b-it,-1,Expert
HP:0031956,exact,direct,Aspartate aminotransferase increased,medgemma-4b-it,-1,Expert
HP:0031956,exact,direct,Elevated serum aspartate aminotransferase,medgemma-4b-it,-1,Expert
HP:0031956,exact,direct,Elevated serum glutamic oxaloacetic transaminase,medgemma-4b-it,-1,Expert
HP:0031956,exact,abbreviation,Elevated serum AST,medgemma-4b-it,-1,Expert
HP:0010456,exact,direct,Abnormality of greater sciatic notch,medgemma-4b-it,-1,Expert
HP:0010456,exact,direct,Abnormality of the greater sacrosciatic notch,medgemma-4b-it,-1,Expert
HP:0010456,exact,direct,Abnormality of the sacroiliac notch,medgemma-4b-it,-1,Expert
HP:0004328,exact,direct,Abnormal anterior segment morphology,medgemma-4b-it,-1,Expert
HP:0004328,exact,direct,Abnormality of the anterior segment of the eye,medgemma-4b-it,-1,Expert
HP:0004328,exact,direct,Abnormality of the anterior segment of the eyeball,medgemma-4b-it,-1,Expert
HP:0004328,exact,direct,Abnormality of the anterior segment of the globe,medgemma-4b-it,-1,Expert
HP:0000119,exact,direct,Genitourinary abnormality,medgemma-4b-it,-1,Expert
HP:0000119,exact,direct,Genitourinary tract anomalies,medgemma-4b-it,-1,Expert
HP:0000119,exact,direct,Genitourinary tract malformation,medgemma-4b-it,-1,Expert
HP:0000119,exact,direct,Urogenital abnormalities,medgemma-4b-it,-1,Expert
HP:0000119,exact,direct,Urogenital anomalies,medgemma-4b-it,-1,Expert
HP:0000119,related,direct,Genitourinary disease,medgemma-4b-it,-1,Expert
HP:0000119,related,direct,Genitourinary dysplasia,medgemma-4b-it,-1,Expert
HP:0000119,exact,abbreviation,Abnormality of the GU system,medgemma-4b-it,-1,Expert
HP:0008873,exact,direct,Brachymelic dwarfism,medgemma-4b-it,-1,Expert
HP:0008873,exact,direct,Disproportionate short limb dwarfism,medgemma-4b-it,-1,Expert
HP:0008873,exact,direct,"Dwarfism, short-limbed",medgemma-4b-it,-1,Expert
HP:0008873,exact,direct,Micromelic dwarfism,medgemma-4b-it,-1,Expert
HP:0008873,exact,direct,"Short stature, disproportionate short limb",medgemma-4b-it,-1,Expert
HP:0008873,exact,direct,"Short stature, disproportionate short-limb",medgemma-4b-it,-1,Expert
HP:0008873,exact,direct,Short-limb dwarfism,medgemma-4b-it,-1,Expert
HP:0008873,related,layperson,Short limb dwarfism,medgemma-4b-it,-1,Expert
HP:0008873,exact,layperson,Short-limbed dwarfism,medgemma-4b-it,-1,Expert
HP:0008873,exact,layperson,"Short limb dwarfism, disproportionate",medgemma-4b-it,-1,Expert
HP:0030318,exact,direct,Angular cheilosis,medgemma-4b-it,-1,Expert
HP:0030318,exact,direct,Angular stomatitis,medgemma-4b-it,-1,Expert
HP:0030318,exact,direct,Commissural cheilitis,medgemma-4b-it,-1,Expert
HP:0030318,exact,layperson,Red and sore corners of the mouth,medgemma-4b-it,-1,Expert
HP:0030318,exact,,Inflammation of oral commisures,medgemma-4b-it,-1,Expert
HP:0030318,exact,layperson,Inflammation of corners of the mouth,medgemma-4b-it,-1,Expert
HP:0000431,exact,direct,"Nasal bridge, wide",medgemma-4b-it,-1,Expert
HP:0000431,related,layperson,Broad flat nasal bridge,medgemma-4b-it,-1,Expert
HP:0000431,exact,layperson,Widened nasal bridge,medgemma-4b-it,-1,Expert
HP:0000431,exact,layperson,Wide bridge of nose,medgemma-4b-it,-1,Expert
HP:0000431,exact,layperson,Nasal bridge broad,medgemma-4b-it,-1,Expert
HP:0000431,exact,layperson,Increased width of nasal bridge,medgemma-4b-it,-1,Expert
HP:0000431,exact,layperson,Increased width of bridge of nose,medgemma-4b-it,-1,Expert
HP:0000431,exact,layperson,Increased breadth of nasal bridge,medgemma-4b-it,-1,Expert
HP:0000431,exact,layperson,Increased breadth of bridge of nose,medgemma-4b-it,-1,Expert
HP:0000431,exact,layperson,Broadened nasal bridge,medgemma-4b-it,-1,Expert
HP:0000431,exact,layperson,Broad nasal root,medgemma-4b-it,-1,Expert
HP:0000431,exact,layperson,Broad nasal bridge,medgemma-4b-it,-1,Expert
HP:0000689,exact,direct,Malocclusion,medgemma-4b-it,-1,Expert
HP:0000689,exact,direct,Occlusion anomaly,medgemma-4b-it,-1,Expert
HP:0000689,narrow,,Angle class 3 malocclusion,medgemma-4b-it,-1,Expert
HP:0000689,narrow,,Angle class 2 malocclusion,medgemma-4b-it,-1,Expert
HP:0000689,exact,layperson,Misalignment of upper and lower dental arches,medgemma-4b-it,-1,Expert
HP:0000689,exact,,Malocclusion of teeth,medgemma-4b-it,-1,Expert
HP:0000689,exact,layperson,Malalignment of upper and lower dental arches,medgemma-4b-it,-1,Expert
HP:0000689,exact,,Incorrect relation between upper and lower dental arches,medgemma-4b-it,-1,Expert
HP:0000689,exact,,Bilateral crossbite malocclusion,medgemma-4b-it,-1,Expert
HP:0000689,exact,,Bilateral crossbite,medgemma-4b-it,-1,Expert
HP:0000689,exact,layperson,Bad bite,medgemma-4b-it,-1,Lay-person
HP:0100951,exact,direct,Enlarged basal cistern,medgemma-4b-it,-1,Expert
HP:0100951,exact,direct,Enlarged interpeduncular cistern,medgemma-4b-it,-1,Expert
HP:0010721,exact,layperson,Abnormal whorl of hair,medgemma-4b-it,-1,Expert
HP:0010721,exact,layperson,Abnormal hair whorls,medgemma-4b-it,-1,Expert
HP:0000696,exact,direct,Delayed eruption of secondary dentition,medgemma-4b-it,-1,Expert
HP:0000696,exact,direct,Delayed eruption of secondary teeth,medgemma-4b-it,-1,Expert
HP:0000696,exact,direct,Delayed permanent dentition,medgemma-4b-it,-1,Expert
HP:0000696,exact,layperson,Delayed eruption of adult teeth,medgemma-4b-it,-1,Expert
HP:0003376,exact,layperson,High stepping,medgemma-4b-it,-1,Expert
HP:0410245,exact,direct,Decreased IgD,medgemma-4b-it,-1,Expert
HP:0410245,exact,direct,Decreased IgD in blood,medgemma-4b-it,-1,Expert
HP:0410245,exact,direct,Decreased circulating IgD,medgemma-4b-it,-1,Expert
HP:0410245,exact,direct,IgD deficiency,medgemma-4b-it,-1,Expert
HP:0002045,exact,layperson,Abnormally low body temperature,medgemma-4b-it,-1,Expert
HP:0000765,exact,direct,Abnormality of the thorax,medgemma-4b-it,-1,Expert
HP:0000765,exact,direct,Structural abnormality of the chest wall,medgemma-4b-it,-1,Expert
HP:0000765,exact,layperson,Abnormality of the chest,medgemma-4b-it,-1,Expert
HP:0009290,exact,direct,Hypoplastic/small distal phalanx of the 4th finger,medgemma-4b-it,-1,Expert
HP:0009290,exact,direct,Short distal phalanx of the fourth finger,medgemma-4b-it,-1,Expert
HP:0009290,exact,layperson,Short outermost bone of ring finger,medgemma-4b-it,-1,Expert
HP:0002209,exact,direct,Decreased number of scalp follicles,medgemma-4b-it,-1,Expert
HP:0002209,exact,direct,Hypotrichosis on scalp,medgemma-4b-it,-1,Expert
HP:0002209,exact,direct,Reduction in the number of scalp follicles,medgemma-4b-it,-1,Expert
HP:0002209,exact,direct,Scalp hypotrichosis,medgemma-4b-it,-1,Expert
HP:0002209,related,layperson,Thin scalp hair,medgemma-4b-it,-1,Expert
HP:0002209,exact,layperson,Thinning scalp hair,medgemma-4b-it,-1,Expert
HP:0002209,exact,layperson,Reduced/lack of hair on scalp,medgemma-4b-it,-1,Expert
HP:0002209,exact,layperson,Reduced amount of scalp hair,medgemma-4b-it,-1,Expert
HP:0006262,exact,layperson,Absent/underdeveloped pinky finger,medgemma-4b-it,-1,Expert
HP:0006262,exact,layperson,Absent/underdeveloped pinkie finger,medgemma-4b-it,-1,Expert
HP:0006262,exact,layperson,Absent/underdeveloped little finger,medgemma-4b-it,-1,Expert
HP:0006262,exact,layperson,Absent/small pinky finger,medgemma-4b-it,-1,Expert
HP:0006262,exact,layperson,Absent/small pinkie finger,medgemma-4b-it,-1,Expert
HP:0006262,exact,layperson,Absent/small little finger,medgemma-4b-it,-1,Expert
HP:0002808,exact,direct,Gibbus deformity,medgemma-4b-it,-1,Expert
HP:0002808,exact,direct,Hyperkyphosis,medgemma-4b-it,-1,Expert
HP:0002808,exact,layperson,Round back,medgemma-4b-it,-1,Lay-person
HP:0002808,exact,layperson,Hunched back,medgemma-4b-it,-1,Expert
HP:0010808,exact,direct,Tongue protrusion,medgemma-4b-it,-1,Expert
HP:0010808,exact,layperson,Tongue sticking out of mouth,medgemma-4b-it,-1,Expert
HP:0010808,exact,layperson,Prominent tongue,medgemma-4b-it,-1,Expert
HP:0010808,exact,,Prolapse of tongue,medgemma-4b-it,-1,Expert
HP:0010808,exact,,Lingual protrusion,medgemma-4b-it,-1,Expert
HP:0010808,exact,,Lingual prominence,medgemma-4b-it,-1,Expert
HP:0010808,exact,,Lingual prolapse,medgemma-4b-it,-1,Expert
HP:0011829,exact,direct,"Philtrum, Narrow",medgemma-4b-it,-1,Expert
HP:0011829,exact,,Thin philtrum,medgemma-4b-it,-1,Expert
HP:0011829,exact,,Decreased width of philtrum,medgemma-4b-it,-1,Expert
HP:0011829,exact,,Decreased transverse dimension of philtrum,medgemma-4b-it,-1,Expert
HP:0011829,exact,,Decreased horizontal dimension of philtrum,medgemma-4b-it,-1,Expert
HP:0011829,exact,,Decreased breadth of philtrum,medgemma-4b-it,-1,Expert
HP:0032988,exact,direct,Head lag,medgemma-4b-it,-1,Expert
HP:0032988,exact,direct,Headlag,medgemma-4b-it,-1,Expert
HP:0002269,exact,direct,Abnormal neuronal migration,medgemma-4b-it,-1,Expert
HP:0002269,exact,direct,Heterotopias/abnormal migration,medgemma-4b-it,-1,Expert
HP:0002269,exact,direct,Migrational brain disorder,medgemma-4b-it,-1,Expert
HP:0002269,exact,direct,Neuronal migration disorder,medgemma-4b-it,-1,Expert
HP:0003394,narrow,direct,Nocturnal hand and foot cramps,medgemma-4b-it,-1,Expert
HP:0003394,narrow,direct,Nocturnal leg cramp,medgemma-4b-it,-1,Expert
HP:0003394,narrow,direct,Sleep-related dystonia,medgemma-4b-it,-1,Expert
HP:0003394,exact,plural,Muscle spasms,medgemma-4b-it,-1,Expert
HP:0003394,exact,plural,Muscle cramps,medgemma-4b-it,-1,Expert
HP:0005922,exact,layperson,Abnormal shape of hand,medgemma-4b-it,-1,Expert
HP:0003022,exact,direct,Hypoplastic ulna,medgemma-4b-it,-1,Expert
HP:0003022,exact,direct,Short ulna,medgemma-4b-it,-1,Expert
HP:0003022,exact,direct,Short ulnae,medgemma-4b-it,-1,Expert
HP:0003022,exact,direct,Ulnar hypoplasia,medgemma-4b-it,-1,Expert
HP:0003022,exact,,Underdeveloped ulna,medgemma-4b-it,-1,Expert
HP:0003022,exact,layperson,Underdeveloped inner large forearm bone,medgemma-4b-it,-1,Expert
HP:0008111,exact,,Broad distal big toe,medgemma-4b-it,-1,Expert
HP:0040090,exact,direct,Abnormality of the tympanic membrane,medgemma-4b-it,-1,Expert
HP:0040090,exact,layperson,Abnormality of the eardrum,medgemma-4b-it,-1,Expert
HP:0000079,exact,layperson,Urinary tract anomalies,medgemma-4b-it,-1,Expert
HP:0000079,exact,layperson,Urinary tract abnormality,medgemma-4b-it,-1,Expert
HP:0000079,exact,layperson,Urinary tract abnormalities,medgemma-4b-it,-1,Expert
HP:0009617,exact,direct,Abnormality of terminal thumb phalanx,medgemma-4b-it,-1,Expert
HP:0009617,exact,layperson,Abnormality of the outermost bone of the thumb,medgemma-4b-it,-1,Expert
HP:0001263,exact,direct,Delayed cognitive development,medgemma-4b-it,-1,Expert
HP:0001263,exact,direct,Delayed development,medgemma-4b-it,-1,Expert
HP:0001263,exact,direct,Delayed developmental milestones,medgemma-4b-it,-1,Expert
HP:0001263,exact,direct,Delayed intellectual development,medgemma-4b-it,-1,Expert
HP:0001263,exact,direct,Delayed milestones,medgemma-4b-it,-1,Expert
HP:0001263,exact,direct,Delayed psychomotor development,medgemma-4b-it,-1,Expert
HP:0001263,exact,direct,Developmental delay,medgemma-4b-it,-1,Expert
HP:0001263,exact,direct,Developmental delay in early childhood,medgemma-4b-it,-1,Expert
HP:0001263,exact,direct,"Developmental delay, global",medgemma-4b-it,-1,Expert
HP:0001263,exact,direct,Developmental retardation,medgemma-4b-it,-1,Expert
HP:0001263,exact,direct,Lack of psychomotor development,medgemma-4b-it,-1,Expert
HP:0001263,exact,direct,Motor and developmental delay,medgemma-4b-it,-1,Expert
HP:0001263,exact,direct,Motormental retardation,medgemma-4b-it,-1,Expert
HP:0001263,exact,direct,Psychomotor delay,medgemma-4b-it,-1,Expert
HP:0001263,exact,direct,Psychomotor development deficiency,medgemma-4b-it,-1,Expert
HP:0001263,exact,direct,Psychomotor development failure,medgemma-4b-it,-1,Expert
HP:0001263,exact,direct,Psychomotor developmental delay,medgemma-4b-it,-1,Expert
HP:0001263,exact,direct,Retarded development,medgemma-4b-it,-1,Expert
HP:0001263,exact,direct,Retarded mental development,medgemma-4b-it,-1,Expert
HP:0001263,exact,direct,Retarded psychomotor development,medgemma-4b-it,-1,Expert
HP:0001263,related,direct,Cognitive delay,medgemma-4b-it,-1,Expert
HP:0001263,related,direct,Mental and motor retardation,medgemma-4b-it,-1,Expert
HP:0001263,exact,abbreviation,GDD,medgemma-4b-it,-1,Expert
HP:0000191,exact,direct,Extra oral frenulum,medgemma-4b-it,-1,Expert
HP:0000191,exact,direct,Multiple oral frenula,medgemma-4b-it,-1,Expert
HP:0000191,exact,direct,Supernumerary oral frenulum,medgemma-4b-it,-1,Expert
HP:0000191,exact,,Supernumerary oral frenum,medgemma-4b-it,-1,Expert
HP:0000191,exact,,Extra oral frenum,medgemma-4b-it,-1,Expert
HP:0000191,exact,,Accessory oral frenum,medgemma-4b-it,-1,Expert
HP:0000550,exact,direct,Abolished electroretinogram,medgemma-4b-it,-1,Expert
HP:0000550,exact,direct,Absent electroretinogram,medgemma-4b-it,-1,Expert
HP:0000550,exact,direct,Extinction of electroretinogram,medgemma-4b-it,-1,Expert
HP:0000550,exact,direct,Extinguished electroretinogram,medgemma-4b-it,-1,Expert
HP:0000550,exact,direct,No light-evoked response on electroretinogram,medgemma-4b-it,-1,Expert
HP:0000550,exact,direct,Undetectable ERG,medgemma-4b-it,-1,Expert
HP:0031796,exact,direct,Intermittent,medgemma-4b-it,-1,Expert
HP:0002376,exact,direct,Loss of acquired milestones,medgemma-4b-it,-1,Expert
HP:0002376,exact,direct,Loss of milestones,medgemma-4b-it,-1,Expert
HP:0002376,exact,direct,Neurodevelopmental regression,medgemma-4b-it,-1,Expert
HP:0002376,exact,direct,Psychomotor regression,medgemma-4b-it,-1,Expert
HP:0002376,exact,direct,Psychomotor regression beginning in infancy,medgemma-4b-it,-1,Expert
HP:0002376,exact,direct,Psychomotor regression in infants,medgemma-4b-it,-1,Expert
HP:0002376,exact,direct,"Psychomotor regression, progressive",medgemma-4b-it,-1,Expert
HP:0002376,exact,layperson,Mental deterioration in childhood,medgemma-4b-it,-1,Expert
HP:0002376,exact,layperson,Loss of developmental milestones,medgemma-4b-it,-1,Expert
HP:0003799,exact,direct,Marked retardation in skeletal maturation,medgemma-4b-it,-1,Expert
HP:0003799,exact,layperson,Markedly retarded bone age,medgemma-4b-it,-1,Expert
HP:0000992,exact,layperson,Sun sensitivity,medgemma-4b-it,-1,Expert
HP:0000992,exact,layperson,Skin photosensitivity,medgemma-4b-it,-1,Expert
HP:0000992,exact,layperson,Sensitivity to sunlight,medgemma-4b-it,-1,Expert
HP:0000992,exact,layperson,Photosensitivity,medgemma-4b-it,-1,Expert
HP:0000992,exact,layperson,Photosensitive skin rashes,medgemma-4b-it,-1,Expert
HP:0000992,exact,layperson,Photosensitive skin,medgemma-4b-it,-1,Expert
HP:0031087,exact,direct,Absent adolescent growth spurt,medgemma-4b-it,-1,Expert
HP:0002977,exact,abbreviation,Aplasia/Hypoplasia involving the CNS,medgemma-4b-it,-1,Expert
HP:0002977,exact,layperson,Absent/underdeveloped central nervous system tissue,medgemma-4b-it,-1,Expert
HP:0006434,exact,direct,Proximal radial shortening,medgemma-4b-it,-1,Expert
HP:0001010,exact,direct,Hypopigmentation,medgemma-4b-it,-1,Expert
HP:0001010,exact,direct,Hypopigmented skin,medgemma-4b-it,-1,Expert
HP:0001010,related,direct,Skin hypopigmentation,medgemma-4b-it,-1,Expert
HP:0001010,exact,layperson,Patchy lightened skin,medgemma-4b-it,-1,Expert
HP:0000434,exact,,Telangiectasia of nasal mucous membrane,medgemma-4b-it,-1,Expert
HP:0000434,exact,,Telangiectasia of mucous membrane of nose,medgemma-4b-it,-1,Expert
HP:0000434,exact,,Telangiectasia of mucosa of nose,medgemma-4b-it,-1,Expert
HP:0000434,exact,layperson,Spider veins of nasal mucous membrane,medgemma-4b-it,-1,Expert
HP:0000434,exact,layperson,Spider veins of mucous membrane of nose,medgemma-4b-it,-1,Expert
HP:0000434,exact,layperson,Spider veins of mucosa of nose,medgemma-4b-it,-1,Expert
HP:0000434,exact,,Nasal mucous membrane telangiectasia,medgemma-4b-it,-1,Expert
HP:0000434,exact,,Angioectasia of nasal mucous membrane,medgemma-4b-it,-1,Expert
HP:0000434,exact,,Angioectasia of mucous membrane of nose,medgemma-4b-it,-1,Expert
HP:0000434,exact,,Angioectasia of mucosa of nose,medgemma-4b-it,-1,Expert
HP:0000366,narrow,layperson,Nasal malformation,medgemma-4b-it,-1,Expert
HP:0000366,narrow,layperson,Nasal deformity,medgemma-4b-it,-1,Expert
HP:0000366,narrow,layperson,Malformation of the nose,medgemma-4b-it,-1,Expert
HP:0000366,narrow,layperson,Deformity of the nose,medgemma-4b-it,-1,Expert
HP:0000366,exact,,Nasal anomaly,medgemma-4b-it,-1,Expert
HP:0000366,exact,layperson,Nasal abnormality,medgemma-4b-it,-1,Expert
HP:0000366,exact,,Anomaly of the nose,medgemma-4b-it,-1,Expert
HP:0001324,exact,layperson,Muscular weakness,medgemma-4b-it,-1,Expert
HP:0006495,exact,direct,Absent-hypoplastic ulnae,medgemma-4b-it,-1,Expert
HP:0006495,exact,direct,Hypoplasia or unilateral/bilateral absence of ulna,medgemma-4b-it,-1,Expert
HP:0006495,exact,direct,Ulnar hypoplasia/aplasia,medgemma-4b-it,-1,Expert
HP:0006495,exact,,Absent/small ulna,medgemma-4b-it,-1,Expert
HP:0006495,exact,layperson,Absence/underdevelopment of inner forearm bone,medgemma-4b-it,-1,Expert
HP:0005439,related,,Decreased projection of zygomaticomaxillary bone complex,medgemma-4b-it,-1,Expert
HP:0005439,exact,,Underdevelopment of zygomaticomaxillary bone complex,medgemma-4b-it,-1,Expert
HP:0005439,exact,,Hypoplasia of zygomaticomaxillary complex,medgemma-4b-it,-1,Expert
HP:0005439,exact,,Hypoplasia of malar bone complex,medgemma-4b-it,-1,Expert
HP:0005439,exact,,Deficiency of zygomaticomaxillary bone complex,medgemma-4b-it,-1,Expert
HP:0005439,exact,,Decreased size of zygomaticomaxillary bone complex,medgemma-4b-it,-1,Expert
HP:0009922,exact,direct,Persistence of the hyaloid artery,medgemma-4b-it,-1,Expert
HP:0009922,exact,direct,Persistent hyaloid artery,medgemma-4b-it,-1,Expert
HP:0000470,exact,layperson,Decreased length of neck,medgemma-4b-it,-1,Expert
HP:0030213,broad,direct,Affective insufficiency,medgemma-4b-it,-1,Expert
HP:0030213,broad,direct,Blunted Affect,medgemma-4b-it,-1,Expert
HP:0030213,broad,direct,Diminished Emotional Response,medgemma-4b-it,-1,Expert
HP:0030213,broad,direct,Flat Affect,medgemma-4b-it,-1,Expert
HP:0030213,broad,direct,Restricted Affect,medgemma-4b-it,-1,Expert
HP:0030213,exact,direct,Emotional Numbness,medgemma-4b-it,-1,Expert
HP:0030213,exact,direct,Emotional blunting,medgemma-4b-it,-1,Expert
HP:0030213,exact,direct,Inability to feel emotions,medgemma-4b-it,-1,Expert
HP:0030213,related,direct,Emotional Detachment,medgemma-4b-it,-1,Expert
HP:0030213,related,direct,Flattened Emotional Expression,medgemma-4b-it,-1,Expert
HP:0030213,related,direct,Lack of Emotional Reactivity,medgemma-4b-it,-1,Expert
HP:0030213,related,direct,Restricted Emotional Range,medgemma-4b-it,-1,Expert
HP:0030213,related,direct,Restricted emotional capacity,medgemma-4b-it,-1,Expert
HP:0030213,exact,layperson,Emotionally barren,medgemma-4b-it,-1,Expert
HP:0030213,broad,layperson,Unable to feel emotion,medgemma-4b-it,-1,Expert
HP:0030213,broad,layperson,Emotional poverty,medgemma-4b-it,-1,Expert
HP:0010802,exact,layperson,Increased pigmentation around the mouth,medgemma-4b-it,-1,Expert
HP:0010802,exact,layperson,Darkening of skin around the mouth,medgemma-4b-it,-1,Expert
HP:0001837,exact,layperson,Wide toe,medgemma-4b-it,-1,Expert
HP:0033349,exact,direct,Acute repetitive seizures,medgemma-4b-it,-1,Expert
HP:0033349,exact,direct,Crescendo seizures,medgemma-4b-it,-1,Expert
HP:0033349,exact,direct,Cyclical seizures,medgemma-4b-it,-1,Expert
HP:0033349,exact,direct,Recurrent seizures,medgemma-4b-it,-1,Expert
HP:0033349,exact,direct,Seizure flurries,medgemma-4b-it,-1,Expert
HP:0033349,exact,direct,Serial seizures,medgemma-4b-it,-1,Expert
HP:0004691,exact,direct,2-3 syndactyly of feet,medgemma-4b-it,-1,Expert
HP:0004691,exact,direct,2-3 toe soft tissue syndactyly,medgemma-4b-it,-1,Expert
HP:0004691,exact,direct,2-3 toes syndactyly,medgemma-4b-it,-1,Expert
HP:0004691,exact,direct,Syndactyly of second and third toes,medgemma-4b-it,-1,Expert
HP:0004691,exact,direct,partial or complete syndactyly 2nd-3rd toes,medgemma-4b-it,-1,Expert
HP:0004691,exact,layperson,Webbed 2nd and 3rd toes,medgemma-4b-it,-1,Expert
HP:0004691,exact,,"Toe syndactyly, 2-3",medgemma-4b-it,-1,Expert
HP:0003496,exact,direct,Increased IgM levels,medgemma-4b-it,-1,Expert
HP:0003496,exact,direct,Increased levels of IgM,medgemma-4b-it,-1,Expert
HP:0000193,exact,direct,Cleft of uvula,medgemma-4b-it,-1,Expert
HP:0000193,exact,direct,Cleft uvula,medgemma-4b-it,-1,Expert
HP:0000193,exact,direct,Uvula bifida,medgemma-4b-it,-1,Expert
HP:0000193,exact,,Split uvula,medgemma-4b-it,-1,Expert
HP:0000193,exact,,Forked uvula,medgemma-4b-it,-1,Expert
HP:0000193,exact,,Bifid palatine uvula,medgemma-4b-it,-1,Expert
HP:0011800,exact,direct,Flat midface,medgemma-4b-it,-1,Expert
HP:0011800,exact,direct,Hypoplasia of midface,medgemma-4b-it,-1,Expert
HP:0011800,exact,direct,"Midface, flat",medgemma-4b-it,-1,Expert
HP:0011800,related,,Hypotrophic midface,medgemma-4b-it,-1,Expert
HP:0011800,narrow,layperson,Decreased projection of midface,medgemma-4b-it,-1,Expert
HP:0011800,exact,layperson,Underdevelopment of midface,medgemma-4b-it,-1,Expert
HP:0011800,exact,,Retrusive midface,medgemma-4b-it,-1,Expert
HP:0011800,exact,,Midface hypoplasia,medgemma-4b-it,-1,Expert
HP:0011800,exact,layperson,Midface deficiency,medgemma-4b-it,-1,Expert
HP:0011800,exact,layperson,Decreased size of midface,medgemma-4b-it,-1,Expert
HP:0011800,broad,layperson,Small midface,medgemma-4b-it,-1,Expert
HP:0010539,exact,layperson,Thin cranial bone,medgemma-4b-it,-1,Expert
HP:0010539,broad,layperson,Thin skull bone,medgemma-4b-it,-1,Expert
HP:0003795,exact,direct,Short middle phalanges of toes,medgemma-4b-it,-1,Expert
HP:0003795,exact,layperson,Short middle bones (feet),medgemma-4b-it,-1,Expert
HP:0030890,exact,direct,White matter hyperintensity,medgemma-4b-it,-1,Expert
HP:0009930,exact,layperson,Uneven nostril size,medgemma-4b-it,-1,Expert
HP:0009930,exact,layperson,Uneven nostril shape,medgemma-4b-it,-1,Expert
HP:0009930,exact,layperson,Unequal nostril size,medgemma-4b-it,-1,Expert
HP:0009930,exact,layperson,Unequal nostril shape,medgemma-4b-it,-1,Expert
HP:0009930,exact,layperson,Crooked nostrils,medgemma-4b-it,-1,Expert
HP:0009930,exact,layperson,Asymmetry of nostrils,medgemma-4b-it,-1,Expert
HP:0001162,exact,direct,Polydactyly affecting the 5th finger,medgemma-4b-it,-1,Expert
HP:0001162,exact,direct,Postaxial polydactyly of fingers,medgemma-4b-it,-1,Expert
HP:0001162,exact,direct,Postaxial polydactyly of hand,medgemma-4b-it,-1,Expert
HP:0001162,exact,direct,Postaxial polydactyly of hands,medgemma-4b-it,-1,Expert
HP:0001162,exact,layperson,Extra pinky finger,medgemma-4b-it,-1,Expert
HP:0001162,exact,layperson,Extra pinkie finger,medgemma-4b-it,-1,Expert
HP:0001162,exact,layperson,Extra little finger,medgemma-4b-it,-1,Expert
HP:0004474,exact,direct,"Persistent, open anterior fontanel",medgemma-4b-it,-1,Expert
HP:0004474,related,direct,Anterior fontanelle open in adults,medgemma-4b-it,-1,Expert
HP:0004474,exact,,Front fontanelle stays open,medgemma-4b-it,-1,Expert
HP:0005372,exact,layperson,Reduced B cell function,medgemma-4b-it,-1,Expert
HP:0005372,exact,layperson,Abnormality of B cell physiology,medgemma-4b-it,-1,Expert
HP:0003170,exact,direct,Abnormality of the acetabulum,medgemma-4b-it,-1,Expert
HP:0003170,exact,direct,Acetabular abnormality,medgemma-4b-it,-1,Expert
HP:0003170,exact,layperson,Abnormality of the hipbone socket,medgemma-4b-it,-1,Expert
HP:0000768,exact,layperson,Pigeon chest,medgemma-4b-it,-1,Expert
HP:0000198,exact,direct,Absent stensen duct,medgemma-4b-it,-1,Expert
HP:0000198,narrow,,Agenesis of stensen duct,medgemma-4b-it,-1,Expert
HP:0000198,narrow,,Agenesis of parotid duct,medgemma-4b-it,-1,Expert
HP:0000198,exact,,Missing stensen duct,medgemma-4b-it,-1,Expert
HP:0000198,exact,,Missing parotid duct,medgemma-4b-it,-1,Expert
HP:0000198,exact,,Failure of development of stensen duct,medgemma-4b-it,-1,Expert
HP:0000198,exact,,Failure of development of parotid duct,medgemma-4b-it,-1,Expert
HP:0000198,exact,,Absence of parotid duct,medgemma-4b-it,-1,Expert
HP:0002979,exact,direct,Bow legs,medgemma-4b-it,-1,Expert
HP:0002979,exact,direct,Bow-leggedness,medgemma-4b-it,-1,Expert
HP:0002979,exact,layperson,Bowed lower limbs,medgemma-4b-it,-1,Expert
HP:0002979,exact,layperson,Bowed legs,medgemma-4b-it,-1,Expert
HP:0009835,exact,direct,Absent/hypoplastic distal phalanges,medgemma-4b-it,-1,Expert
HP:0009835,exact,direct,Aplasia/Hypoplasia of the distal phalanges,medgemma-4b-it,-1,Expert
HP:0009835,exact,direct,Aplastic/hypoplastic distal phalanges,medgemma-4b-it,-1,Expert
HP:0009835,exact,direct,Hypoplastic to absent terminal phalanges,medgemma-4b-it,-1,Expert
HP:0009835,exact,direct,Hypoplastic/aplastic distal phalanges,medgemma-4b-it,-1,Expert
HP:0009835,exact,direct,Hypoplastic/aplastic distal phalanx,medgemma-4b-it,-1,Expert
HP:0009835,related,,Small or absent distal phalanges,medgemma-4b-it,-1,Expert
HP:0009835,exact,layperson,Absent/underdeveloped outermost finger bone of the hand,medgemma-4b-it,-1,Expert
HP:0009835,exact,layperson,Absent/small outermost finger bone of the hand,medgemma-4b-it,-1,Expert
HP:0034756,exact,direct,Fetal medication or drug exposure,medgemma-4b-it,-1,Expert
HP:0034756,exact,direct,Maternal exposure history,medgemma-4b-it,-1,Expert
HP:0034756,exact,uk,Foetal medication or drug exposure,medgemma-4b-it,-1,Expert
HP:0006507,exact,layperson,Absent/underdeveloped long bone in upper arm,medgemma-4b-it,-1,Expert
HP:0006507,exact,layperson,Absent/small long bone in upper arm,medgemma-4b-it,-1,Expert
HP:0006498,exact,direct,Absent or hypoplastic patellae,medgemma-4b-it,-1,Expert
HP:0006498,exact,direct,Absent/hypoplastic patella,medgemma-4b-it,-1,Expert
HP:0006498,exact,direct,Aplastic or hypoplastic patellae,medgemma-4b-it,-1,Expert
HP:0006498,exact,direct,Hypoplastic or absent patella,medgemma-4b-it,-1,Expert
HP:0006498,exact,direct,Patellar aplasia/hypoplasia,medgemma-4b-it,-1,Expert
HP:0006498,exact,direct,Small to absent patellae,medgemma-4b-it,-1,Expert
HP:0006498,exact,layperson,Absent/underdeveloped kneecap,medgemma-4b-it,-1,Expert
HP:0006498,exact,layperson,Absent/small kneecap,medgemma-4b-it,-1,Expert
HP:0003155,exact,direct,Hyperphosphatasemia,medgemma-4b-it,-1,Expert
HP:0003155,exact,layperson,Increased serum alkaline phosphatase,medgemma-4b-it,-1,Expert
HP:0003155,exact,layperson,Increased alkaline phosphatase,medgemma-4b-it,-1,Expert
HP:0003155,exact,,Hyperphosphatasia,medgemma-4b-it,-1,Expert
HP:0003155,exact,layperson,High serum alkaline phosphatase,medgemma-4b-it,-1,Expert
HP:0003155,exact,layperson,Greatly elevated alkaline phosphatase,medgemma-4b-it,-1,Expert
HP:0003155,exact,layperson,Elevated alkaline phosphatase,medgemma-4b-it,-1,Expert
HP:0003155,exact,abbreviation,Elevated ALP,medgemma-4b-it,-1,Expert
HP:0008551,exact,direct,Bilateral microtia,medgemma-4b-it,-1,Expert
HP:0008551,exact,direct,Hypoplasia of the external ear,medgemma-4b-it,-1,Expert
HP:0008551,exact,direct,Hypoplastic ears,medgemma-4b-it,-1,Expert
HP:0008551,exact,direct,Hypoplastic pinna,medgemma-4b-it,-1,Expert
HP:0008551,exact,direct,Small pinnae,medgemma-4b-it,-1,Expert
HP:0008551,exact,layperson,Underdeveloped ears,medgemma-4b-it,-1,Expert
HP:0008551,exact,layperson,Small ears,medgemma-4b-it,-1,Expert
HP:0000848,exact,direct,Elevated plasma renin,medgemma-4b-it,-1,Expert
HP:0000848,exact,direct,Hyperreninemia,medgemma-4b-it,-1,Expert
HP:0000848,exact,direct,Increased circulating renin level,medgemma-4b-it,-1,Expert
HP:0000848,exact,direct,Increased plasma renin,medgemma-4b-it,-1,Expert
HP:0000848,exact,direct,Increased serum renin,medgemma-4b-it,-1,Expert
HP:0000848,exact,layperson,Elevated blood renin level,medgemma-4b-it,-1,Expert
HP:0000400,exact,direct,Large pinnae,medgemma-4b-it,-1,Expert
HP:0000400,exact,layperson,Large ears,medgemma-4b-it,-1,Expert
HP:0007370,exact,direct,Absent/hypoplastic corpus callosum,medgemma-4b-it,-1,Expert
HP:0007370,exact,direct,Agenesis/hypoplastic corpus callosum,medgemma-4b-it,-1,Expert
HP:0007370,exact,direct,Complete or partial absence of the corpus callosum,medgemma-4b-it,-1,Expert
HP:0007370,exact,direct,Hypoplasia or absence of the corpus callosum,medgemma-4b-it,-1,Expert
HP:0007370,exact,direct,Hypoplastic or absent corpus callosum,medgemma-4b-it,-1,Expert
HP:0002091,exact,direct,Restrictive deficit on pulmonary function testing,medgemma-4b-it,-1,Expert
HP:0002091,exact,direct,Restrictive deficit on pulmonary function tests,medgemma-4b-it,-1,Expert
HP:0002091,exact,direct,Restrictive respiratory disease,medgemma-4b-it,-1,Expert
HP:0002091,exact,direct,Restrictive respiratory insufficiency,medgemma-4b-it,-1,Expert
HP:0002091,exact,direct,Restrictive respiratory syndrome,medgemma-4b-it,-1,Expert
HP:0002091,exact,direct,Spirometric restriction,medgemma-4b-it,-1,Expert
HP:0002091,related,,Restrictive lung disease,medgemma-4b-it,-1,Expert
HP:0002091,exact,layperson,Stiff lung or chest wall causing decreased lung volume,medgemma-4b-it,-1,Expert
HP:0000280,exact,direct,Coarse face,medgemma-4b-it,-1,Expert
HP:0000280,exact,direct,Coarse facies,medgemma-4b-it,-1,Expert
HP:0000280,narrow,layperson,Thickened facial skin with coarse facial features,medgemma-4b-it,-1,Expert
HP:0000280,narrow,layperson,Rounded and heavy facial features,medgemma-4b-it,-1,Expert
HP:0000280,exact,layperson,Coarse facial appearance,medgemma-4b-it,-1,Expert
HP:0030584,exact,uk,Colour vision test abnormality,medgemma-4b-it,-1,Expert
HP:0006488,exact,layperson,Bending of the arm,medgemma-4b-it,-1,Expert
HP:0005100,exact,uk,Premature birth following premature rupture of foetal membranes,medgemma-4b-it,-1,Expert
HP:0004848,exact,direct,Philadelphia-positive acute lymphoblastic leukemia,medgemma-4b-it,-1,Expert
HP:0004848,exact,uk,Philadelphia-positive acute lymphoblastic leukaemia,medgemma-4b-it,-1,Expert
HP:0004848,exact,uk,Ph-positive acute lymphoblastic leukaemia,medgemma-4b-it,-1,Expert
HP:0010111,exact,layperson,Short bone of big toe,medgemma-4b-it,-1,Expert
HP:0010111,exact,layperson,Hypoplastic phalanges of the hallux,medgemma-4b-it,-1,Expert
HP:0001945,exact,direct,Hyperthermia,medgemma-4b-it,-1,Expert
HP:0001945,exact,direct,Pyrexia,medgemma-4b-it,-1,Expert
HP:0001961,exact,layperson,Underdeveloped cardiac ventricle,medgemma-4b-it,-1,Expert
HP:0008672,exact,direct,Oxalate nephrolithiasis,medgemma-4b-it,-1,Expert
HP:0008672,related,direct,Calcium oxalate urolithiasis,medgemma-4b-it,-1,Expert
HP:0008672,exact,,Calcium oxalate kidney stones,medgemma-4b-it,-1,Expert
HP:0008672,exact,abbreviation,Ca2+ oxalate urolithiasis,medgemma-4b-it,-1,Expert
HP:0008672,exact,abbreviation,Ca2+ oxalate nephrolithiasis,medgemma-4b-it,-1,Expert
HP:0008672,exact,abbreviation,Ca2+ oxalate kidney stone,medgemma-4b-it,-1,Expert
HP:0008672,exact,abbreviation,Ca oxalate urolithiasis,medgemma-4b-it,-1,Expert
HP:0008672,exact,abbreviation,Ca oxalate nephrolithiasis,medgemma-4b-it,-1,Expert
HP:0008672,exact,abbreviation,Ca oxalate kidney stone,medgemma-4b-it,-1,Expert
HP:0007181,exact,direct,Interosseous muscular atrophy,medgemma-4b-it,-1,Expert
HP:0008476,exact,direct,"irregular, dense end plate",medgemma-4b-it,-1,Expert
HP:0011845,exact,layperson,Short 2nd long bone of foot,medgemma-4b-it,-1,Expert
HP:0000692,exact,direct,"Teeth, malposition",medgemma-4b-it,-1,Expert
HP:0000692,exact,layperson,Misalignment of teeth,medgemma-4b-it,-1,Expert
HP:0000692,exact,layperson,Malpositioned teeth,medgemma-4b-it,-1,Expert
HP:0000692,exact,layperson,Malposition of teeth,medgemma-4b-it,-1,Expert
HP:0000692,exact,layperson,Malaligned teeth,medgemma-4b-it,-1,Expert
HP:0000692,exact,layperson,Crooked teeth,medgemma-4b-it,-1,Expert
HP:0000692,exact,layperson,Abnormality of teeth spacing,medgemma-4b-it,-1,Expert
HP:0000692,exact,layperson,Abnormality of alignment of teeth,medgemma-4b-it,-1,Expert
HP:0000692,exact,layperson,Abnormal teeth spacing,medgemma-4b-it,-1,Expert
HP:0000692,exact,layperson,Abnormal dental position,medgemma-4b-it,-1,Expert
HP:0000692,broad,layperson,Abnormality of position of teeth,medgemma-4b-it,-1,Expert
HP:0003189,exact,layperson,Nasal elongation,medgemma-4b-it,-1,Expert
HP:0003189,exact,layperson,Increased nasal length,medgemma-4b-it,-1,Expert
HP:0003189,exact,layperson,Increased nasal height,medgemma-4b-it,-1,Expert
HP:0003189,exact,layperson,Increased length of nose,medgemma-4b-it,-1,Expert
HP:0003189,exact,layperson,Increased height of nose,medgemma-4b-it,-1,Expert
HP:0003189,exact,layperson,Elongated nose,medgemma-4b-it,-1,Expert
HP:0000683,exact,layperson,Greyish enamel,medgemma-4b-it,-1,Expert
HP:0000683,exact,uk,Grey tooth shade,medgemma-4b-it,-1,Expert
HP:0000683,exact,uk,Grey coloured tooth enamel,medgemma-4b-it,-1,Expert
HP:0000683,exact,,Gray tooth shade,medgemma-4b-it,-1,Expert
HP:0000683,exact,layperson,Gray colored tooth enamel,medgemma-4b-it,-1,Expert
HP:0004324,related,layperson,Weight gain,medgemma-4b-it,-1,Expert
HP:0040033,exact,layperson,Absent/underdeveloped 5th long bone of foot,medgemma-4b-it,-1,Expert
HP:0040033,exact,layperson,Absent/small 5th long bone of foot,medgemma-4b-it,-1,Expert
HP:0010392,exact,layperson,Abnormality of the outermost bone of the pinky toe,medgemma-4b-it,-1,Expert
HP:0010392,exact,layperson,Abnormality of the outermost bone of the pinkie toe,medgemma-4b-it,-1,Expert
HP:0010392,exact,layperson,Abnormality of the outermost bone of the little toe,medgemma-4b-it,-1,Expert
HP:0011344,exact,direct,"Global developmental delay, severe",medgemma-4b-it,-1,Expert
HP:0011344,related,,Severe psychomotor retardation,medgemma-4b-it,-1,Expert
HP:0032789,exact,uk,Focal aware behaviour arrest seizure,medgemma-4b-it,-1,Expert
HP:0007207,exact,direct,Photically induced tonic-clonic seizure,medgemma-4b-it,-1,Expert
HP:0007207,exact,direct,"Seizures, tonic-clonic, photosensitive",medgemma-4b-it,-1,Expert
HP:0007207,exact,plural,Photosensitive tonic-clonic seizures,medgemma-4b-it,-1,Expert
HP:0009540,exact,direct,Camptodactyly of 2nd finger,medgemma-4b-it,-1,Expert
HP:0009540,exact,direct,Camptodactyly of index finger,medgemma-4b-it,-1,Expert
HP:0009540,exact,direct,Camptodactyly of second finger,medgemma-4b-it,-1,Expert
HP:0011147,exact,direct,Typical absence,medgemma-4b-it,-1,Expert
HP:0011147,exact,plural,Typical absence seizures,medgemma-4b-it,-1,Expert
HP:0003774,exact,direct,Chronic renal failure,medgemma-4b-it,-1,Expert
HP:0003774,exact,direct,End stage renal disease,medgemma-4b-it,-1,Expert
HP:0003774,exact,direct,End stage renal failure,medgemma-4b-it,-1,Expert
HP:0003774,exact,direct,End-stage renal disease,medgemma-4b-it,-1,Expert
HP:0003774,related,layperson,"Renal failure, endstage",medgemma-4b-it,-1,Expert
HP:0003774,exact,,End-stage renal failure,medgemma-4b-it,-1,Expert
HP:0002515,exact,layperson,Waddling walk,medgemma-4b-it,-1,Expert
HP:0100847,exact,direct,Palmoplantar pustules,medgemma-4b-it,-1,Expert
HP:0100847,exact,direct,Pustulosis of palms and soles,medgemma-4b-it,-1,Expert
HP:0100847,exact,direct,Pustulosis palmaris et plantaris,medgemma-4b-it,-1,Expert
HP:0012037,exact,layperson,Wasting of pec muscles,medgemma-4b-it,-1,Expert
HP:0012736,exact,direct,"Global developmental delay, profound",medgemma-4b-it,-1,Expert
HP:0012736,related,,"Psychomotor retardation, profound",medgemma-4b-it,-1,Expert
HP:0000178,narrow,layperson,Malformation of the lower lip,medgemma-4b-it,-1,Expert
HP:0000178,narrow,layperson,Deformity of the lower lip,medgemma-4b-it,-1,Expert
HP:0000178,narrow,layperson,Anomaly of the lower lip,medgemma-4b-it,-1,Expert
HP:0000178,exact,layperson,Abnormality of lower lip,medgemma-4b-it,-1,Expert
HP:0034984,exact,direct,Alcohol during pregnancy,medgemma-4b-it,-1,Expert
HP:0034984,exact,direct,Alcohol exposure before birth,medgemma-4b-it,-1,Expert
HP:0034984,exact,direct,Alcohol exposure during gestation,medgemma-4b-it,-1,Expert
HP:0034984,exact,direct,Alcohol exposure during pregnancy,medgemma-4b-it,-1,Expert
HP:0034984,exact,direct,Alcohol exposure in pregnancy,medgemma-4b-it,-1,Expert
HP:0034984,exact,direct,Alcohol use during pregnancy,medgemma-4b-it,-1,Expert
HP:0034984,exact,direct,Antenatal ETOH exposure,medgemma-4b-it,-1,Expert
HP:0034984,exact,direct,Antenatal alcohol exposure,medgemma-4b-it,-1,Expert
HP:0034984,exact,direct,Exposure to alcohol during gestation,medgemma-4b-it,-1,Expert
HP:0034984,exact,direct,Exposure to alcohol in the womb,medgemma-4b-it,-1,Expert
HP:0034984,exact,direct,Exposure to alcohol in utero,medgemma-4b-it,-1,Expert
HP:0034984,exact,direct,Prenatal ETOH exposure,medgemma-4b-it,-1,Expert
HP:0034984,exact,direct,Prenatal alcohol exposure,medgemma-4b-it,-1,Expert
HP:0034984,exact,direct,Prenatal exposure to ETOH,medgemma-4b-it,-1,Expert
HP:0034984,exact,direct,Prenatal exposure to alcohol,medgemma-4b-it,-1,Expert
HP:0001362,narrow,,Calvarial defect,medgemma-4b-it,-1,Expert
HP:0001362,exact,layperson,Skull defect,medgemma-4b-it,-1,Expert
HP:0001362,exact,layperson,Cranial defect,medgemma-4b-it,-1,Expert
HP:0005474,exact,direct,Poorly ossified calvaria,medgemma-4b-it,-1,Expert
HP:0005474,exact,direct,Poorly ossified calvarium,medgemma-4b-it,-1,Expert
HP:0005474,exact,direct,Soft calvaria,medgemma-4b-it,-1,Expert
HP:0005474,exact,direct,Undermineralized calvarium,medgemma-4b-it,-1,Expert
HP:0005474,related,direct,Skull soft on palpation,medgemma-4b-it,-1,Expert
HP:0005474,exact,layperson,Soft skullcap,medgemma-4b-it,-1,Expert
HP:0011157,exact,direct,Partial sensory seizure,medgemma-4b-it,-1,Expert
HP:0011157,exact,direct,Sensory aura,medgemma-4b-it,-1,Expert
HP:0011157,exact,plural,Focal sensory seizures,medgemma-4b-it,-1,Expert
HP:0009055,exact,direct,"Generalized muscle atrophy, proximal and distal",medgemma-4b-it,-1,Expert
HP:0009055,exact,layperson,Generalized muscle wasting,medgemma-4b-it,-1,Expert
HP:0009055,exact,uk,Generalised muscle wasting,medgemma-4b-it,-1,Expert
HP:0009055,exact,uk,"Generalised muscle atrophy, proximal and distal",medgemma-4b-it,-1,Expert
HP:0009055,exact,uk,Generalised limb muscle atrophy,medgemma-4b-it,-1,Expert
HP:0002395,exact,direct,Brisk lower extremity reflexes,medgemma-4b-it,-1,Expert
HP:0002395,exact,direct,Hyperreflexia in lower limbs,medgemma-4b-it,-1,Expert
HP:0002395,exact,direct,Hyperreflexia in the lower limbs,medgemma-4b-it,-1,Expert
HP:0002395,exact,direct,Increased deep tendon reflexes in the lower limbs,medgemma-4b-it,-1,Expert
HP:0002395,exact,direct,Leg hyperreflexia,medgemma-4b-it,-1,Expert
HP:0002395,exact,layperson,Overactive lower leg reflex,medgemma-4b-it,-1,Expert
HP:0004308,exact,,Ventricular arrhythmias,medgemma-4b-it,-1,Expert
HP:0011263,exact,layperson,"Lobe, forward facing",medgemma-4b-it,-1,Expert
HP:0003100,exact,direct,Gracile long bones,medgemma-4b-it,-1,Expert
HP:0003100,exact,direct,"Slender, gracile long tubular bones",medgemma-4b-it,-1,Expert
HP:0003100,exact,direct,"Thin, gracile long bones",medgemma-4b-it,-1,Expert
HP:0003100,related,direct,Thin gracile long bones,medgemma-4b-it,-1,Expert
HP:0003100,related,layperson,Slender long bones,medgemma-4b-it,-1,Expert
HP:0003100,exact,layperson,Thin long bones,medgemma-4b-it,-1,Expert
HP:0003100,exact,layperson,Long bones slender,medgemma-4b-it,-1,Expert
HP:0007479,exact,direct,Collodion baby,medgemma-4b-it,-1,Expert
HP:0007479,exact,direct,Congenital lamellar ichthyosis,medgemma-4b-it,-1,Expert
HP:0007479,exact,direct,Congenital non-bullous ichthyosis,medgemma-4b-it,-1,Expert
HP:0007479,exact,direct,Ichthyosis lammellaris,medgemma-4b-it,-1,Expert
HP:0007479,exact,direct,"Ichthyosis, congenital, nonblistering",medgemma-4b-it,-1,Expert
HP:0007479,exact,direct,Nonbullous congenital ichthyosiform erythroderma,medgemma-4b-it,-1,Expert
HP:0007479,exact,direct,Nonbullous congenital ichthyosis,medgemma-4b-it,-1,Expert
HP:0006714,exact,layperson,Absent/underdeveloped sternum,medgemma-4b-it,-1,Expert
HP:0006714,exact,layperson,Absent/small sternum,medgemma-4b-it,-1,Expert
HP:0005769,broad,layperson,Curvature of outermost bone of pinky finger,medgemma-4b-it,-1,Expert
HP:0005769,broad,layperson,Curvature of outermost bone of pinkie finger,medgemma-4b-it,-1,Expert
HP:0005769,broad,layperson,Curvature of outermost bone of little finger,medgemma-4b-it,-1,Expert
HP:0009566,exact,direct,Hypoplastic terminal index finger phalanx,medgemma-4b-it,-1,Expert
HP:0009566,exact,direct,Hypoplastic/small distal phalanx of the 2nd finger,medgemma-4b-it,-1,Expert
HP:0009566,exact,direct,Short distal phalanx of the second finger,medgemma-4b-it,-1,Expert
HP:0009566,exact,direct,Short terminal index finger phalanx,medgemma-4b-it,-1,Expert
HP:0009566,exact,layperson,Short outermost bone of the index finger,medgemma-4b-it,-1,Expert
HP:0100542,exact,layperson,Abnormal localisation of kidneys,medgemma-4b-it,-1,Expert
HP:0011324,exact,direct,Multisutural craniosynostosis,medgemma-4b-it,-1,Expert
HP:0030393,exact,direct,Aggressive papillary middle ear tumor,medgemma-4b-it,-1,Expert
HP:0030393,exact,direct,Heffner tumor,medgemma-4b-it,-1,Expert
HP:0030393,exact,direct,Low-grade adenocarcinoma of endolymphatic sac origin,medgemma-4b-it,-1,Expert
HP:0030393,exact,uk,Heffner tumour,medgemma-4b-it,-1,Expert
HP:0030393,exact,uk,Endolymphatic sac tumour,medgemma-4b-it,-1,Expert
HP:0030393,exact,uk,Aggressive papillary middle ear tumour,medgemma-4b-it,-1,Expert
HP:0001739,exact,direct,Abnormality of the nasopharynx,medgemma-4b-it,-1,Expert
HP:0000218,exact,direct,High arched palate,medgemma-4b-it,-1,Expert
HP:0000218,exact,direct,"High, arched palate",medgemma-4b-it,-1,Expert
HP:0000218,exact,direct,High-arched palate,medgemma-4b-it,-1,Expert
HP:0000218,exact,direct,Palate high-arched,medgemma-4b-it,-1,Expert
HP:0000218,exact,direct,"Palate, high-arched",medgemma-4b-it,-1,Expert
HP:0000218,related,direct,Ogival palate,medgemma-4b-it,-1,Expert
HP:0000218,exact,layperson,Increased palatal height,medgemma-4b-it,-1,Expert
HP:0000218,exact,layperson,Elevated palate,medgemma-4b-it,-1,Expert
HP:0011108,exact,direct,Recurrent sinus infections,medgemma-4b-it,-1,Expert
HP:0011108,related,layperson,Recurrent sinus disease,medgemma-4b-it,-1,Expert
HP:0011108,exact,,"Sinusitis, recurrent",medgemma-4b-it,-1,Expert
HP:0005766,exact,direct,Marked shortening of tibia,medgemma-4b-it,-1,Expert
HP:0005766,exact,layperson,Disproportionate shortening of the shinbone,medgemma-4b-it,-1,Expert
HP:0005766,exact,layperson,Disproportionate shortening of the shankbone,medgemma-4b-it,-1,Expert
HP:0000882,exact,direct,Hypoplastic scapula,medgemma-4b-it,-1,Expert
HP:0000882,exact,direct,Scapular hypoplasia,medgemma-4b-it,-1,Expert
HP:0000882,exact,direct,Short scapulae,medgemma-4b-it,-1,Expert
HP:0000882,exact,direct,Small scapula,medgemma-4b-it,-1,Expert
HP:0000882,exact,direct,Small scapulae,medgemma-4b-it,-1,Expert
HP:0000882,exact,layperson,Small shoulder blade,medgemma-4b-it,-1,Expert
HP:0009612,exact,direct,Double thumb distal phalanges,medgemma-4b-it,-1,Expert
HP:0009612,exact,direct,Duplicated terminal phalanx of thumb,medgemma-4b-it,-1,Expert
HP:0009612,exact,direct,Duplication of distal thumb phalanx,medgemma-4b-it,-1,Expert
HP:0009612,exact,direct,Duplication of terminal thumb phalanx,medgemma-4b-it,-1,Expert
HP:0009612,exact,direct,Partial/complete duplication of the distal phalanx of the thumb,medgemma-4b-it,-1,Expert
HP:0009612,exact,layperson,Duplication of the outermost bone of the thumb,medgemma-4b-it,-1,Expert
HP:6000772,exact,direct,Auricular inflammation,medgemma-4b-it,-1,Expert
HP:0006292,exact,direct,Abnormal dental eruption,medgemma-4b-it,-1,Expert
HP:0006292,related,layperson,Disturbance of tooth eruption,medgemma-4b-it,-1,Expert
HP:0006292,related,,Disturbance of dental eruption,medgemma-4b-it,-1,Expert
HP:0006292,narrow,,Disorder of tooth eruption,medgemma-4b-it,-1,Expert
HP:0006292,narrow,,Disorder of dental eruption,medgemma-4b-it,-1,Expert
HP:0006292,narrow,,Anomaly of tooth eruption,medgemma-4b-it,-1,Expert
HP:0006292,narrow,,Anomaly of dental eruption,medgemma-4b-it,-1,Expert
HP:0006292,exact,layperson,Abnormality of tooth eruption,medgemma-4b-it,-1,Expert
HP:0010036,exact,layperson,Absent/underdeveloped 2nd long bone of hand,medgemma-4b-it,-1,Expert
HP:0010036,exact,layperson,Absent/small 2nd long bone of hand,medgemma-4b-it,-1,Expert
HP:0003565,exact,direct,Elevated sedimentation rate,medgemma-4b-it,-1,Expert
HP:0003565,exact,direct,High erythrocyte sedimentation rate,medgemma-4b-it,-1,Expert
HP:0003565,exact,direct,Increased erythrocyte sedimentation rate,medgemma-4b-it,-1,Expert
HP:0003565,exact,direct,Raised erythrocyte sedimentation rate,medgemma-4b-it,-1,Expert
HP:0003565,exact,abbreviation,High ESR,medgemma-4b-it,-1,Expert
HP:0003565,exact,layperson,High ESR,medgemma-4b-it,-1,Expert
HP:0003565,exact,abbreviation,Elevated ESR,medgemma-4b-it,-1,Expert
HP:0003781,exact,direct,Excessive production of saliva,medgemma-4b-it,-1,Expert
HP:0003781,exact,direct,Hypersalivation,medgemma-4b-it,-1,Expert
HP:0003781,exact,direct,Ptyalism,medgemma-4b-it,-1,Expert
HP:0003781,exact,layperson,Watery mouth,medgemma-4b-it,-1,Expert
HP:0003781,exact,layperson,Oversalivation,medgemma-4b-it,-1,Expert
HP:0003781,exact,layperson,Mouth watering,medgemma-4b-it,-1,Expert
HP:0009177,exact,direct,Proximal 5th finger symphalangism,medgemma-4b-it,-1,Expert
HP:0009177,exact,direct,Proximal fifth finger symphalangism,medgemma-4b-it,-1,Expert
HP:0009177,exact,direct,Symphalangism of the proximal and middle phalanges of the 5th finger,medgemma-4b-it,-1,Expert
HP:0009177,exact,layperson,Fused innermost and middle bones of pinky finger,medgemma-4b-it,-1,Expert
HP:0009177,exact,layperson,Fused innermost and middle bones of pinkie finger,medgemma-4b-it,-1,Expert
HP:0009177,exact,layperson,Fused innermost and middle bones of little finger,medgemma-4b-it,-1,Expert
HP:0011166,exact,direct,Localised myoclonic seizure,medgemma-4b-it,-1,Expert
HP:0011166,exact,direct,Localized myoclonic seizure,medgemma-4b-it,-1,Expert
HP:0011166,exact,direct,Partial myoclonic seizure,medgemma-4b-it,-1,Expert
HP:0011166,exact,direct,Segmental myoclonic seizure,medgemma-4b-it,-1,Expert
HP:0011166,exact,plural,Segmental myoclonic seizures,medgemma-4b-it,-1,Expert
HP:0011166,exact,,Partial myoclonic seizures,medgemma-4b-it,-1,Expert
HP:0011166,exact,plural,Local myoclonic seizures,medgemma-4b-it,-1,Expert
HP:0011166,exact,plural,Focal myoclonic seizures,medgemma-4b-it,-1,Expert
HP:0002066,exact,direct,Ataxia of gait,medgemma-4b-it,-1,Expert
HP:0002066,exact,direct,Ataxic gait,medgemma-4b-it,-1,Expert
HP:0002066,exact,layperson,Inability to coordinate movements when walking,medgemma-4b-it,-1,Expert
HP:0006261,exact,direct,Abnormality of phalangeal joints of the hand,medgemma-4b-it,-1,Expert
HP:0006261,exact,layperson,Abnormality of the small joints of the hand,medgemma-4b-it,-1,Expert
HP:0011039,exact,direct,Abnormal helices,medgemma-4b-it,-1,Expert
HP:0011039,exact,direct,Abnormality of the helix,medgemma-4b-it,-1,Expert
HP:0011039,exact,direct,Helix abnormal,medgemma-4b-it,-1,Expert
HP:0008887,exact,layperson,Loss of fat tissue,medgemma-4b-it,-1,Expert
HP:0011130,exact,direct,Abnormality of renal calyx morphology,medgemma-4b-it,-1,Expert
HP:0007285,exact,,Facial palsy secondary to hypertrophy of cranial bones,medgemma-4b-it,-1,Expert
HP:0007285,exact,,Facial palsy caused by overgrowth of cranial bones,medgemma-4b-it,-1,Expert
HP:0007285,exact,,Facial palsy caused by excessive growth of facial bones,medgemma-4b-it,-1,Expert
HP:0007285,exact,,Facial palsy caused by enlargement of cranial bones,medgemma-4b-it,-1,Expert
HP:0100751,exact,uk,Esophageal tumour,medgemma-4b-it,-1,Expert
HP:0100751,exact,layperson,Esophageal tumor,medgemma-4b-it,-1,Expert
HP:0006769,exact,uk,Myxoid subcutaneous tumours,medgemma-4b-it,-1,Expert
HP:0006332,exact,layperson,Extra upper front tooth,medgemma-4b-it,-1,Expert
HP:0000445,exact,layperson,Increased width of nose,medgemma-4b-it,-1,Expert
HP:0000445,exact,layperson,Increased nasal width,medgemma-4b-it,-1,Expert
HP:0000445,exact,layperson,Increased nasal breadth,medgemma-4b-it,-1,Expert
HP:0000445,exact,layperson,Increased breadth of nose,medgemma-4b-it,-1,Expert
HP:0000445,exact,layperson,Broad nose,medgemma-4b-it,-1,Expert
HP:0010743,exact,direct,Hypoplasia of the metatarsal bones,medgemma-4b-it,-1,Expert
HP:0010743,exact,direct,Hypoplastic metatarsals,medgemma-4b-it,-1,Expert
HP:0010743,exact,direct,Short metatarsal bone,medgemma-4b-it,-1,Expert
HP:0010743,exact,direct,Short metatarsals,medgemma-4b-it,-1,Expert
HP:0010743,exact,direct,Shortened metatarsals,medgemma-4b-it,-1,Expert
HP:0010743,related,,Short metatarsal bones,medgemma-4b-it,-1,Expert
HP:0010743,exact,layperson,Short long bone of foot,medgemma-4b-it,-1,Expert
HP:0032843,exact,direct,Focal onset epileptic spasm,medgemma-4b-it,-1,Expert
HP:0020061,exact,uk,Abnormal haemoglobin concentration,medgemma-4b-it,-1,Expert
HP:0020061,exact,abbreviation,Abnormal Hb concentration,medgemma-4b-it,-1,Expert
HP:0004485,exact,layperson,Head stopped growing,medgemma-4b-it,-1,Expert
HP:0004485,exact,,Cranium stopped growing,medgemma-4b-it,-1,Expert
HP:0004485,broad,layperson,Skull stopped growing,medgemma-4b-it,-1,Expert
HP:0008069,related,direct,Neoplasia of the skin,medgemma-4b-it,-1,Expert
HP:0008069,related,layperson,Skin cancer,medgemma-4b-it,-1,Expert
HP:0008069,exact,uk,Tumour of the skin,medgemma-4b-it,-1,Expert
HP:0008069,exact,layperson,Tumor of the skin,medgemma-4b-it,-1,Expert
HP:0008069,exact,uk,Skin tumours,medgemma-4b-it,-1,Expert
HP:0008069,exact,layperson,Skin tumors,medgemma-4b-it,-1,Expert
HP:0008069,exact,uk,Dermatological tumours,medgemma-4b-it,-1,Expert
HP:0008069,exact,,Dermatological tumors,medgemma-4b-it,-1,Expert
HP:0008069,broad,layperson,Skin cancer (non-melanoma),medgemma-4b-it,-1,Expert
HP:0007209,exact,,Facial paresis,medgemma-4b-it,-1,Expert
HP:0032660,exact,direct,Tonic-clonic status epilepticus,medgemma-4b-it,-1,Expert
HP:0001908,exact,uk,Hypoplastic anaemia,medgemma-4b-it,-1,Expert
HP:0003697,exact,direct,Scapuloperoneal atrophy,medgemma-4b-it,-1,Expert
HP:0000236,exact,direct,Abnormality of the anterior fontanelle,medgemma-4b-it,-1,Expert
HP:0000236,exact,layperson,Abnormality of the forehead soft spot,medgemma-4b-it,-1,Expert
HP:0011902,exact,uk,Abnormal haemoglobin,medgemma-4b-it,-1,Expert
HP:0011902,exact,abbreviation,Abnormal Hb,medgemma-4b-it,-1,Expert
HP:0004704,exact,direct,Hypoplasia of the fifth metatarsal bone,medgemma-4b-it,-1,Expert
HP:0004704,exact,layperson,Short 5th long bone of foot,medgemma-4b-it,-1,Expert
HP:0007776,exact,direct,Partial absence of lower eyelashes,medgemma-4b-it,-1,Expert
HP:0007776,exact,layperson,Thin lower eyelashes,medgemma-4b-it,-1,Expert
HP:0007776,exact,layperson,Scanty lower eyelashes,medgemma-4b-it,-1,Expert
HP:0007776,exact,,Hypotrichosis of lower eyelashes,medgemma-4b-it,-1,Expert
HP:0000823,exact,layperson,Pubertal delay,medgemma-4b-it,-1,Expert
HP:0000823,exact,layperson,Delayed pubertal growth,medgemma-4b-it,-1,Expert
HP:0000823,exact,layperson,Delayed pubertal development,medgemma-4b-it,-1,Expert
HP:0002064,exact,layperson,Spastic walk,medgemma-4b-it,-1,Expert
HP:0030284,exact,layperson,Triangle shaped tongue,medgemma-4b-it,-1,Expert
HP:0001520,exact,direct,Fetal macrosomia,medgemma-4b-it,-1,Expert
HP:0001520,exact,direct,Macrosomia,medgemma-4b-it,-1,Expert
HP:0001520,exact,,"Macrosomia, neonatal",medgemma-4b-it,-1,Expert
HP:0001520,exact,uk,Foetal macrosomia,medgemma-4b-it,-1,Expert
HP:0001520,exact,layperson,Birthweight > 90th percentile,medgemma-4b-it,-1,Expert
HP:0001520,exact,layperson,Birth weight > 90th percentile,medgemma-4b-it,-1,Expert
HP:0006336,exact,direct,Dental root hypoplasia,medgemma-4b-it,-1,Expert
HP:0006336,exact,direct,Dental root hypotrophy,medgemma-4b-it,-1,Expert
HP:0006336,exact,direct,Rhizomicry,medgemma-4b-it,-1,Expert
HP:0006336,exact,direct,Root dwarfism,medgemma-4b-it,-1,Expert
HP:0006336,exact,layperson,Underdeveloped dental roots,medgemma-4b-it,-1,Expert
HP:0006336,exact,layperson,Short tooth roots,medgemma-4b-it,-1,Expert
HP:0006336,exact,layperson,Short dental roots,medgemma-4b-it,-1,Expert
HP:0006336,exact,layperson,Decreased length of tooth roots,medgemma-4b-it,-1,Expert
HP:0006336,exact,layperson,Decreased length of dental roots,medgemma-4b-it,-1,Expert
HP:0006336,broad,layperson,Underdeveloped tooth roots,medgemma-4b-it,-1,Expert
HP:0400004,exact,layperson,Long ears,medgemma-4b-it,-1,Expert
HP:0000637,exact,direct,Wide palpebral fissures,medgemma-4b-it,-1,Expert
HP:0000637,exact,,Wide palpebral fissure,medgemma-4b-it,-1,Expert
HP:0000637,exact,layperson,Wide opening between the eyelids,medgemma-4b-it,-1,Expert
HP:0000637,exact,,Long palpebral fissures,medgemma-4b-it,-1,Expert
HP:0000637,exact,layperson,Long opening between the eyelids,medgemma-4b-it,-1,Expert
HP:0000637,exact,,Broad palpebral fissure,medgemma-4b-it,-1,Expert
HP:0000637,exact,layperson,Broad opening between the eyelids,medgemma-4b-it,-1,Expert
HP:0100253,exact,layperson,Abnormality of the marrow cavity of the long bones,medgemma-4b-it,-1,Expert
HP:0000551,exact,direct,Disturbed color vision,medgemma-4b-it,-1,Expert
HP:0000551,related,direct,Loss in color vision,medgemma-4b-it,-1,Expert
HP:0000551,related,uk,Loss in colour vision,medgemma-4b-it,-1,Expert
HP:0000551,related,uk,Colour vision defects,medgemma-4b-it,-1,Expert
HP:0000551,related,uk,"Colour vision defect, severe",medgemma-4b-it,-1,Expert
HP:0000551,related,layperson,Color vision defects,medgemma-4b-it,-1,Expert
HP:0000551,related,layperson,"Color vision defect, severe",medgemma-4b-it,-1,Expert
HP:0000551,exact,uk,Disturbed colour vision,medgemma-4b-it,-1,Expert
HP:0000551,exact,uk,Colour vision defect,medgemma-4b-it,-1,Expert
HP:0000551,exact,uk,Abnormality of colour vision,medgemma-4b-it,-1,Expert
HP:0000551,exact,layperson,Abnormality of color vision,medgemma-4b-it,-1,Expert
HP:0000551,exact,uk,Abnormal colour vision,medgemma-4b-it,-1,Expert
HP:0000551,exact,layperson,Abnormal color vision,medgemma-4b-it,-1,Expert
HP:0009880,exact,layperson,Broad outermost hand bones,medgemma-4b-it,-1,Expert
HP:0010759,exact,direct,Prominent premaxilla,medgemma-4b-it,-1,Expert
HP:0010759,exact,layperson,Prominence of the primary palate bone,medgemma-4b-it,-1,Expert
HP:0010759,exact,,Prominence of the intermaxillary bone,medgemma-4b-it,-1,Expert
HP:0010759,exact,,Premaxillary bone excess,medgemma-4b-it,-1,Expert
HP:0010759,exact,layperson,Anterior position of the primary palate bone,medgemma-4b-it,-1,Expert
HP:0010759,exact,layperson,Anterior position of the premaxilla,medgemma-4b-it,-1,Expert
HP:0002123,exact,direct,Generalised epileptic myoclonus,medgemma-4b-it,-1,Expert
HP:0002123,exact,direct,Generalised myoclonic seizure,medgemma-4b-it,-1,Expert
HP:0002123,exact,direct,Generalized epileptic myoclonus,medgemma-4b-it,-1,Expert
HP:0002123,exact,direct,Myoclonus seizures,medgemma-4b-it,-1,Expert
HP:0002123,related,direct,"Myoclonic epilepsy, progressive",medgemma-4b-it,-1,Expert
HP:0002123,exact,plural,Generalized myoclonic seizures,medgemma-4b-it,-1,Expert
HP:0002123,exact,uk,Generalised myoclonic seizures,medgemma-4b-it,-1,Expert
HP:0002875,exact,layperson,Shortness of breathing upon physical activity,medgemma-4b-it,-1,Expert
HP:0002875,exact,uk,Exertional dyspnoea,medgemma-4b-it,-1,Expert
HP:0002875,exact,layperson,Exertional breathlessness,medgemma-4b-it,-1,Expert
HP:0000494,exact,direct,Antimongoloid eye slant,medgemma-4b-it,-1,Expert
HP:0000494,exact,direct,Antimongoloid slant of palpebral fissures,medgemma-4b-it,-1,Expert
HP:0000494,exact,direct,Antimongoloid slanted palpebral fissures,medgemma-4b-it,-1,Expert
HP:0000494,exact,direct,Down slanting palpebral fissures,medgemma-4b-it,-1,Expert
HP:0000494,exact,direct,Down-slanted palpebral fissures,medgemma-4b-it,-1,Expert
HP:0000494,exact,direct,Down-slanting palpebral fissure,medgemma-4b-it,-1,Expert
HP:0000494,exact,direct,Down-slanting palpebral fissures,medgemma-4b-it,-1,Expert
HP:0000494,exact,direct,Downslanting palpebral fissure,medgemma-4b-it,-1,Expert
HP:0000494,exact,direct,Downward slanted palpebral fissures,medgemma-4b-it,-1,Expert
HP:0000494,exact,direct,Downward-slanting palpebral fissures,medgemma-4b-it,-1,Expert
HP:0000494,exact,direct,Palpebral fissures down-slanted,medgemma-4b-it,-1,Expert
HP:0000494,exact,,Downward slanting palpebral fissures,medgemma-4b-it,-1,Expert
HP:0000494,exact,layperson,Downward slanting of the opening between the eyelids,medgemma-4b-it,-1,Expert
HP:0000494,exact,,Downslanting palpebral fissures,medgemma-4b-it,-1,Expert
HP:0004484,related,layperson,Malformation of craniofacial shape,medgemma-4b-it,-1,Expert
HP:0004484,related,layperson,Abnormality of craniofacial shape,medgemma-4b-it,-1,Expert
HP:0004484,exact,,Uneven craniofacial structures,medgemma-4b-it,-1,Expert
HP:0001315,exact,direct,Absent or decreased deep tendon reflexes,medgemma-4b-it,-1,Expert
HP:0001315,exact,direct,Decreased deep tendon reflexes,medgemma-4b-it,-1,Expert
HP:0001315,exact,direct,Decreased tendon reflexes,medgemma-4b-it,-1,Expert
HP:0001315,exact,direct,Decreased to absent deep tendon reflexes,medgemma-4b-it,-1,Expert
HP:0001315,exact,direct,Decreased/absent deep tendon reflexes,medgemma-4b-it,-1,Expert
HP:0001315,exact,direct,Depressed tendon reflexes,medgemma-4b-it,-1,Expert
HP:0001315,exact,direct,Diminished deep tendon reflexes,medgemma-4b-it,-1,Expert
HP:0001315,exact,direct,Diminished or absent deep tendon reflexes,medgemma-4b-it,-1,Expert
HP:0001315,exact,direct,Diminished or absent tendon reflexes,medgemma-4b-it,-1,Expert
HP:0001315,exact,direct,Hypoactive to absent deep tendon reflexes,medgemma-4b-it,-1,Expert
HP:0001315,exact,direct,Impaired tendon reflexes,medgemma-4b-it,-1,Expert
HP:0001315,exact,direct,Reduced/absent deep tendon reflexes,medgemma-4b-it,-1,Expert
HP:0001315,exact,direct,Weak or absent deep tendon reflexes,medgemma-4b-it,-1,Expert
HP:0009638,exact,direct,Hypoplastic/small proximal phalanx of the thumb,medgemma-4b-it,-1,Expert
HP:0009638,exact,direct,Short proximal phalanges of thumb,medgemma-4b-it,-1,Expert
HP:0009638,exact,direct,Short proximal thumb phalanx,medgemma-4b-it,-1,Expert
HP:0009638,exact,,Short proximal thumb bone,medgemma-4b-it,-1,Expert
HP:0001638,exact,layperson,Disease of the heart muscle,medgemma-4b-it,-1,Expert
HP:0000444,exact,layperson,Polly beak nasal deformity,medgemma-4b-it,-1,Expert
HP:0000444,exact,layperson,Hooked nose,medgemma-4b-it,-1,Expert
HP:0000444,exact,,Convex nasal dorsum,medgemma-4b-it,-1,Expert
HP:0000444,exact,,Convex dorsum of nose,medgemma-4b-it,-1,Expert
HP:0000444,exact,layperson,Beaklike protrusion,medgemma-4b-it,-1,Expert
HP:0000444,exact,layperson,Beaked nose,medgemma-4b-it,-1,Expert
HP:0002010,exact,,Transverse maxillary insufficiency,medgemma-4b-it,-1,Expert
HP:0002010,exact,,Transverse maxillary deficiency,medgemma-4b-it,-1,Expert
HP:0002010,exact,,Transverse hypoplasia of maxilla,medgemma-4b-it,-1,Expert
HP:0002010,exact,layperson,Narrow upper jaw bones,medgemma-4b-it,-1,Expert
HP:0002010,exact,layperson,Decreased width of upper jaw bones,medgemma-4b-it,-1,Expert
HP:0002010,exact,,Decreased width of maxilla,medgemma-4b-it,-1,Expert
HP:0002010,exact,,Decreased transverse dimension of maxilla,medgemma-4b-it,-1,Expert
HP:0002010,exact,layperson,Decreased breadth of upper jaw bones,medgemma-4b-it,-1,Expert
HP:0002711,exact,,Exaggerated median lingual furrow,medgemma-4b-it,-1,Expert
HP:0002711,exact,,Deep median tongue groove,medgemma-4b-it,-1,Expert
HP:0002711,exact,,Deep median tongue furrow,medgemma-4b-it,-1,Expert
HP:0002711,exact,,Deep median lingual groove,medgemma-4b-it,-1,Expert
HP:0002711,exact,,Deep median lingual furrow,medgemma-4b-it,-1,Expert
HP:0002711,exact,layperson,Deep central tongue groove,medgemma-4b-it,-1,Expert
HP:0002711,exact,,Deep central tongue furrow,medgemma-4b-it,-1,Expert
HP:0002711,exact,layperson,Deep central lingual groove,medgemma-4b-it,-1,Expert
HP:0002711,exact,,Deep central lingual furrow,medgemma-4b-it,-1,Expert
HP:0005115,exact,plural,Supraventricular arrhythmias,medgemma-4b-it,-1,Expert
HP:0010445,exact,direct,Ostium primum atrial septal defect,medgemma-4b-it,-1,Expert
HP:0010445,exact,direct,Primum atrioventricular canal defect,medgemma-4b-it,-1,Expert
HP:0010445,exact,direct,Septum primum defect,medgemma-4b-it,-1,Expert
HP:0010445,exact,abbreviation,ostium primum ASD,medgemma-4b-it,-1,Expert
HP:0010445,exact,,"Atrial septal defect, primum type",medgemma-4b-it,-1,Expert
HP:0000691,exact,direct,Small teeth,medgemma-4b-it,-1,Expert
HP:0000691,exact,direct,Tooth hypoplasia,medgemma-4b-it,-1,Expert
HP:0000691,exact,direct,Tooth hypotrophy,medgemma-4b-it,-1,Expert
HP:0000691,exact,direct,Underdeveloped tooth,medgemma-4b-it,-1,Expert
HP:0000691,exact,layperson,Small tooth,medgemma-4b-it,-1,Expert
HP:0000691,exact,layperson,Decreased width of tooth,medgemma-4b-it,-1,Expert
HP:0000691,exact,layperson,Decreased size of tooth,medgemma-4b-it,-1,Expert
HP:0000691,broad,,Hypotrophic tooth,medgemma-4b-it,-1,Expert
HP:0007334,exact,direct,Focal seizure with secondary generalization,medgemma-4b-it,-1,Expert
HP:0007334,exact,direct,Focal to bilateral tonic-clonic seizure,medgemma-4b-it,-1,Expert
HP:0007334,exact,direct,Generalised tonic-clonic seizure with focal onset,medgemma-4b-it,-1,Expert
HP:0007334,exact,direct,Generalised tonic-clonic seizure with partial onset,medgemma-4b-it,-1,Expert
HP:0007334,exact,direct,Generalized tonic-clonic seizure with focal onset,medgemma-4b-it,-1,Expert
HP:0007334,exact,direct,Generalized tonic-clonic seizure with partial onset,medgemma-4b-it,-1,Expert
HP:0007334,exact,direct,Partial seizure with secondary generalization,medgemma-4b-it,-1,Expert
HP:0007334,exact,direct,Partial seizures with secondary generalization,medgemma-4b-it,-1,Expert
HP:0007334,exact,direct,Secondarily generalized tonic-clonic seizure,medgemma-4b-it,-1,Expert
HP:0007334,exact,direct,Secondarily generalized tonic-clonic seizures,medgemma-4b-it,-1,Expert
HP:0007334,exact,direct,Secondary generalized tonic clonic seizures,medgemma-4b-it,-1,Expert
HP:0007334,exact,direct,Secondary generalized tonic-clonic seizures,medgemma-4b-it,-1,Expert
HP:0007334,exact,uk,Secondary generalised tonic-clonic seizures,medgemma-4b-it,-1,Expert
HP:0007334,exact,uk,Secondary generalised tonic clonic seizures,medgemma-4b-it,-1,Expert
HP:0007334,exact,uk,Secondarily generalised tonic-clonic seizures,medgemma-4b-it,-1,Expert
HP:0007334,exact,uk,Secondarily generalised tonic-clonic seizure,medgemma-4b-it,-1,Expert
HP:0007334,exact,uk,Partial seizures with secondary generalisation,medgemma-4b-it,-1,Expert
HP:0007334,exact,uk,Partial seizure with secondary generalisation,medgemma-4b-it,-1,Expert
HP:0007334,exact,plural,Generalized tonic-clonic seizures with focal onset,medgemma-4b-it,-1,Expert
HP:0007334,exact,uk,Generalised tonic-clonic seizures with focal onset,medgemma-4b-it,-1,Expert
HP:0007334,exact,uk,Focal seizure with secondary generalisation,medgemma-4b-it,-1,Expert
HP:0006753,related,direct,Neoplasia of the stomach,medgemma-4b-it,-1,Expert
HP:0006753,exact,uk,Stomach tumour,medgemma-4b-it,-1,Expert
HP:0006753,exact,layperson,Stomach tumor,medgemma-4b-it,-1,Expert
HP:0000975,exact,direct,Diaphoresis,medgemma-4b-it,-1,Expert
HP:0000975,exact,layperson,"Sweating, increased",medgemma-4b-it,-1,Expert
HP:0000975,exact,layperson,Sweating profusely,medgemma-4b-it,-1,Expert
HP:0000975,exact,layperson,Sweating,medgemma-4b-it,-1,Expert
HP:0000975,exact,layperson,Profuse sweating,medgemma-4b-it,-1,Expert
HP:0000975,exact,layperson,Increased sweating,medgemma-4b-it,-1,Expert
HP:0000975,exact,layperson,Excessive sweating,medgemma-4b-it,-1,Expert
HP:0410246,exact,direct,Elevated IgD,medgemma-4b-it,-1,Expert
HP:0410246,exact,direct,Elevated serum IgD,medgemma-4b-it,-1,Expert
HP:0410246,exact,direct,IgD hypergammaglobulinemia,medgemma-4b-it,-1,Expert
HP:0410246,exact,direct,Increased IgD level,medgemma-4b-it,-1,Expert
HP:0410246,exact,direct,Increased circulating IgD level,medgemma-4b-it,-1,Expert
HP:0410246,exact,direct,Increased levels of IgD,medgemma-4b-it,-1,Expert
HP:0410246,exact,direct,Increased serum IgD,medgemma-4b-it,-1,Expert
HP:0009239,exact,layperson,Absent/underdeveloped outermost bone of pinky finger,medgemma-4b-it,-1,Expert
HP:0009239,exact,layperson,Absent/small outermost bone of pinky finger,medgemma-4b-it,-1,Expert
HP:0009239,exact,layperson,Absent/small outermost bone of pinkie finger,medgemma-4b-it,-1,Expert
HP:0009239,exact,layperson,Absent/small outermost bone of little finger,medgemma-4b-it,-1,Expert
HP:0001557,exact,direct,Abnormal intrauterine movements,medgemma-4b-it,-1,Expert
HP:0010391,exact,direct,Duplication of the phalanges of the fifth toe,medgemma-4b-it,-1,Expert
HP:0010391,exact,direct,Partial/complete duplication of the phalanges of the 5th toe,medgemma-4b-it,-1,Expert
HP:0010391,exact,layperson,Duplication of the bones of the pinky toe,medgemma-4b-it,-1,Expert
HP:0010391,exact,layperson,Duplication of the bones of the pinkie toe,medgemma-4b-it,-1,Expert
HP:0010391,exact,layperson,Duplication of the bones of the little toe,medgemma-4b-it,-1,Expert
HP:0005682,exact,,Fusion of the subtalar joint,medgemma-4b-it,-1,Expert
HP:0005682,broad,layperson,Fusion of foot joint,medgemma-4b-it,-1,Expert
HP:0031936,exact,direct,Delayed walking,medgemma-4b-it,-1,Expert
HP:0004493,exact,,Increased ossification of craniofacial bones,medgemma-4b-it,-1,Expert
HP:0004493,exact,,Hyperostosis of craniofacial bones,medgemma-4b-it,-1,Expert
HP:0004493,exact,layperson,Excessive bone growth of the skull and face,medgemma-4b-it,-1,Expert
HP:0004493,broad,layperson,Thick craniofacial bones,medgemma-4b-it,-1,Expert
HP:0004493,broad,layperson,Overgrowth of craniofacial bones,medgemma-4b-it,-1,Expert
HP:0004493,broad,,Hypertrophy of craniofacial bones,medgemma-4b-it,-1,Expert
HP:0004493,broad,layperson,Excessive growth of craniofacial bones,medgemma-4b-it,-1,Expert
HP:0004493,broad,layperson,Enlargement of craniofacial bones,medgemma-4b-it,-1,Expert
HP:0011123,exact,direct,Abnormal tendency to infections of the skin,medgemma-4b-it,-1,Expert
HP:0011123,related,direct,Inflammatory skin disease,medgemma-4b-it,-1,Expert
HP:0011123,exact,layperson,Skin inflammation,medgemma-4b-it,-1,Expert
HP:0400005,exact,layperson,Short ears,medgemma-4b-it,-1,Expert
HP:0100409,exact,direct,Complete duplication of the distal phalanx of the fifth toe,medgemma-4b-it,-1,Expert
HP:0100409,exact,layperson,Complete duplication of the outermost bone of the pinky toe,medgemma-4b-it,-1,Expert
HP:0100409,exact,layperson,Complete duplication of the outermost bone of the pinkie toe,medgemma-4b-it,-1,Expert
HP:0100409,exact,layperson,Complete duplication of the outermost bone of the little toe,medgemma-4b-it,-1,Expert
HP:0011339,narrow,,Malformation of the upper lip vermillion,medgemma-4b-it,-1,Expert
HP:0011339,narrow,,Deformity of the upper lip vermillion,medgemma-4b-it,-1,Expert
HP:0011339,narrow,,Anomaly of the upper lip vermillion,medgemma-4b-it,-1,Expert
HP:0011339,narrow,layperson,Abnormality of the red part of the upper lip,medgemma-4b-it,-1,Expert
HP:0007018,exact,layperson,Childhood attention deficit/hyperactivity disorder,medgemma-4b-it,-1,Expert
HP:0007018,exact,layperson,Attention deficits,medgemma-4b-it,-1,Expert
HP:0007018,exact,layperson,Attention deficit-hyperactivity disorder,medgemma-4b-it,-1,Expert
HP:0007018,exact,layperson,Attention deficit disorder,medgemma-4b-it,-1,Expert
HP:0007018,exact,layperson,Attention deficit,medgemma-4b-it,-1,Expert
HP:0007018,exact,abbreviation,ADHD,medgemma-4b-it,-1,Expert
HP:0009768,exact,direct,Widening of phalanges of the hand,medgemma-4b-it,-1,Expert
HP:0009768,exact,layperson,Wide hand bones,medgemma-4b-it,-1,Expert
HP:0011266,exact,direct,First-degree microtia,medgemma-4b-it,-1,Expert
HP:0003237,exact,direct,Increased IgG level,medgemma-4b-it,-1,Expert
HP:0003237,exact,direct,Increased circulating IgG level,medgemma-4b-it,-1,Expert
HP:0003237,exact,direct,Increased levels of IgG,medgemma-4b-it,-1,Expert
HP:0003237,exact,direct,Increased total IgG in blood,medgemma-4b-it,-1,Expert
HP:0002098,exact,direct,Respiratory difficulties,medgemma-4b-it,-1,Expert
HP:0002098,exact,uk,Laboured breathing,medgemma-4b-it,-1,Expert
HP:0002098,exact,layperson,Labored breathing,medgemma-4b-it,-1,Expert
HP:0002098,exact,layperson,Breathing difficulties,medgemma-4b-it,-1,Expert
HP:0012471,exact,layperson,Thick lips,medgemma-4b-it,-1,Expert
HP:0012471,exact,layperson,Prominent lips,medgemma-4b-it,-1,Expert
HP:0012471,exact,layperson,Plump lips,medgemma-4b-it,-1,Expert
HP:0012471,exact,,Increased volume of lip vermillion,medgemma-4b-it,-1,Expert
HP:0012471,exact,layperson,Increased volume of lip,medgemma-4b-it,-1,Expert
HP:0012471,exact,layperson,Full lips,medgemma-4b-it,-1,Expert
HP:0003778,exact,direct,Short body and ramus of mandible,medgemma-4b-it,-1,Expert
HP:0003778,exact,direct,Short mandibular ramus,medgemma-4b-it,-1,Expert
HP:0003778,exact,direct,Underdeveloped mandibular rami,medgemma-4b-it,-1,Expert
HP:0003778,narrow,,Decreased height of mandibular ramus,medgemma-4b-it,-1,Expert
HP:0003778,broad,,Decreased size of mandibular ramus,medgemma-4b-it,-1,Expert
HP:0030022,exact,direct,Constricted ear,medgemma-4b-it,-1,Expert
HP:0030022,exact,direct,Cosman ear,medgemma-4b-it,-1,Expert
HP:0030022,exact,layperson,Question mark ears,medgemma-4b-it,-1,Expert
HP:0025675,exact,direct,Fetal PAD narrowing-closure,medgemma-4b-it,-1,Expert
HP:0025675,exact,direct,Fetal PDA narrowing-closure,medgemma-4b-it,-1,Expert
HP:0025675,exact,direct,Fetal arterial duct narrowing-closure,medgemma-4b-it,-1,Expert
HP:0025675,exact,direct,Fetal ductus arteriosus narrowing-closure,medgemma-4b-it,-1,Expert
HP:0025675,exact,direct,Idiopathic constriction of the fetal ductus arteriosus,medgemma-4b-it,-1,Expert
HP:0025675,exact,abbreviation,PCDA,medgemma-4b-it,-1,Expert
HP:0025675,exact,uk,Idiopathic constriction of the foetal ductus arteriosus,medgemma-4b-it,-1,Expert
HP:0025675,exact,uk,Foetal ductus arteriosus narrowing-closure,medgemma-4b-it,-1,Expert
HP:0025675,exact,uk,Foetal arterial duct narrowing-closure,medgemma-4b-it,-1,Expert
HP:0025675,exact,uk,Foetal PDA narrowing-closure,medgemma-4b-it,-1,Expert
HP:0025675,exact,uk,Foetal PAD narrowing-closure,medgemma-4b-it,-1,Expert
HP:0004491,exact,direct,Large posterior fontanel,medgemma-4b-it,-1,Expert
HP:0410242,exact,direct,Abnormal IgG level in blood,medgemma-4b-it,-1,Expert
HP:0410242,exact,direct,Abnormal circulating IgG level,medgemma-4b-it,-1,Expert
HP:0005989,exact,direct,Excessive nuchal skin,medgemma-4b-it,-1,Expert
HP:0005989,exact,direct,Redundant nuchal skin,medgemma-4b-it,-1,Expert
HP:0005989,exact,layperson,Redundant skin over the neck,medgemma-4b-it,-1,Expert
HP:0005989,exact,layperson,Redundant skin folds of neck,medgemma-4b-it,-1,Expert
HP:0005989,exact,layperson,Excess skin over the neck,medgemma-4b-it,-1,Expert
HP:0005989,exact,layperson,Excess neck skin,medgemma-4b-it,-1,Expert
HP:0010682,exact,abbreviation,Elevated placental ALP,medgemma-4b-it,-1,Expert
HP:0000929,narrow,layperson,Abnormality of the skull bones,medgemma-4b-it,-1,Expert
HP:0000929,exact,layperson,Abnormality of the skull,medgemma-4b-it,-1,Expert
HP:0008056,exact,layperson,Absent/underdeveloped eye,medgemma-4b-it,-1,Expert
HP:0008056,exact,layperson,Absent/small eye,medgemma-4b-it,-1,Expert
HP:0012575,exact,direct,Abnormality of the nephron,medgemma-4b-it,-1,Expert
HP:0003281,exact,direct,Hyperferritinaemia,medgemma-4b-it,-1,Expert
HP:0003281,exact,direct,Hyperferritinemia,medgemma-4b-it,-1,Expert
HP:0003281,exact,direct,Increased plasma ferritin,medgemma-4b-it,-1,Expert
HP:0003281,exact,layperson,Increased serum ferritin level,medgemma-4b-it,-1,Expert
HP:0003281,exact,layperson,Increased ferritin,medgemma-4b-it,-1,Expert
HP:0003281,exact,layperson,High ferritin level,medgemma-4b-it,-1,Expert
HP:0003281,exact,layperson,Elevated serum ferritin,medgemma-4b-it,-1,Expert
HP:0001964,exact,direct,Absent or hypoplastic metatarsal,medgemma-4b-it,-1,Expert
HP:0001964,exact,direct,Absent/hypoplastic metacarpals,medgemma-4b-it,-1,Expert
HP:0001964,exact,direct,Absent/hypoplastic metatarsals,medgemma-4b-it,-1,Expert
HP:0001964,exact,direct,Aplastic/hypoplastic metatarsals,medgemma-4b-it,-1,Expert
HP:0001964,exact,layperson,Absent/underdeveloped long bone of foot,medgemma-4b-it,-1,Expert
HP:0001964,exact,layperson,Absent/small long bone of foot,medgemma-4b-it,-1,Expert
HP:0001507,exact,layperson,Growth issue,medgemma-4b-it,-1,Expert
HP:0001507,exact,layperson,Abnormal growth,medgemma-4b-it,-1,Expert
HP:0000110,exact,direct,Dysplastic kidneys,medgemma-4b-it,-1,Expert
HP:0000110,exact,direct,Renal adysplasia,medgemma-4b-it,-1,Expert
HP:0001274,exact,direct,Absence of corpus callosum,medgemma-4b-it,-1,Expert
HP:0001274,exact,direct,Absent corpus callosum,medgemma-4b-it,-1,Expert
HP:0001274,exact,direct,Agenesis of the corpus callosum,medgemma-4b-it,-1,Expert
HP:0001274,exact,direct,Callosal agenesis,medgemma-4b-it,-1,Expert
HP:0001274,exact,direct,Corpus callosum agenesis,medgemma-4b-it,-1,Expert
HP:0001274,exact,direct,Dysplastic or absent corpus callosum,medgemma-4b-it,-1,Expert
HP:0040129,exact,direct,Abnormal nerve conduction,medgemma-4b-it,-1,Expert
HP:0040129,exact,direct,Abnormal nerve conduction velocities,medgemma-4b-it,-1,Expert
HP:0040129,exact,direct,Nerve conduction abnormalities,medgemma-4b-it,-1,Expert
HP:0031629,exact,layperson,Clumsy tandem walking,medgemma-4b-it,-1,Expert
HP:0002141,exact,layperson,Imbalanced walk,medgemma-4b-it,-1,Expert
HP:0002141,exact,layperson,Abnormality of equilibrium,medgemma-4b-it,-1,Expert
HP:0002141,exact,layperson,Abnormality of balance,medgemma-4b-it,-1,Expert
HP:0011334,exact,direct,Facial shape compression,medgemma-4b-it,-1,Expert
HP:0011334,narrow,layperson,Distortion of facial shape,medgemma-4b-it,-1,Expert
HP:0100022,exact,layperson,Unusual movement,medgemma-4b-it,-1,Expert
HP:0100022,exact,layperson,Movement disorder,medgemma-4b-it,-1,Expert
HP:0000291,narrow,,Malformation of facial adipose tissue,medgemma-4b-it,-1,Expert
HP:0000291,narrow,,Deformity of facial adipose tissue,medgemma-4b-it,-1,Expert
HP:0000291,exact,layperson,Abnormality of facial fat,medgemma-4b-it,-1,Expert
HP:0005105,exact,layperson,Abnormal of shape of nose,medgemma-4b-it,-1,Expert
HP:0005105,exact,layperson,Abnormal of nasal shape,medgemma-4b-it,-1,Expert
HP:0005105,exact,,Abnormal of morphology of nose,medgemma-4b-it,-1,Expert
HP:0005105,exact,,Abnormal nose morphology,medgemma-4b-it,-1,Expert
HP:0006493,exact,layperson,Absent/underdeveloped lower limb bones,medgemma-4b-it,-1,Expert
HP:0006493,exact,layperson,Absent/small lower limb bones,medgemma-4b-it,-1,Expert
HP:0000570,exact,direct,Abnormality of saccadic eye movements,medgemma-4b-it,-1,Expert
HP:0000570,related,direct,Impaired saccades,medgemma-4b-it,-1,Expert
HP:0001566,exact,direct,Diastasis of the central incisors,medgemma-4b-it,-1,Expert
HP:0001566,exact,direct,Separated superior central incisors,medgemma-4b-it,-1,Expert
HP:0001566,exact,direct,Wide upper central incisors,medgemma-4b-it,-1,Expert
HP:0001566,narrow,,Diastema between upper incisors,medgemma-4b-it,-1,Expert
HP:0001566,narrow,,Diastema between upper front teeth,medgemma-4b-it,-1,Expert
HP:0001566,narrow,,Diastema between maxillary central incisors,medgemma-4b-it,-1,Expert
HP:0001566,exact,layperson,Widely spaced upper incisors,medgemma-4b-it,-1,Expert
HP:0001566,exact,layperson,Wide gap between upper central incisors,medgemma-4b-it,-1,Expert
HP:0001566,exact,layperson,Gap between upper front teeth,medgemma-4b-it,-1,Expert
HP:0001566,broad,layperson,Central incisor gap,medgemma-4b-it,-1,Expert
HP:0010049,exact,direct,Brachymetacarpalia,medgemma-4b-it,-1,Expert
HP:0010049,exact,direct,Hypoplastic metacarpal,medgemma-4b-it,-1,Expert
HP:0010049,exact,direct,Metacarpal hypoplasia,medgemma-4b-it,-1,Expert
HP:0010049,exact,direct,Short metacarpals,medgemma-4b-it,-1,Expert
HP:0010049,exact,direct,Shortened long bones of hand,medgemma-4b-it,-1,Expert
HP:0010049,exact,direct,Shortened metacarpals,medgemma-4b-it,-1,Expert
HP:0010049,exact,direct,Shortening of metacarpals,medgemma-4b-it,-1,Expert
HP:0010049,related,,Short metacarpal bones,medgemma-4b-it,-1,Expert
HP:0010049,exact,layperson,Shortened long bone of hand,medgemma-4b-it,-1,Expert
HP:0001133,exact,direct,Concentric narrowing of visual field,medgemma-4b-it,-1,Expert
HP:0001133,exact,direct,Constricted visual field,medgemma-4b-it,-1,Expert
HP:0001133,exact,direct,Reduced peripheral vision,medgemma-4b-it,-1,Expert
HP:0001133,exact,direct,Visual field constriction,medgemma-4b-it,-1,Expert
HP:0001133,exact,layperson,Limited peripheral vision,medgemma-4b-it,-1,Expert
HP:0001133,exact,,Constricted visual fields,medgemma-4b-it,-1,Expert
HP:0001695,exact,layperson,Heart stops beating,medgemma-4b-it,-1,Expert
HP:0009471,exact,direct,Camptodactyly of the 3rd finger,medgemma-4b-it,-1,Expert
HP:0009471,exact,direct,Camptodactyly of the third finger,medgemma-4b-it,-1,Expert
HP:0000384,exact,direct,Periauricular skin tag,medgemma-4b-it,-1,Expert
HP:0000384,exact,direct,Preauricular skin tags,medgemma-4b-it,-1,Expert
HP:0000384,exact,direct,Preauricular tag,medgemma-4b-it,-1,Expert
HP:0000384,exact,direct,Preauricular tags,medgemma-4b-it,-1,Expert
HP:0000384,exact,,Preauricular fibroepithelial polyp,medgemma-4b-it,-1,Expert
HP:0000384,exact,,Preauricular acrochordon,medgemma-4b-it,-1,Expert
HP:0000384,exact,,Ear tag,medgemma-4b-it,-1,Expert
HP:0000384,broad,layperson,Skin tag on the posterior cheek,medgemma-4b-it,-1,Expert
HP:0000384,broad,layperson,Skin tag in front of the ear,medgemma-4b-it,-1,Expert
HP:0011265,exact,direct,Bifid earlobe,medgemma-4b-it,-1,Expert
HP:0011265,exact,direct,Bifid lobe,medgemma-4b-it,-1,Expert
HP:0011265,exact,direct,Notched earlobe,medgemma-4b-it,-1,Expert
HP:0011265,exact,direct,Notched lobe,medgemma-4b-it,-1,Expert
HP:0030310,exact,layperson,Dislocated arm joints,medgemma-4b-it,-1,Expert
HP:0004488,exact,direct,Congenital macrocephaly,medgemma-4b-it,-1,Expert
HP:0004488,exact,direct,Head circumference large for gestational age,medgemma-4b-it,-1,Expert
HP:0004488,exact,layperson,Large skull present since birth,medgemma-4b-it,-1,Expert
HP:0004488,exact,layperson,Large skull present at birth,medgemma-4b-it,-1,Expert
HP:0004488,exact,,Large cranium present since birth,medgemma-4b-it,-1,Expert
HP:0004488,exact,,Large cranium present at birth,medgemma-4b-it,-1,Expert
HP:0004488,exact,,Congenital large skull,medgemma-4b-it,-1,Expert
HP:0004488,exact,,Congenital large cranium,medgemma-4b-it,-1,Expert
HP:0004488,exact,layperson,Big skull present since birth,medgemma-4b-it,-1,Expert
HP:0004488,exact,layperson,Big skull present at birth,medgemma-4b-it,-1,Expert
HP:0004488,exact,,Big cranium present since birth,medgemma-4b-it,-1,Expert
HP:0004488,exact,,Big cranium present at birth,medgemma-4b-it,-1,Expert
HP:0004488,broad,layperson,Large head present since birth,medgemma-4b-it,-1,Expert
HP:0004488,broad,layperson,Large head present at birth,medgemma-4b-it,-1,Expert
HP:0004488,broad,layperson,Congenital large head,medgemma-4b-it,-1,Expert
HP:0004488,broad,layperson,Big head present since birth,medgemma-4b-it,-1,Expert
HP:0004488,broad,layperson,Big head present at birth,medgemma-4b-it,-1,Expert
HP:0004370,exact,direct,Impaired temperature control,medgemma-4b-it,-1,Expert
HP:0004370,exact,direct,Impaired temperature regulation,medgemma-4b-it,-1,Expert
HP:0004370,exact,direct,Inability to control temperature,medgemma-4b-it,-1,Expert
HP:0004370,exact,direct,Inability to regulate temperature,medgemma-4b-it,-1,Expert
HP:0004370,exact,direct,Poor control of temperature,medgemma-4b-it,-1,Expert
HP:0004370,exact,direct,Poor regulation of temperature,medgemma-4b-it,-1,Expert
HP:0004370,exact,direct,Poor temperature control,medgemma-4b-it,-1,Expert
HP:0004370,exact,direct,Unable to control temperature,medgemma-4b-it,-1,Expert
HP:0004370,related,layperson,Body temperature changes,medgemma-4b-it,-1,Expert
HP:0004370,exact,layperson,Poor temperature regulation,medgemma-4b-it,-1,Expert
HP:0009882,exact,direct,Brachytelophalangy,medgemma-4b-it,-1,Expert
HP:0009882,exact,direct,Distal phalangeal hypoplasia,medgemma-4b-it,-1,Expert
HP:0009882,exact,direct,Hypoplasia of the distal phalanges,medgemma-4b-it,-1,Expert
HP:0009882,exact,direct,Hypoplasia of the distal phalanges of the hand,medgemma-4b-it,-1,Expert
HP:0009882,exact,direct,Hypoplastic distal phalanges,medgemma-4b-it,-1,Expert
HP:0009882,exact,direct,Hypoplastic terminal phalanges,medgemma-4b-it,-1,Expert
HP:0009882,exact,direct,Short distal phalanges,medgemma-4b-it,-1,Expert
HP:0009882,exact,direct,Terminal phalangeal hypoplasia of hand,medgemma-4b-it,-1,Expert
HP:0009882,exact,layperson,Short outermost finger bone,medgemma-4b-it,-1,Expert
HP:0032712,exact,direct,Focal motor impaired awareness seizure,medgemma-4b-it,-1,Expert
HP:0001829,exact,direct,Polydactyly of feet,medgemma-4b-it,-1,Expert
HP:0001829,exact,direct,Polydactyly of the foot,medgemma-4b-it,-1,Expert
HP:0001829,exact,layperson,Duplication of bones of the toes,medgemma-4b-it,-1,Expert
HP:0009558,exact,layperson,Wide outermost bone of the index finger,medgemma-4b-it,-1,Expert
HP:0009049,exact,direct,Peroneal atrophy,medgemma-4b-it,-1,Expert
HP:0003995,exact,direct,Deformity of radial heads,medgemma-4b-it,-1,Expert
HP:0100543,exact,layperson,Intellectual impairment,medgemma-4b-it,-1,Expert
HP:0100543,exact,layperson,Cognitive deficits,medgemma-4b-it,-1,Expert
HP:0100543,exact,layperson,Cognitive defects,medgemma-4b-it,-1,Expert
HP:0100543,exact,layperson,Cognitive abnormality,medgemma-4b-it,-1,Expert
HP:0100543,exact,layperson,Abnormality of cognition,medgemma-4b-it,-1,Expert
HP:0009741,exact,layperson,Thickening of kidney artiries,medgemma-4b-it,-1,Expert
HP:0009741,exact,layperson,Scarring of kidney arteries,medgemma-4b-it,-1,Expert
HP:0000733,exact,uk,repetitive behaviour,medgemma-4b-it,-1,Expert
HP:0000733,exact,,Stimming,medgemma-4b-it,-1,Expert
HP:0000733,exact,uk,Stereotypical motor behaviours,medgemma-4b-it,-1,Expert
HP:0000733,exact,uk,Stereotypical motor behaviour,medgemma-4b-it,-1,Expert
HP:0000733,exact,,Stereotypical motor behaviors,medgemma-4b-it,-1,Expert
HP:0000733,exact,,Stereotypical motor behavior,medgemma-4b-it,-1,Expert
HP:0000733,exact,uk,Stereotypic behaviours,medgemma-4b-it,-1,Expert
HP:0000733,exact,uk,Stereotypic behaviour,medgemma-4b-it,-1,Expert
HP:0000733,exact,uk,Stereotyped behaviours,medgemma-4b-it,-1,Expert
HP:0000733,exact,uk,Stereotyped behaviour,medgemma-4b-it,-1,Expert
HP:0000733,exact,,Stereotyped behaviors,medgemma-4b-it,-1,Expert
HP:0000733,exact,,Stereotyped behavior,medgemma-4b-it,-1,Expert
HP:0000733,exact,,Stereotyped,medgemma-4b-it,-1,Expert
HP:0000733,exact,,"Repetitive, stereotypic behavior",medgemma-4b-it,-1,Expert
HP:0000733,exact,layperson,Repetitive movements,medgemma-4b-it,-1,Expert
HP:0000733,exact,uk,Repetitive behaviour Stereotypic behaviour,medgemma-4b-it,-1,Expert
HP:0000733,exact,,Repetitive behavior,medgemma-4b-it,-1,Expert
HP:0000733,exact,,Abnormal repetitive mannerism,medgemma-4b-it,-1,Expert
HP:0003712,exact,direct,Hypertrophic muscles,medgemma-4b-it,-1,Expert
HP:0003712,exact,direct,Muscle hypertrophy,medgemma-4b-it,-1,Expert
HP:0003712,exact,direct,Muscular hypertrophy,medgemma-4b-it,-1,Expert
HP:0003712,exact,layperson,Increased skeletal muscle cells,medgemma-4b-it,-1,Expert
HP:0006265,exact,layperson,Absent/underdeveloped fingers,medgemma-4b-it,-1,Expert
HP:0006265,exact,layperson,Absent/small fingers,medgemma-4b-it,-1,Expert
HP:0100834,exact,uk,Large intestine tumour,medgemma-4b-it,-1,Expert
HP:0100834,exact,layperson,Large intestine tumor,medgemma-4b-it,-1,Expert
HP:0005588,exact,direct,"Palmoplantar keratoderma, patchy",medgemma-4b-it,-1,Expert
HP:0005588,exact,direct,Patchy palmoplantar keratoderma,medgemma-4b-it,-1,Expert
HP:0000752,exact,layperson,More active than typical,medgemma-4b-it,-1,Lay-person
HP:0000752,exact,,Hyperkinetic disorder,medgemma-4b-it,-1,Expert
HP:0000752,exact,uk,Hyperactive behaviour,medgemma-4b-it,-1,Expert
HP:0000752,exact,,Hyperactive behavior,medgemma-4b-it,-1,Expert
HP:0030215,exact,direct,Cry frequently for no reason,medgemma-4b-it,-1,Lay-person
HP:0030215,exact,direct,Cry frequently without apparent cause,medgemma-4b-it,-1,Expert
HP:0030215,exact,direct,Cry frequently without cause,medgemma-4b-it,-1,Expert
HP:0030215,exact,direct,Cry frequently without reason,medgemma-4b-it,-1,Expert
HP:0030215,exact,direct,Frequently cries for no reason,medgemma-4b-it,-1,Lay-person
HP:0030215,exact,direct,Frequently cries without apparent cause,medgemma-4b-it,-1,Expert
HP:0030215,exact,direct,Frequently cries without cause,medgemma-4b-it,-1,Expert
HP:0030215,exact,direct,Frequently cries without reason,medgemma-4b-it,-1,Expert
HP:0031955,related,direct,Limp,medgemma-4b-it,-1,Expert
HP:0031886,exact,abbreviation,Abnormal LDLc concentration,medgemma-4b-it,-1,Expert
HP:0031886,exact,abbreviation,Abnormal LDL-C level,medgemma-4b-it,-1,Expert
HP:0031886,exact,abbreviation,Abnormal LDL-C concentration,medgemma-4b-it,-1,Expert
HP:0001751,exact,direct,Impaired vestibular function,medgemma-4b-it,-1,Expert
HP:0001751,exact,direct,Interictal vestibular dysfunction,medgemma-4b-it,-1,Expert
HP:0001751,exact,direct,Vestibular function defect,medgemma-4b-it,-1,Expert
HP:0001161,exact,direct,Finger polydactyly,medgemma-4b-it,-1,Expert
HP:0001161,exact,direct,Polydactyly of the hand,medgemma-4b-it,-1,Expert
HP:0001161,exact,,Supernumerary finger,medgemma-4b-it,-1,Expert
HP:0001161,exact,layperson,Extra finger,medgemma-4b-it,-1,Expert
HP:0011024,related,layperson,Gastrointestinal disease,medgemma-4b-it,-1,Expert
HP:0011024,related,layperson,Digestive system disease,medgemma-4b-it,-1,Expert
HP:0011024,exact,abbreviation,Abnormality of the GI tract,medgemma-4b-it,-1,Expert
HP:0009178,exact,layperson,Fused middle bones of pinky finger,medgemma-4b-it,-1,Expert
HP:0009178,exact,layperson,Fused middle bones of pinkie finger,medgemma-4b-it,-1,Expert
HP:0009178,exact,layperson,Fused middle bones of little finger,medgemma-4b-it,-1,Expert
HP:0001756,exact,direct,Vestibular deficiency,medgemma-4b-it,-1,Expert
HP:0001756,exact,direct,Vestibular dysfunction,medgemma-4b-it,-1,Expert
HP:0001756,exact,direct,Vestibular failure,medgemma-4b-it,-1,Expert
HP:0001756,exact,direct,Vestibular hypofunction,medgemma-4b-it,-1,Expert
HP:0001756,exact,direct,Vestibular loss,medgemma-4b-it,-1,Expert
HP:0001756,exact,direct,Vestibulopathy,medgemma-4b-it,-1,Expert
HP:0032514,exact,direct,Accessory puncta,medgemma-4b-it,-1,Expert
HP:0032514,exact,direct,Double lacrimal puncta,medgemma-4b-it,-1,Expert
HP:0032514,exact,direct,Double punctum,medgemma-4b-it,-1,Expert
HP:0032514,exact,direct,"Lacrimal punctum, duplication",medgemma-4b-it,-1,Expert
HP:0032514,exact,direct,Punctum reduplication,medgemma-4b-it,-1,Expert
HP:0032514,exact,direct,Supernumerary punctum,medgemma-4b-it,-1,Expert
HP:0007270,exact,direct,Atypical absence,medgemma-4b-it,-1,Expert
HP:0007270,exact,plural,Atypical petit mal seizures,medgemma-4b-it,-1,Expert
HP:0007270,exact,plural,Atypical absence seizures,medgemma-4b-it,-1,Expert
HP:0030522,exact,direct,Mild peripheral visual field loss,medgemma-4b-it,-1,Expert
HP:0002694,exact,direct,Marked sclerosis of skull base,medgemma-4b-it,-1,Expert
HP:0002694,exact,direct,Sclerosis of the skull base,medgemma-4b-it,-1,Expert
HP:0002694,exact,direct,Sclerotic skull base,medgemma-4b-it,-1,Expert
HP:0002694,narrow,layperson,HyperMineralization of skull base,medgemma-4b-it,-1,Expert
HP:0002694,narrow,layperson,HyperCalcification of skull base,medgemma-4b-it,-1,Expert
HP:0002694,exact,,Sclerosis of cranial base,medgemma-4b-it,-1,Expert
HP:0002694,exact,,Hyperostosis of skull base,medgemma-4b-it,-1,Expert
HP:0002694,exact,,Hyperossification of skull base,medgemma-4b-it,-1,Expert
HP:0002694,exact,layperson,Dense bone of skull base,medgemma-4b-it,-1,Expert
HP:0031165,exact,direct,Multifocal onset seizures,medgemma-4b-it,-1,Expert
HP:0005103,exact,direct,Cartilaginous ossification of pinnae,medgemma-4b-it,-1,Expert
HP:0005103,exact,direct,Ossification of pinnae,medgemma-4b-it,-1,Expert
HP:0005103,exact,direct,Petrified ear,medgemma-4b-it,-1,Expert
HP:0005103,related,direct,Ear cartilage calcification,medgemma-4b-it,-1,Expert
HP:0009100,exact,,Thick anterior alveolar process of jaw,medgemma-4b-it,-1,Expert
HP:0000418,exact,direct,Decreased width of dorsum of nose,medgemma-4b-it,-1,Expert
HP:0000418,exact,direct,Decreased width of nasal dorsum,medgemma-4b-it,-1,Expert
HP:0000418,exact,direct,Narrow dorsum of nose,medgemma-4b-it,-1,Expert
HP:0000418,exact,direct,Narrow nasal dorsum,medgemma-4b-it,-1,Expert
HP:0000418,exact,direct,Thin dorsum of nose,medgemma-4b-it,-1,Expert
HP:0000418,exact,direct,Thin nasal dorsum,medgemma-4b-it,-1,Expert
HP:0000418,exact,layperson,Thin nasal ridge,medgemma-4b-it,-1,Expert
HP:0000418,exact,layperson,Pinched nose,medgemma-4b-it,-1,Expert
HP:0000418,exact,layperson,Decreased width of nasal ridge,medgemma-4b-it,-1,Expert
HP:0030680,exact,direct,Abnormality of cardiovascular system morphology,medgemma-4b-it,-1,Expert
HP:0030680,exact,direct,Cardiovascular malformations,medgemma-4b-it,-1,Expert
HP:0005873,exact,direct,Polysyndactyly of great toe,medgemma-4b-it,-1,Expert
HP:0005873,exact,,Polysyndactyly of big toe,medgemma-4b-it,-1,Expert
HP:0000268,broad,direct,Turridolichocephaly,medgemma-4b-it,-1,Expert
HP:0000268,narrow,direct,Large dolichocephalic skull,medgemma-4b-it,-1,Expert
HP:0000268,exact,layperson,Tall and narrow skull,medgemma-4b-it,-1,Expert
HP:0000268,exact,layperson,"Long, narrow head",medgemma-4b-it,-1,Expert
HP:0000268,broad,layperson,Narrow skull shape,medgemma-4b-it,-1,Expert
HP:0000268,broad,layperson,Narrow head shape,medgemma-4b-it,-1,Expert
HP:0000268,broad,,Narrow cranium shape,medgemma-4b-it,-1,Expert
HP:0008209,exact,direct,Climacterium praecox,medgemma-4b-it,-1,Expert
HP:0008209,exact,direct,Hypergonadotropic amenorrhea,medgemma-4b-it,-1,Expert
HP:0008209,exact,direct,Menopause praecox,medgemma-4b-it,-1,Expert
HP:0008209,exact,direct,Primary ovarian insufficiency,medgemma-4b-it,-1,Expert
HP:0008209,exact,layperson,Premature ovarian failure,medgemma-4b-it,-1,Expert
HP:0008209,exact,layperson,Premature menopause,medgemma-4b-it,-1,Expert
HP:0008209,exact,layperson,Early menopause,medgemma-4b-it,-1,Expert
HP:0001257,exact,direct,Muscle spasticity,medgemma-4b-it,-1,Expert
HP:0001257,exact,direct,Muscular spasticity,medgemma-4b-it,-1,Expert
HP:0001257,exact,layperson,"Involuntary muscle stiffness, contraction, or spasm",medgemma-4b-it,-1,Expert
HP:0008323,exact,direct,Abnormal rod and cone electroretinogram,medgemma-4b-it,-1,Expert
HP:0011928,exact,layperson,Short innermost toe bone,medgemma-4b-it,-1,Expert
HP:0005927,exact,direct,Hypoplasia/absence of hand bones,medgemma-4b-it,-1,Expert
HP:0005927,exact,layperson,Absent/underdeveloped hand bones,medgemma-4b-it,-1,Expert
HP:0005927,exact,layperson,Absent/small hand bones,medgemma-4b-it,-1,Expert
HP:0005879,exact,direct,Congenital finger contractures,medgemma-4b-it,-1,Expert
HP:0001897,exact,uk,Normocytic anaemia,medgemma-4b-it,-1,Expert
HP:0008846,exact,direct,"Intrauterine growth retardation, severe",medgemma-4b-it,-1,Expert
HP:0008846,exact,layperson,Severe prenatal growth deficiency,medgemma-4b-it,-1,Expert
HP:0000680,exact,direct,Delayed eruption of deciduous teeth,medgemma-4b-it,-1,Expert
HP:0000680,exact,direct,Delayed primary teeth eruption,medgemma-4b-it,-1,Expert
HP:0000680,exact,,Late eruption of primary teeth,medgemma-4b-it,-1,Expert
HP:0000680,exact,layperson,Late eruption of milk teeth,medgemma-4b-it,-1,Expert
HP:0000680,exact,layperson,Late eruption of baby teeth,medgemma-4b-it,-1,Expert
HP:0000680,exact,layperson,Delayed eruption of milk teeth,medgemma-4b-it,-1,Expert
HP:0000680,exact,layperson,Delayed eruption of baby teeth,medgemma-4b-it,-1,Expert
HP:0002681,exact,,Malformation of sella turcica,medgemma-4b-it,-1,Expert
HP:0002681,exact,,Malformation of pituitary fossa,medgemma-4b-it,-1,Expert
HP:0002681,exact,,Malformation of hypophysial fossa,medgemma-4b-it,-1,Expert
HP:0002681,exact,,Deformity of pituitary fossa,medgemma-4b-it,-1,Expert
HP:0002681,exact,,Deformity of hypophysial fossa,medgemma-4b-it,-1,Expert
HP:0002681,exact,,Abnormal shape of sella turcica,medgemma-4b-it,-1,Expert
HP:0002681,exact,,Abnormal shape of pituitary fossa,medgemma-4b-it,-1,Expert
HP:0002681,exact,,Abnormal shape of hypophysial fossa,medgemma-4b-it,-1,Expert
HP:0011063,exact,direct,Abnormality of incisor morphology,medgemma-4b-it,-1,Expert
HP:0011063,exact,layperson,Abnormality of shape of incisor,medgemma-4b-it,-1,Expert
HP:0010085,exact,layperson,Absent/underdeveloped innermost big toe bone,medgemma-4b-it,-1,Expert
HP:0010085,exact,layperson,Absent/small innermost big toe bone,medgemma-4b-it,-1,Expert
HP:0003200,exact,direct,Mitochondrial proliferation in muscle tissue,medgemma-4b-it,-1,Expert
HP:0003200,exact,direct,Ragged red muscle fibers,medgemma-4b-it,-1,Expert
HP:0003200,exact,direct,Ragged-red fibers,medgemma-4b-it,-1,Expert
HP:0003200,exact,uk,Ragged-red muscle fibres,medgemma-4b-it,-1,Expert
HP:0003200,exact,uk,Ragged-red fibres,medgemma-4b-it,-1,Expert
HP:0003200,exact,uk,Ragged red muscle fibres,medgemma-4b-it,-1,Expert
HP:0011099,exact,direct,Spastic hemiplegia,medgemma-4b-it,-1,Expert
HP:0030878,exact,direct,Abnormal pulmonary function test,medgemma-4b-it,-1,Expert
HP:0030878,related,direct,Abnormal spirometry test,medgemma-4b-it,-1,Expert
HP:0002518,exact,direct,Abnormality of the periventricular white matter,medgemma-4b-it,-1,Expert
HP:0002518,related,,Periventricular white matter abnormalities,medgemma-4b-it,-1,Expert
HP:0012433,exact,,Abnormal social interactions,medgemma-4b-it,-1,Expert
HP:0005790,narrow,,Short condylar neck of mandible,medgemma-4b-it,-1,Expert
HP:0005790,narrow,,Short condylar head of mandible,medgemma-4b-it,-1,Expert
HP:0005790,exact,,Short condylar process of mandible,medgemma-4b-it,-1,Expert
HP:0005790,exact,,Decreased length of condylar process of mandible,medgemma-4b-it,-1,Expert
HP:0005790,exact,,Decreased height of condylar process of mandible,medgemma-4b-it,-1,Expert
HP:0005790,exact,,Bilateral hypoplasia of mandibular condylar neck,medgemma-4b-it,-1,Expert
HP:0005790,exact,,Bilateral hypoplasia of mandibular condylar head,medgemma-4b-it,-1,Expert
HP:0005790,exact,,Bilateral hypoplasia of condylar process of mandible,medgemma-4b-it,-1,Expert
HP:0000544,exact,direct,Ophthalmoplegia externa,medgemma-4b-it,-1,Expert
HP:0000544,exact,,Progressive paralysis or weakness of muscles of eye movement,medgemma-4b-it,-1,Expert
HP:0000544,exact,,Progressive paralysis or weakness of muscles of eye motility,medgemma-4b-it,-1,Expert
HP:0000544,exact,layperson,Paralysis or weakness of muscles within or surrounding outer part of eye,medgemma-4b-it,-1,Expert
HP:0000544,exact,,Chronic progressive external ophthalmoplegia,medgemma-4b-it,-1,Expert
HP:0000544,exact,abbreviation,CPEO,medgemma-4b-it,-1,Expert
HP:0100400,exact,direct,Duplication of the distal phalanx of the fifth toe,medgemma-4b-it,-1,Expert
HP:0100400,exact,direct,Partial/complete duplication of the distal phalanx of the 5th toe,medgemma-4b-it,-1,Expert
HP:0100400,exact,layperson,Duplication of the outermost bone of the pinky toe,medgemma-4b-it,-1,Expert
HP:0100400,exact,layperson,Duplication of the outermost bone of the pinkie toe,medgemma-4b-it,-1,Expert
HP:0100400,exact,layperson,Duplication of the outermost bone of the little toe,medgemma-4b-it,-1,Expert
HP:0100400,exact,layperson,Duplication of the outermost bone of the fifth toe,medgemma-4b-it,-1,Expert
HP:0000519,exact,direct,Bilateral congenital cataracts,medgemma-4b-it,-1,Expert
HP:0000519,exact,direct,"Cataract, congenital",medgemma-4b-it,-1,Expert
HP:0000519,exact,direct,Congenital cataract,medgemma-4b-it,-1,Expert
HP:0000519,exact,direct,Congenital cataracts,medgemma-4b-it,-1,Expert
HP:0000519,exact,direct,"Congenital cataracts, bilateral",medgemma-4b-it,-1,Expert
HP:0000519,exact,layperson,Clouding of the lens of the eye at birth,medgemma-4b-it,-1,Expert
HP:0031953,exact,direct,Senile gait,medgemma-4b-it,-1,Expert
HP:0005916,exact,direct,Abnormal shape of metacarpal bones,medgemma-4b-it,-1,Expert
HP:0005916,exact,layperson,Abnormal shape of long bones of hand,medgemma-4b-it,-1,Expert
HP:0005266,exact,direct,Intestinal polyps,medgemma-4b-it,-1,Expert
HP:0001377,exact,direct,Reduced elbow extension,medgemma-4b-it,-1,Expert
HP:0001377,exact,layperson,Restricted elbow extension,medgemma-4b-it,-1,Expert
HP:0001377,exact,layperson,Limited forearm extension,medgemma-4b-it,-1,Expert
HP:0001377,exact,layperson,Limited extension at elbows,medgemma-4b-it,-1,Expert
HP:0001377,exact,layperson,Limitation of elbow extension,medgemma-4b-it,-1,Expert
HP:0001377,exact,layperson,Elbow limited extension,medgemma-4b-it,-1,Expert
HP:0001377,exact,layperson,Decreased elbow extension,medgemma-4b-it,-1,Expert
HP:0002671,exact,direct,Basal cell carcinomas,medgemma-4b-it,-1,Expert
HP:0002671,exact,direct,Basal cell epithelioma,medgemma-4b-it,-1,Expert
HP:0002671,exact,direct,Basal cell nevus,medgemma-4b-it,-1,Expert
HP:0002671,exact,direct,Basalioma,medgemma-4b-it,-1,Expert
HP:0011843,exact,direct,Abnormality of musculoskeletal physiology,medgemma-4b-it,-1,Expert
HP:0034415,exact,direct,Avulsed tooth,medgemma-4b-it,-1,Expert
HP:0034415,exact,direct,Teeth: avulsion,medgemma-4b-it,-1,Expert
HP:0000654,exact,direct,Decreased ERG amplitude,medgemma-4b-it,-1,Expert
HP:0000654,exact,direct,Decreased amplitudes on flash visual electroretinogram,medgemma-4b-it,-1,Expert
HP:0000654,exact,direct,Decreased electroretinogram,medgemma-4b-it,-1,Expert
HP:0000654,exact,direct,Decreased electroretinogram amplitude,medgemma-4b-it,-1,Expert
HP:0000654,exact,direct,Decreased electroretinogram response,medgemma-4b-it,-1,Expert
HP:0000654,exact,direct,Flattened or absent electroretinogram,medgemma-4b-it,-1,Expert
HP:0000654,exact,direct,Reduced ERG,medgemma-4b-it,-1,Expert
HP:0000654,exact,direct,Reduced electroretinogram,medgemma-4b-it,-1,Expert
HP:0000654,exact,direct,Reduced or abolished electroretinogram,medgemma-4b-it,-1,Expert
HP:0004742,exact,direct,Abnormal collecting system,medgemma-4b-it,-1,Expert
HP:0004742,exact,direct,Abnormality of the renal collecting system,medgemma-4b-it,-1,Expert
HP:0004742,exact,direct,Renal collecting system anomalies,medgemma-4b-it,-1,Expert
HP:0006584,exact,direct,Small abnormally formed scapula,medgemma-4b-it,-1,Expert
HP:0006584,exact,layperson,Small abnormally formed shoulder blade,medgemma-4b-it,-1,Expert
HP:0011094,exact,direct,Supraocclusion,medgemma-4b-it,-1,Expert
HP:0011094,narrow,layperson,Scissors bite,medgemma-4b-it,-1,Expert
HP:0011094,narrow,layperson,Deep overbite,medgemma-4b-it,-1,Expert
HP:0011094,narrow,layperson,Deep bite,medgemma-4b-it,-1,Expert
HP:0011094,exact,layperson,Overbite,medgemma-4b-it,-1,Expert
HP:0011094,exact,,Increased overlap of upper and lower incisors,medgemma-4b-it,-1,Expert
HP:0025124,exact,direct,Enamel with tendency to chip,medgemma-4b-it,-1,Expert
HP:0025124,exact,direct,Spontaneous tooth fracture,medgemma-4b-it,-1,Expert
HP:0000190,exact,direct,Abnormality of oral frenula,medgemma-4b-it,-1,Expert
HP:0000190,exact,,Abnormality of oral frenum,medgemma-4b-it,-1,Expert
HP:0000190,exact,,Abnormality of lingual frenum,medgemma-4b-it,-1,Expert
HP:0000190,exact,,Abnormality of frenum of tongue,medgemma-4b-it,-1,Expert
HP:0009591,exact,direct,Abnormal eighth cranial nerve morphology,medgemma-4b-it,-1,Expert
HP:0009591,exact,direct,Abnormality of the VIIIth cranial nerve,medgemma-4b-it,-1,Expert
HP:0009591,exact,direct,Abnormality of the vestibulocochlear nerve,medgemma-4b-it,-1,Expert
HP:0000421,exact,layperson,Nosebleed,medgemma-4b-it,-1,Expert
HP:0000421,exact,layperson,Nose bleeding,medgemma-4b-it,-1,Expert
HP:0000421,exact,layperson,Nose bleed,medgemma-4b-it,-1,Lay-person
HP:0000421,exact,,Nasal hemorrhage,medgemma-4b-it,-1,Expert
HP:0000421,exact,uk,Nasal haemorrhage,medgemma-4b-it,-1,Expert
HP:0000421,exact,layperson,Frequent nosebleeds,medgemma-4b-it,-1,Expert
HP:0000421,exact,layperson,Bloody nose,medgemma-4b-it,-1,Lay-person
HP:0033658,exact,direct,Blesovsky syndrome,medgemma-4b-it,-1,Expert
HP:0033658,exact,direct,Comet tail sign,medgemma-4b-it,-1,Expert
HP:0033658,exact,direct,Folded lung syndrome,medgemma-4b-it,-1,Expert
HP:0033658,exact,direct,Helical atelectasis,medgemma-4b-it,-1,Expert
HP:0033658,exact,direct,Pleural pseudotumor,medgemma-4b-it,-1,Expert
HP:0033658,exact,direct,Pleuroma,medgemma-4b-it,-1,Expert
HP:0000078,related,layperson,Abnormality of the reproductive system,medgemma-4b-it,-1,Expert
HP:0000078,exact,layperson,Genital defects,medgemma-4b-it,-1,Expert
HP:0000078,exact,layperson,Genital anomalies,medgemma-4b-it,-1,Expert
HP:0000078,exact,layperson,Genital abnormality,medgemma-4b-it,-1,Expert
HP:0000078,exact,layperson,Genital abnormalities,medgemma-4b-it,-1,Expert
HP:0001249,exact,direct,Nonprogressive intellectual disability,medgemma-4b-it,-1,Expert
HP:0001249,exact,direct,Nonprogressive mental retardation,medgemma-4b-it,-1,Expert
HP:0001249,related,direct,Dull intelligence,medgemma-4b-it,-1,Expert
HP:0001249,related,layperson,Poor school performance,medgemma-4b-it,-1,Expert
HP:0001249,related,layperson,Low intelligence,medgemma-4b-it,-1,Expert
HP:0001249,exact,layperson,Mental-retardation,medgemma-4b-it,-1,Expert
HP:0001249,exact,layperson,"Mental retardation, nonspecific",medgemma-4b-it,-1,Expert
HP:0001249,exact,layperson,Mental retardation,medgemma-4b-it,-1,Expert
HP:0001249,exact,layperson,Mental deficiency,medgemma-4b-it,-1,Expert
HP:0009803,exact,direct,Hypoplastic phalanges,medgemma-4b-it,-1,Expert
HP:0009803,exact,direct,Hypoplastic phalanges of hands,medgemma-4b-it,-1,Expert
HP:0009803,exact,direct,Hypoplastic/small phalanges of the hand,medgemma-4b-it,-1,Expert
HP:0009803,exact,direct,Phalangeal hypoplasia,medgemma-4b-it,-1,Expert
HP:0009803,exact,direct,Rudimentary phalanges,medgemma-4b-it,-1,Expert
HP:0009803,exact,direct,Short phalanges,medgemma-4b-it,-1,Expert
HP:0009803,exact,direct,Shortened phalanges,medgemma-4b-it,-1,Expert
HP:0009803,exact,layperson,Short finger bones,medgemma-4b-it,-1,Expert
HP:0000311,broad,direct,"Round, full face",medgemma-4b-it,-1,Expert
HP:0000311,exact,direct,Round facies,medgemma-4b-it,-1,Expert
HP:0000311,exact,layperson,Round facial shape,medgemma-4b-it,-1,Expert
HP:0000311,exact,layperson,Round facial appearance,medgemma-4b-it,-1,Expert
HP:0000311,exact,layperson,Circular face,medgemma-4b-it,-1,Expert
HP:0010944,exact,direct,Abnormality of the renal pelvis,medgemma-4b-it,-1,Expert
HP:0100544,exact,direct,Cardiac neoplasm,medgemma-4b-it,-1,Expert
HP:0100544,related,direct,Cardiac neoplasia,medgemma-4b-it,-1,Expert
HP:0100544,exact,uk,Heart tumour,medgemma-4b-it,-1,Expert
HP:0100544,exact,layperson,Heart tumor,medgemma-4b-it,-1,Expert
HP:0032618,exact,direct,Renal parenchymal necrosis,medgemma-4b-it,-1,Expert
HP:0007165,exact,direct,Periventricular gray matter heterotopia,medgemma-4b-it,-1,Expert
HP:0007165,exact,,Subependymal neuronal heterotopia,medgemma-4b-it,-1,Expert
HP:0007165,exact,uk,Subependymal grey matter heterotopia,medgemma-4b-it,-1,Expert
HP:0007165,exact,,Subependymal gray matter heterotopia,medgemma-4b-it,-1,Expert
HP:0007165,exact,,Periventricular neuronal heterotopia,medgemma-4b-it,-1,Expert
HP:0007165,exact,uk,Periventricular grey matter heterotopia,medgemma-4b-it,-1,Expert
HP:0002380,exact,direct,Fasciculation,medgemma-4b-it,-1,Expert
HP:0002380,exact,direct,Muscle fasciculation,medgemma-4b-it,-1,Expert
HP:0002380,exact,layperson,Muscle twitch,medgemma-4b-it,-1,Expert
HP:0001962,exact,direct,Heart palpitations,medgemma-4b-it,-1,Expert
HP:0001962,exact,layperson,Skipped heart beat,medgemma-4b-it,-1,Expert
HP:0001962,exact,layperson,Missed heart beat,medgemma-4b-it,-1,Expert
HP:0010537,exact,direct,Diastasis of cranial sutures,medgemma-4b-it,-1,Expert
HP:0010537,exact,direct,Sutural diastasis,medgemma-4b-it,-1,Expert
HP:0010537,exact,direct,Widened cranial sutures,medgemma-4b-it,-1,Expert
HP:0010537,exact,direct,open cranial sutures,medgemma-4b-it,-1,Expert
HP:0010537,exact,layperson,Persistent open cranial sutures,medgemma-4b-it,-1,Expert
HP:0010537,exact,layperson,Large cranial suture,medgemma-4b-it,-1,Expert
HP:0010537,exact,,Broad cranial sutures,medgemma-4b-it,-1,Expert
HP:0001572,exact,direct,Megalodontia,medgemma-4b-it,-1,Expert
HP:0001572,related,layperson,Tooth mass excess,medgemma-4b-it,-1,Expert
HP:0001572,exact,layperson,Large tooth,medgemma-4b-it,-1,Expert
HP:0001572,exact,layperson,Increased width of tooth,medgemma-4b-it,-1,Expert
HP:0001572,exact,layperson,Increased size of tooth,medgemma-4b-it,-1,Expert
HP:0001572,broad,,Hypertrophy of tooth,medgemma-4b-it,-1,Expert
HP:0001572,broad,,Hyperplasia of tooth,medgemma-4b-it,-1,Expert
HP:0000972,exact,direct,Hyperkeratosis of palms and soles,medgemma-4b-it,-1,Expert
HP:0000972,exact,direct,Hyperkeratosis of the palms and soles,medgemma-4b-it,-1,Expert
HP:0000972,exact,direct,Palmoplantar keratoses,medgemma-4b-it,-1,Expert
HP:0000972,exact,direct,Palmoplantar keratosis,medgemma-4b-it,-1,Expert
HP:0000972,exact,direct,Thick palms and soles,medgemma-4b-it,-1,Expert
HP:0000972,exact,direct,Thickened palms and soles,medgemma-4b-it,-1,Expert
HP:0000972,exact,layperson,Thickening of the outer layer of the skin of the palms and soles,medgemma-4b-it,-1,Expert
HP:0007396,exact,layperson,Sun sensitivity occurring early in life,medgemma-4b-it,-1,Expert
HP:0006721,exact,direct,Acute lymphatic leukemia,medgemma-4b-it,-1,Expert
HP:0006721,exact,direct,Acute lymphocytic leukemia,medgemma-4b-it,-1,Expert
HP:0006721,exact,direct,Acute lymphoid leukemia,medgemma-4b-it,-1,Expert
HP:0006721,exact,uk,Acute lymphoid leukaemia,medgemma-4b-it,-1,Expert
HP:0006721,exact,uk,Acute lymphocytic leukaemia,medgemma-4b-it,-1,Expert
HP:0006721,exact,uk,Acute lymphoblastic leukaemia,medgemma-4b-it,-1,Expert
HP:0006721,exact,uk,Acute lymphatic leukaemia,medgemma-4b-it,-1,Expert
HP:0000283,exact,,Wide facies,medgemma-4b-it,-1,Expert
HP:0000283,exact,layperson,Wide face,medgemma-4b-it,-1,Expert
HP:0000283,exact,,Transverse hyperplasia of face,medgemma-4b-it,-1,Expert
HP:0000283,exact,,Transverse excess of face,medgemma-4b-it,-1,Expert
HP:0000283,exact,layperson,Increased width of face,medgemma-4b-it,-1,Expert
HP:0000283,exact,,Increased transverse dimension of face,medgemma-4b-it,-1,Expert
HP:0000283,exact,,Increased horizontal dimension of face,medgemma-4b-it,-1,Expert
HP:0000283,exact,layperson,Increased breadth of face,medgemma-4b-it,-1,Expert
HP:0000283,exact,,Horizontal hyperplasia of face,medgemma-4b-it,-1,Expert
HP:0000283,exact,,Horizontal excess of face,medgemma-4b-it,-1,Expert
HP:0000283,exact,,Broad facies,medgemma-4b-it,-1,Expert
HP:0006812,exact,direct,White matter abnormalities in the posterior periventricular region,medgemma-4b-it,-1,Expert
HP:0005272,exact,direct,"Nasolabial crease, prominent",medgemma-4b-it,-1,Expert
HP:0005272,exact,layperson,Prominent smile lines,medgemma-4b-it,-1,Expert
HP:0005272,exact,,Prominent nasolabial groove,medgemma-4b-it,-1,Expert
HP:0005272,exact,layperson,Prominent laugh lines,medgemma-4b-it,-1,Expert
HP:0005272,exact,layperson,Deep smile lines,medgemma-4b-it,-1,Expert
HP:0005272,exact,,Deep nasolabial groove,medgemma-4b-it,-1,Expert
HP:0005272,exact,,Deep nasolabial fold,medgemma-4b-it,-1,Expert
HP:0005272,exact,,Deep nasolabial crease,medgemma-4b-it,-1,Expert
HP:0005272,exact,layperson,Deep laugh lines,medgemma-4b-it,-1,Expert
HP:0000982,exact,direct,Keratoderma,medgemma-4b-it,-1,Expert
HP:0000982,exact,direct,Palmar and plantar keratoderma,medgemma-4b-it,-1,Expert
HP:0000982,exact,layperson,Thickening of palms and soles,medgemma-4b-it,-1,Expert
HP:0010827,exact,direct,Abnormality of the facial nerve,medgemma-4b-it,-1,Expert
HP:0009606,exact,layperson,Complete duplication of outermost bone of the thumb,medgemma-4b-it,-1,Expert
HP:0010679,exact,direct,"Elevated alkaline phosphatase, liver/bone/kidney",medgemma-4b-it,-1,Expert
HP:0010679,exact,abbreviation,Elevated tissue non-specific ALP,medgemma-4b-it,-1,Expert
HP:0009933,exact,direct,"Naris, narrow",medgemma-4b-it,-1,Expert
HP:0009933,exact,direct,"Naris, slit-like",medgemma-4b-it,-1,Expert
HP:0009933,exact,direct,Thin nares,medgemma-4b-it,-1,Expert
HP:0009933,related,layperson,Collapsed nostrils,medgemma-4b-it,-1,Expert
HP:0009933,exact,layperson,Thin nostrils,medgemma-4b-it,-1,Expert
HP:0009933,exact,layperson,Small nostrils,medgemma-4b-it,-1,Expert
HP:0009933,exact,layperson,Slit-like nostrils,medgemma-4b-it,-1,Expert
HP:0009933,exact,layperson,Narrow nostrils,medgemma-4b-it,-1,Expert
HP:0009933,exact,,Narrow nares,medgemma-4b-it,-1,Expert
HP:0001067,exact,direct,Neurofibromata,medgemma-4b-it,-1,Expert
HP:0001067,exact,direct,Neurofibromatosis,medgemma-4b-it,-1,Expert
HP:0001067,related,direct,multiple neurofibromas,medgemma-4b-it,-1,Expert
HP:0000174,exact,direct,Palate abnormality,medgemma-4b-it,-1,Expert
HP:0000174,exact,,Palatal anomaly,medgemma-4b-it,-1,Expert
HP:0000174,exact,layperson,Abnormality of the roof of the mouth,medgemma-4b-it,-1,Expert
HP:0000174,exact,layperson,Abnormality of the palate,medgemma-4b-it,-1,Expert
HP:0012809,exact,layperson,Thin nasal base,medgemma-4b-it,-1,Expert
HP:0012809,exact,layperson,Thin base of nose,medgemma-4b-it,-1,Expert
HP:0012809,exact,layperson,Narrow base of nose,medgemma-4b-it,-1,Expert
HP:0012809,exact,layperson,Decreased width of nasal base,medgemma-4b-it,-1,Expert
HP:0012809,exact,layperson,Decreased width of base of nose,medgemma-4b-it,-1,Expert
HP:0010993,exact,direct,Abnormality of the cerebral medulla,medgemma-4b-it,-1,Expert
HP:0010993,exact,direct,Abnormality of the cerebral subcortex,medgemma-4b-it,-1,Expert
HP:0010026,exact,layperson,Absent/underdeveloped 1st long bone of hand,medgemma-4b-it,-1,Expert
HP:0010026,exact,layperson,Absent/small 1st long bone of hand,medgemma-4b-it,-1,Expert
HP:0007517,exact,direct,Furrowed palms and soles,medgemma-4b-it,-1,Expert
HP:0007517,exact,layperson,Wrinkled skin of hands and feet,medgemma-4b-it,-1,Expert
HP:0007517,exact,layperson,Wrinkled palms and soles,medgemma-4b-it,-1,Expert
HP:0007517,exact,layperson,Increased wrinkles of palms and soles,medgemma-4b-it,-1,Expert
HP:0007517,exact,layperson,Excessive wrinkled skin of palms and soles,medgemma-4b-it,-1,Expert
HP:0005600,exact,direct,Giant pigmented hairy nevus,medgemma-4b-it,-1,Expert
HP:0005600,exact,direct,Giant pigmented nevus,medgemma-4b-it,-1,Expert
HP:0005600,exact,layperson,Giant pigmented mole,medgemma-4b-it,-1,Expert
HP:0007427,related,,Reticulate skin pigmentation,medgemma-4b-it,-1,Expert
HP:0007427,related,,Reticular pigmentation pattern,medgemma-4b-it,-1,Expert
HP:0000606,narrow,,Malformation of the periorbital region,medgemma-4b-it,-1,Expert
HP:0000606,narrow,,Deformity of the periorbital region,medgemma-4b-it,-1,Expert
HP:0000606,narrow,,Anomaly of the periorbital region,medgemma-4b-it,-1,Expert
HP:0000606,narrow,layperson,Abnormality of the region around the eye socket,medgemma-4b-it,-1,Expert
HP:0000606,narrow,layperson,Abnormality of the region around the eye,medgemma-4b-it,-1,Expert
HP:0100832,exact,direct,Flitting flies,medgemma-4b-it,-1,Lay-person
HP:0100832,exact,direct,Mouches volantes,medgemma-4b-it,-1,Expert
HP:0100832,exact,direct,Myodeopsia,medgemma-4b-it,-1,Expert
HP:0100832,exact,direct,Myodesopsia,medgemma-4b-it,-1,Expert
HP:0100832,exact,direct,Vitreous condensations,medgemma-4b-it,-1,Expert
HP:0100832,exact,direct,Vitreous debris,medgemma-4b-it,-1,Expert
HP:0100832,exact,direct,Vitreous opacities,medgemma-4b-it,-1,Expert
HP:0100832,exact,direct,Vitreous veils,medgemma-4b-it,-1,Expert
HP:0100832,exact,layperson,Spots in front of eyes,medgemma-4b-it,-1,Lay-person
HP:0100832,exact,layperson,Eye floaters,medgemma-4b-it,-1,Expert
HP:0011479,exact,direct,Abnormality of the lacrimal punctum,medgemma-4b-it,-1,Expert
HP:0010044,exact,direct,Hypoplastic fourth metacarpal,medgemma-4b-it,-1,Expert
HP:0010044,exact,direct,Short 4th metacarpals,medgemma-4b-it,-1,Expert
HP:0010044,exact,direct,Short fourth metacarpals,medgemma-4b-it,-1,Expert
HP:0010044,exact,layperson,Shortened 4th long bone of hand,medgemma-4b-it,-1,Expert
HP:0006380,exact,direct,Flexion contracture of knees,medgemma-4b-it,-1,Expert
HP:0006380,exact,direct,Flexion contractures of knees,medgemma-4b-it,-1,Expert
HP:0006380,exact,direct,Flexion deformity of the knee,medgemma-4b-it,-1,Expert
HP:0006380,exact,direct,Knee flexion contractures,medgemma-4b-it,-1,Expert
HP:0006380,exact,direct,Knee flexion deformity,medgemma-4b-it,-1,Expert
HP:0006380,exact,,Flexion contractures at both knees,medgemma-4b-it,-1,Expert
HP:0006380,broad,layperson,Inability to straighten knee,medgemma-4b-it,-1,Expert
HP:0008527,exact,direct,Bilateral congenital sensorineural deafness,medgemma-4b-it,-1,Expert
HP:0008527,exact,direct,Congenital neurosensory deafness,medgemma-4b-it,-1,Expert
HP:0008527,exact,direct,Congenital perceptive deafness,medgemma-4b-it,-1,Expert
HP:0008527,exact,direct,Congenital sensorineural deafness,medgemma-4b-it,-1,Expert
HP:0008527,exact,direct,Congenital sensorineural hearing loss,medgemma-4b-it,-1,Expert
HP:0008527,exact,direct,"Hearing loss, congenital sensorineural",medgemma-4b-it,-1,Expert
HP:0004432,exact,direct,Agammaglobulinaemia,medgemma-4b-it,-1,Expert
HP:0012507,exact,,Weakness of orbicularis oculi muscles,medgemma-4b-it,-1,Expert
HP:0000327,exact,direct,Hypoplastic maxillary bones,medgemma-4b-it,-1,Expert
HP:0000327,related,,Retrusion of upper jaw bones,medgemma-4b-it,-1,Expert
HP:0000327,related,,Retrognathia of upper jaw,medgemma-4b-it,-1,Expert
HP:0000327,related,,Hypotrophic upper jaw bones,medgemma-4b-it,-1,Expert
HP:0000327,related,,Hypotrophic maxilla,medgemma-4b-it,-1,Expert
HP:0000327,narrow,,Decreased projection of upper jaw,medgemma-4b-it,-1,Expert
HP:0000327,narrow,,Decreased projection of maxilla,medgemma-4b-it,-1,Expert
HP:0000327,exact,layperson,Upper jaw retrusion,medgemma-4b-it,-1,Expert
HP:0000327,exact,layperson,Upper jaw deficiency,medgemma-4b-it,-1,Expert
HP:0000327,exact,layperson,Small upper jaw bones,medgemma-4b-it,-1,Expert
HP:0000327,exact,layperson,Small upper jaw,medgemma-4b-it,-1,Expert
HP:0000327,exact,layperson,Small maxilla,medgemma-4b-it,-1,Expert
HP:0000327,exact,,Micromaxilla,medgemma-4b-it,-1,Expert
HP:0000327,exact,layperson,Maxillary retrusion,medgemma-4b-it,-1,Expert
HP:0000327,exact,,Maxillary retrognathia,medgemma-4b-it,-1,Expert
HP:0000327,exact,,Maxillary micrognathia,medgemma-4b-it,-1,Expert
HP:0000327,exact,,Maxillary hypoplasia,medgemma-4b-it,-1,Expert
HP:0000327,exact,layperson,Maxillary deficiency,medgemma-4b-it,-1,Expert
HP:0000327,exact,,Hypoplasia of upper jaw bones,medgemma-4b-it,-1,Expert
HP:0000327,exact,layperson,Decreased size of upper jaw,medgemma-4b-it,-1,Expert
HP:0000327,exact,layperson,Decreased size of maxilla,medgemma-4b-it,-1,Expert
HP:0000327,broad,layperson,Deficiency of upper jaw bones,medgemma-4b-it,-1,Expert
HP:0003270,exact,direct,Abdominal distension,medgemma-4b-it,-1,Expert
HP:0003270,exact,direct,Distended abdomen,medgemma-4b-it,-1,Expert
HP:0003270,exact,layperson,Bloating,medgemma-4b-it,-1,Expert
HP:0003270,exact,layperson,Belly bloating,medgemma-4b-it,-1,Lay-person
HP:0003270,exact,layperson,Abdominal swelling,medgemma-4b-it,-1,Expert
HP:0003270,exact,layperson,Abdominal bloating,medgemma-4b-it,-1,Expert
HP:0006937,exact,direct,Decreased distal touch sense,medgemma-4b-it,-1,Expert
HP:0006937,exact,layperson,Decreased touch sensation in extremities,medgemma-4b-it,-1,Expert
HP:0000925,related,layperson,Abnormality of the backbone,medgemma-4b-it,-1,Expert
HP:0000925,exact,layperson,Abnormality of the spine,medgemma-4b-it,-1,Expert
HP:0000925,exact,layperson,Abnormal vertebral column,medgemma-4b-it,-1,Expert
HP:0000925,exact,layperson,Abnormal spine,medgemma-4b-it,-1,Expert
HP:0009588,exact,direct,Acoustic Neuroma,medgemma-4b-it,-1,Expert
HP:0009588,exact,direct,Vestibular Schwann cell tumor,medgemma-4b-it,-1,Expert
HP:0009588,exact,direct,Vestibular neurilemmoma,medgemma-4b-it,-1,Expert
HP:0009588,exact,direct,Vestibular neurinoma,medgemma-4b-it,-1,Expert
HP:0009588,exact,direct,Vestibular neurolemmoma,medgemma-4b-it,-1,Expert
HP:0009588,exact,uk,Vestibular Schwann cell tumour,medgemma-4b-it,-1,Expert
HP:0008151,exact,direct,Increased international normalized ratio,medgemma-4b-it,-1,Expert
HP:0008151,exact,direct,Low factor II activity,medgemma-4b-it,-1,Expert
HP:0008151,exact,direct,Reduced factor II activity,medgemma-4b-it,-1,Expert
HP:0008151,exact,direct,Reduced prothrombin activity,medgemma-4b-it,-1,Expert
HP:0008151,exact,abbreviation,Prolonged PT,medgemma-4b-it,-1,Expert
HP:0008151,exact,uk,Increased international normalised ratio,medgemma-4b-it,-1,Expert
HP:0008151,exact,abbreviation,Increased INR,medgemma-4b-it,-1,Expert
HP:0001885,exact,layperson,Short second toe,medgemma-4b-it,-1,Expert
HP:0010864,exact,layperson,Severe mental retardation,medgemma-4b-it,-1,Expert
HP:0010864,exact,layperson,"Mental retardation, severe",medgemma-4b-it,-1,Expert
HP:0010864,exact,layperson,"Intellectual disability, severe",medgemma-4b-it,-1,Expert
HP:0010864,exact,layperson,Early and severe mental retardation,medgemma-4b-it,-1,Expert
HP:0002167,exact,direct,Abnormal speech,medgemma-4b-it,-1,Expert
HP:0002167,exact,direct,Abnormal vocalization,medgemma-4b-it,-1,Expert
HP:0002167,exact,direct,Abnormality of speech or vocalization,medgemma-4b-it,-1,Expert
HP:0002167,exact,uk,Abnormal vocalisation,medgemma-4b-it,-1,Expert
HP:0006486,exact,direct,Dental root anomaly,medgemma-4b-it,-1,Expert
HP:0006486,exact,layperson,Abnormality of tooth root,medgemma-4b-it,-1,Expert
HP:0006486,exact,layperson,Abnormality of the dental root,medgemma-4b-it,-1,Expert
HP:0004180,exact,direct,Hypoplastic/small distal phalanx of the 3rd finger,medgemma-4b-it,-1,Expert
HP:0004180,exact,direct,Short distal phalanx of the third finger,medgemma-4b-it,-1,Expert
HP:0004180,exact,direct,Short terminal phalanx of middle finger,medgemma-4b-it,-1,Expert
HP:0004180,exact,layperson,Short outermost bone of the middle finger,medgemma-4b-it,-1,Expert
HP:0001780,exact,layperson,Abnormality of toe,medgemma-4b-it,-1,Expert
HP:0001780,exact,layperson,Abnormalities of the toes,medgemma-4b-it,-1,Expert
HP:0001852,exact,direct,Space between great toe and second toe,medgemma-4b-it,-1,Expert
HP:0001852,exact,layperson,Widened gap first and second toe,medgemma-4b-it,-1,Expert
HP:0001852,exact,layperson,Widened gap 1st-2nd toes,medgemma-4b-it,-1,Expert
HP:0001852,exact,layperson,Widely spaced first and second toes,medgemma-4b-it,-1,Expert
HP:0001852,exact,layperson,Widely spaced 1st-2nd toes,medgemma-4b-it,-1,Expert
HP:0001852,exact,layperson,Wide-spaced big toe,medgemma-4b-it,-1,Expert
HP:0001852,exact,layperson,Wide space between first and second toes,medgemma-4b-it,-1,Expert
HP:0001852,exact,layperson,"Wide space between 1st, 2nd toes",medgemma-4b-it,-1,Expert
HP:0001852,exact,layperson,Sandal gap between first and second toes,medgemma-4b-it,-1,Expert
HP:0001852,exact,layperson,Increased space between first and second toes,medgemma-4b-it,-1,Expert
HP:0001852,exact,layperson,Gap between first and second toe,medgemma-4b-it,-1,Expert
HP:0001852,exact,layperson,Gap between 1st and 2nd toes,medgemma-4b-it,-1,Expert
HP:0007083,exact,direct,Hyperreflexia in knees,medgemma-4b-it,-1,Expert
HP:0007083,related,layperson,Brisk knee jerk,medgemma-4b-it,-1,Expert
HP:0007083,exact,layperson,Overactive knee reflex,medgemma-4b-it,-1,Expert
HP:0012585,exact,layperson,Kidney degeneration,medgemma-4b-it,-1,Expert
HP:0000321,exact,,Square facies,medgemma-4b-it,-1,Expert
HP:0000321,exact,layperson,Square facial shape,medgemma-4b-it,-1,Expert
HP:0032786,exact,direct,Migrating partial seizure,medgemma-4b-it,-1,Expert
HP:0007906,exact,direct,Elevated intraocular pressure,medgemma-4b-it,-1,Expert
HP:0007906,exact,direct,Increased intraocular pressure,medgemma-4b-it,-1,Expert
HP:0007906,exact,direct,Raised intraocular pressure,medgemma-4b-it,-1,Expert
HP:0007906,exact,abbreviation,Raised IOP,medgemma-4b-it,-1,Expert
HP:0007906,exact,abbreviation,Increased IOP,medgemma-4b-it,-1,Expert
HP:0007906,exact,layperson,High eye pressure,medgemma-4b-it,-1,Lay-person
HP:0007906,exact,abbreviation,Elevated IOP,medgemma-4b-it,-1,Expert
HP:0001258,exact,direct,"Spastic paraplegia, lower limb",medgemma-4b-it,-1,Expert
HP:0003026,exact,direct,Short tubular bones,medgemma-4b-it,-1,Expert
HP:0003026,exact,direct,shortened long tubular bones,medgemma-4b-it,-1,Expert
HP:0003026,exact,layperson,Long bone shortening,medgemma-4b-it,-1,Expert
HP:0000075,exact,direct,Duplex kidney,medgemma-4b-it,-1,Expert
HP:0000075,exact,direct,Duplicated kidney,medgemma-4b-it,-1,Expert
HP:0000075,related,direct,Supernumerary kidney,medgemma-4b-it,-1,Expert
HP:0000075,exact,layperson,Extra kidney,medgemma-4b-it,-1,Expert
HP:0011432,exact,direct,Elevated maternal serum alpha-fetoprotein,medgemma-4b-it,-1,Expert
HP:0011432,exact,direct,High MSAFP MoM,medgemma-4b-it,-1,Expert
HP:0011432,exact,direct,High maternal circulating alpha-fetoprotein concentration,medgemma-4b-it,-1,Expert
HP:0011432,exact,direct,High maternal serum alpha-fetoprotein,medgemma-4b-it,-1,Expert
HP:0011432,exact,direct,High maternal serum alpha-fetoprotein MoM,medgemma-4b-it,-1,Expert
HP:0011432,exact,direct,Increased maternal serum alpha-fetoprotein level,medgemma-4b-it,-1,Expert
HP:0011432,exact,direct,MSAFP MoM>2.5,medgemma-4b-it,-1,Expert
HP:0004686,exact,direct,Hypoplasia of the 3rd metatarsal bone,medgemma-4b-it,-1,Expert
HP:0004686,exact,layperson,Short 3rd long bone of foot,medgemma-4b-it,-1,Expert
HP:0000158,exact,direct,Hyperplasia of the tongue,medgemma-4b-it,-1,Expert
HP:0000158,exact,direct,Hypertrophy of the tongue,medgemma-4b-it,-1,Expert
HP:0000158,exact,direct,Tongue hypertrophy,medgemma-4b-it,-1,Expert
HP:0000158,exact,layperson,Large tongue,medgemma-4b-it,-1,Expert
HP:0000158,exact,layperson,Increased size of tongue,medgemma-4b-it,-1,Expert
HP:0000158,exact,layperson,Abnormally large tongue,medgemma-4b-it,-1,Expert
HP:0000158,broad,,Lingual hypertrophy,medgemma-4b-it,-1,Expert
HP:0000158,broad,,Lingual hyperplasia,medgemma-4b-it,-1,Expert
HP:0000158,broad,,Glossal hypertrophy,medgemma-4b-it,-1,Expert
HP:0011061,exact,layperson,Abnormality of tooth structure,medgemma-4b-it,-1,Expert
HP:0011061,exact,layperson,Abnormality of tooth part,medgemma-4b-it,-1,Expert
HP:0001538,exact,direct,Abdominal protuberance,medgemma-4b-it,-1,Expert
HP:0001538,exact,layperson,Extended belly,medgemma-4b-it,-1,Expert
HP:0001538,exact,layperson,Belly sticks out,medgemma-4b-it,-1,Expert
HP:0001344,exact,layperson,Nonverbal,medgemma-4b-it,-1,Expert
HP:0001344,exact,layperson,No speech or language development,medgemma-4b-it,-1,Expert
HP:0001344,exact,layperson,No speech development,medgemma-4b-it,-1,Expert
HP:0001344,exact,layperson,Lack of speech,medgemma-4b-it,-1,Expert
HP:0001344,exact,layperson,Lack of language development,medgemma-4b-it,-1,Expert
HP:0001344,exact,layperson,Absent speech development,medgemma-4b-it,-1,Expert
HP:0006371,exact,layperson,Wide shaft of long bone,medgemma-4b-it,-1,Expert
HP:0006371,exact,layperson,Broad shaft of long bone,medgemma-4b-it,-1,Expert
HP:0000164,related,layperson,Tooth abnormalities,medgemma-4b-it,-1,Expert
HP:0000164,related,layperson,Dental problems,medgemma-4b-it,-1,Expert
HP:0000164,related,plural,Dental problems,medgemma-4b-it,-1,Expert
HP:0000164,related,layperson,Dental problem,medgemma-4b-it,-1,Expert
HP:0000164,related,layperson,Abnormality of the teeth,medgemma-4b-it,-1,Expert
HP:0000164,exact,plural,Dental anomalies,medgemma-4b-it,-1,Expert
HP:0000164,exact,layperson,Dental abnormality,medgemma-4b-it,-1,Expert
HP:0000164,exact,layperson,Dental abnormalities,medgemma-4b-it,-1,Expert
HP:0000164,exact,plural,Dental abnormalities,medgemma-4b-it,-1,Expert
HP:0000164,exact,layperson,Abnormal teeth,medgemma-4b-it,-1,Expert
HP:0000164,exact,layperson,Abnormal dentition,medgemma-4b-it,-1,Expert
HP:0010819,exact,direct,Astatic seizure,medgemma-4b-it,-1,Expert
HP:0010819,exact,direct,Drop attacks,medgemma-4b-it,-1,Expert
HP:0010819,exact,direct,Hypotonic seizure,medgemma-4b-it,-1,Expert
HP:0010819,related,layperson,Sudden loss of muscle tone,medgemma-4b-it,-1,Expert
HP:0010819,related,plural,Hypotonic seizures,medgemma-4b-it,-1,Expert
HP:0010819,exact,plural,Drop seizures,medgemma-4b-it,-1,Expert
HP:0010819,exact,plural,Atonic seizures,medgemma-4b-it,-1,Expert
HP:0010819,exact,plural,Astatic seizures,medgemma-4b-it,-1,Expert
HP:0004379,exact,direct,Abnormality of alkaline phosphatase activity,medgemma-4b-it,-1,Expert
HP:0004379,related,direct,Alkaline phosphatase abnormal,medgemma-4b-it,-1,Expert
HP:0004379,exact,abbreviation,Abnormality of ALP level,medgemma-4b-it,-1,Expert
HP:0000402,exact,direct,External auditory canal stenosis,medgemma-4b-it,-1,Expert
HP:0000402,exact,direct,Narrow auditory canals,medgemma-4b-it,-1,Expert
HP:0000402,exact,direct,Narrow external auditory canals,medgemma-4b-it,-1,Expert
HP:0000402,exact,direct,Narrow external auditory meatus,medgemma-4b-it,-1,Expert
HP:0000402,exact,direct,Stenotic external auditory canal,medgemma-4b-it,-1,Expert
HP:0000402,exact,layperson,Narrowing of passageway from outer ear to middle ear,medgemma-4b-it,-1,Expert
HP:0000402,broad,layperson,Narrow ear canal,medgemma-4b-it,-1,Expert
HP:0002349,exact,direct,Focal seizure with retained awareness,medgemma-4b-it,-1,Expert
HP:0002349,exact,direct,Focal seizure without impairment of awareness,medgemma-4b-it,-1,Expert
HP:0002349,exact,direct,Focal seizure without impairment of consciousness or awareness,medgemma-4b-it,-1,Expert
HP:0002349,exact,direct,Partial seizure with retained awareness,medgemma-4b-it,-1,Expert
HP:0002349,exact,direct,Partial seizure without impairment of awareness,medgemma-4b-it,-1,Expert
HP:0002349,exact,direct,Simple partial seizure,medgemma-4b-it,-1,Expert
HP:0002349,exact,plural,Simple partial seizures,medgemma-4b-it,-1,Expert
HP:0002349,exact,plural,Focal seizures without impairment of consciousness or awareness,medgemma-4b-it,-1,Expert
HP:0002349,exact,plural,Focal aware seizures,medgemma-4b-it,-1,Expert
HP:0000684,exact,direct,Delayed dental development,medgemma-4b-it,-1,Expert
HP:0000684,exact,direct,Delayed dental eruption,medgemma-4b-it,-1,Expert
HP:0000684,exact,layperson,Late tooth eruption,medgemma-4b-it,-1,Expert
HP:0000684,exact,layperson,Late eruption of teeth,medgemma-4b-it,-1,Expert
HP:0000684,exact,layperson,"Eruption, delayed",medgemma-4b-it,-1,Expert
HP:0000684,exact,layperson,Delayed tooth eruption,medgemma-4b-it,-1,Expert
HP:0000684,exact,layperson,Delayed teeth eruption,medgemma-4b-it,-1,Expert
HP:0000684,exact,layperson,Delayed eruption,medgemma-4b-it,-1,Expert
HP:0002553,related,layperson,High arched eyebrows,medgemma-4b-it,-1,Expert
HP:0002553,related,layperson,Bowed and upward slanting eyebrows,medgemma-4b-it,-1,Expert
HP:0002553,exact,layperson,"Thick, flared eyebrows",medgemma-4b-it,-1,Expert
HP:0002553,exact,layperson,High-arched eyebrows,medgemma-4b-it,-1,Expert
HP:0002553,exact,layperson,"High, rounded eyebrows",medgemma-4b-it,-1,Expert
HP:0002553,exact,layperson,"Broad, arched eyebrows",medgemma-4b-it,-1,Expert
HP:0002553,exact,layperson,Arched eyebrows,medgemma-4b-it,-1,Expert
HP:0032336,exact,direct,Increased circulating specific IgE antibody,medgemma-4b-it,-1,Expert
HP:0000308,exact,direct,Retromicrognathia,medgemma-4b-it,-1,Expert
HP:0000308,exact,layperson,Small retruded chin,medgemma-4b-it,-1,Expert
HP:0002757,exact,direct,Frequent fractures,medgemma-4b-it,-1,Expert
HP:0002757,exact,layperson,Varying degree of multiple fractures,medgemma-4b-it,-1,Expert
HP:0002757,exact,layperson,Multiple spontaneous fractures,medgemma-4b-it,-1,Expert
HP:0002757,exact,layperson,Multiple fractures,medgemma-4b-it,-1,Expert
HP:0002757,exact,layperson,Increased fractures,medgemma-4b-it,-1,Expert
HP:0002757,exact,layperson,Increased fracture rate,medgemma-4b-it,-1,Expert
HP:0009912,exact,direct,Abnormality of the tragus,medgemma-4b-it,-1,Expert
HP:0010952,exact,uk,Mild foetal ventriculomegaly,medgemma-4b-it,-1,Expert
HP:0000695,exact,direct,Natal teeth,medgemma-4b-it,-1,Expert
HP:0000695,exact,direct,Neonatal teeth,medgemma-4b-it,-1,Expert
HP:0000695,exact,layperson,Teeth present at birth,medgemma-4b-it,-1,Expert
HP:0000695,exact,layperson,Born with teeth,medgemma-4b-it,-1,Expert
HP:0001254,exact,direct,Dullness,medgemma-4b-it,-1,Expert
HP:0001254,exact,direct,Inaction,medgemma-4b-it,-1,Expert
HP:0001254,exact,direct,Inactivity,medgemma-4b-it,-1,Expert
HP:0001254,exact,direct,Languor,medgemma-4b-it,-1,Expert
HP:0001254,exact,direct,Slowness,medgemma-4b-it,-1,Expert
HP:0001254,exact,direct,Torpor,medgemma-4b-it,-1,Expert
HP:0032381,exact,direct,Acute vesiculation and crusting and scarring following sun exposure,medgemma-4b-it,-1,Expert
HP:0002500,exact,direct,Abnormality of subcortical white matter,medgemma-4b-it,-1,Expert
HP:0002500,exact,direct,Abnormality of the cerebral white matter,medgemma-4b-it,-1,Expert
HP:0002500,exact,direct,Cerebral white matter abnormalities,medgemma-4b-it,-1,Expert
HP:0002500,exact,direct,White matter abnormalities,medgemma-4b-it,-1,Expert
HP:0002500,exact,direct,White matter alterations,medgemma-4b-it,-1,Expert
HP:0002500,related,,Cortical white matter abnormalities seen on MRI,medgemma-4b-it,-1,Expert
HP:0002500,exact,,Leukoaraiosis,medgemma-4b-it,-1,Expert
HP:0006986,exact,direct,Spastic upper extremities,medgemma-4b-it,-1,Expert
HP:0006986,exact,direct,Spastic upper extremity,medgemma-4b-it,-1,Expert
HP:0006986,exact,direct,Spastic upper limb,medgemma-4b-it,-1,Expert
HP:0006986,exact,direct,Spastic upper limbs,medgemma-4b-it,-1,Expert
HP:0006986,exact,direct,Spasticity in upper extremities,medgemma-4b-it,-1,Expert
HP:0006986,exact,direct,Spasticity in upper extremity,medgemma-4b-it,-1,Expert
HP:0006986,exact,direct,Spasticity in upper limb,medgemma-4b-it,-1,Expert
HP:0006986,exact,direct,Spasticity in upper limbs,medgemma-4b-it,-1,Expert
HP:0006986,exact,direct,Spasticity of upper extremities,medgemma-4b-it,-1,Expert
HP:0006986,exact,direct,Spasticity of upper extremity,medgemma-4b-it,-1,Expert
HP:0006986,exact,direct,Spasticity of upper limb,medgemma-4b-it,-1,Expert
HP:0006986,exact,direct,Spasticity of upper limbs,medgemma-4b-it,-1,Expert
HP:0006986,exact,direct,Upper extremities spasticity,medgemma-4b-it,-1,Expert
HP:0006986,exact,direct,Upper extremity spasticity,medgemma-4b-it,-1,Expert
HP:0006986,exact,layperson,Uncontrollable movement in upper arms,medgemma-4b-it,-1,Expert
HP:0005084,exact,direct,Anterior dislocation of radial head,medgemma-4b-it,-1,Expert
HP:0011403,exact,direct,Abnormal umbilical cord blood vessels,medgemma-4b-it,-1,Expert
HP:0002193,exact,direct,Pseudobulbar behavioral symptoms,medgemma-4b-it,-1,Expert
HP:0002193,exact,uk,Pseudobulbar behavioural symptoms,medgemma-4b-it,-1,Expert
HP:0011025,exact,direct,Abnormality of cardiovascular system physiology,medgemma-4b-it,-1,Expert
HP:0003016,exact,direct,Wide metaphyses,medgemma-4b-it,-1,Expert
HP:0003016,exact,direct,Widened long bone metaphyses,medgemma-4b-it,-1,Expert
HP:0003016,exact,direct,Widened metaphyses,medgemma-4b-it,-1,Expert
HP:0003016,exact,layperson,Broad wide portion of long bone,medgemma-4b-it,-1,Expert
HP:0005905,exact,layperson,Abnormal neck curve,medgemma-4b-it,-1,Expert
HP:0000300,exact,,Oval facies,medgemma-4b-it,-1,Expert
HP:0000300,exact,layperson,Oval facial shape,medgemma-4b-it,-1,Expert
HP:0400002,exact,direct,"Concha, Extra Fold",medgemma-4b-it,-1,Expert
HP:0000277,narrow,,Malformation of the mandible,medgemma-4b-it,-1,Expert
HP:0000277,narrow,layperson,Malformation of the lower jaw bone,medgemma-4b-it,-1,Expert
HP:0000277,narrow,,Deformity of the mandible,medgemma-4b-it,-1,Expert
HP:0000277,narrow,layperson,Deformity of the lower jaw bone,medgemma-4b-it,-1,Expert
HP:0000277,narrow,,Anomaly of the mandible,medgemma-4b-it,-1,Expert
HP:0000277,exact,layperson,Abnormality of the mandible,medgemma-4b-it,-1,Expert
HP:0000277,exact,layperson,Abnormality of the lower jaw bone,medgemma-4b-it,-1,Expert
HP:0030743,exact,direct,Bergmeister papilla,medgemma-4b-it,-1,Expert
HP:0000408,exact,direct,Bilateral progressive sensorineural hearing loss,medgemma-4b-it,-1,Expert
HP:0000408,exact,direct,"Hearing loss, progressive sensorineural",medgemma-4b-it,-1,Expert
HP:0000408,exact,direct,"Hearing loss, sensorineural, bilateral, progressive",medgemma-4b-it,-1,Expert
HP:0000408,exact,direct,"Hearing loss, sensorineural, progressive",medgemma-4b-it,-1,Expert
HP:0000408,exact,direct,Progressive bilateral sensorineural hearing loss,medgemma-4b-it,-1,Expert
HP:0000408,exact,direct,"Sensorineural hearing loss, progressive",medgemma-4b-it,-1,Expert
HP:0009738,exact,direct,Abnormal antehelix,medgemma-4b-it,-1,Expert
HP:0009738,exact,direct,Abnormal anthelix,medgemma-4b-it,-1,Expert
HP:0009738,exact,direct,Abnormal antihelix,medgemma-4b-it,-1,Expert
HP:0001841,exact,direct,Polydactyly affecting the hallux,medgemma-4b-it,-1,Expert
HP:0001841,exact,direct,Preaxial hallucal polydactyly,medgemma-4b-it,-1,Expert
HP:0001841,exact,direct,Preaxial polydactyly of feet,medgemma-4b-it,-1,Expert
HP:0001841,exact,direct,Preaxial polydactyly of foot,medgemma-4b-it,-1,Expert
HP:0001841,exact,direct,"Preaxial polydactyly, feet",medgemma-4b-it,-1,Expert
HP:0001841,exact,,Preaxial polydactyly of the feet,medgemma-4b-it,-1,Expert
HP:0001841,exact,,Partial/complete duplication of the phalanges of the big toe,medgemma-4b-it,-1,Expert
HP:0002992,exact,direct,Abnormality of tibia morphology,medgemma-4b-it,-1,Expert
HP:0002992,exact,layperson,Abnormality of the shinbone,medgemma-4b-it,-1,Expert
HP:0002992,exact,layperson,Abnormality of the shankbone,medgemma-4b-it,-1,Expert
HP:0000202,exact,direct,Oral cleft,medgemma-4b-it,-1,Expert
HP:0000202,exact,direct,Oral clefting,medgemma-4b-it,-1,Expert
HP:0000202,narrow,direct,"Cleft lip, cleft palate",medgemma-4b-it,-1,Expert
HP:0000202,related,direct,Cleft lip/palate,medgemma-4b-it,-1,Expert
HP:0000202,exact,layperson,Cleft of the mouth,medgemma-4b-it,-1,Expert
HP:0005968,related,layperson,Body temperature instability,medgemma-4b-it,-1,Expert
HP:0004993,exact,layperson,Slender long bones with narrow shaft,medgemma-4b-it,-1,Expert
HP:0430028,related,direct,Prognathia of the upper jaw,medgemma-4b-it,-1,Expert
HP:0430028,related,,Maxillary prognathia,medgemma-4b-it,-1,Expert
HP:0430028,related,,Hypertrophy of upper jaw,medgemma-4b-it,-1,Expert
HP:0430028,related,,Hypertrophy of maxilla,medgemma-4b-it,-1,Expert
HP:0430028,narrow,layperson,Increased projection of upper jaw,medgemma-4b-it,-1,Expert
HP:0430028,narrow,,Increased projection of maxilla,medgemma-4b-it,-1,Expert
HP:0430028,exact,layperson,Upper jaw excess,medgemma-4b-it,-1,Expert
HP:0430028,exact,,Upper jaw bone excess,medgemma-4b-it,-1,Expert
HP:0430028,exact,layperson,Prominent upper jaw,medgemma-4b-it,-1,Expert
HP:0430028,exact,,Prominent maxilla,medgemma-4b-it,-1,Expert
HP:0430028,exact,,Maxillary prominence,medgemma-4b-it,-1,Expert
HP:0430028,exact,,Maxillary macrognathia,medgemma-4b-it,-1,Expert
HP:0430028,exact,,Maxillary hyperplasia,medgemma-4b-it,-1,Expert
HP:0430028,exact,,Maxillary excess,medgemma-4b-it,-1,Expert
HP:0430028,exact,layperson,Large upper jaw,medgemma-4b-it,-1,Expert
HP:0430028,exact,,Large maxilla,medgemma-4b-it,-1,Expert
HP:0430028,exact,layperson,Increased size of upper jaw,medgemma-4b-it,-1,Expert
HP:0430028,exact,,Increased size of maxilla,medgemma-4b-it,-1,Expert
HP:0430028,exact,,Hyperplasia of upper jaw,medgemma-4b-it,-1,Expert
HP:0430028,exact,layperson,Big upper jaw,medgemma-4b-it,-1,Expert
HP:0430028,exact,layperson,Big maxilla,medgemma-4b-it,-1,Expert
HP:0031047,exact,direct,Monoclonal hypergammaglobulinemia,medgemma-4b-it,-1,Expert
HP:0001092,exact,direct,Absent lacrimal gland puncta,medgemma-4b-it,-1,Expert
HP:0001092,exact,direct,Absent lacrimal openings,medgemma-4b-it,-1,Expert
HP:0001092,exact,direct,Absent lacrimal puncta,medgemma-4b-it,-1,Expert
HP:0001092,exact,direct,Aplasia of lacrimal puncta,medgemma-4b-it,-1,Expert
HP:0001092,exact,direct,Lacrimal puncta aplasia,medgemma-4b-it,-1,Expert
HP:0001092,exact,direct,"Lacrimal punctum, absence",medgemma-4b-it,-1,Expert
HP:0001092,related,direct,Agenesis of the lacrimal punctum,medgemma-4b-it,-1,Expert
HP:0004768,exact,layperson,Thin scalp hair at front of head,medgemma-4b-it,-1,Expert
HP:0004768,exact,layperson,Sparse scalp hair at front of head,medgemma-4b-it,-1,Expert
HP:0006824,exact,direct,Cranial nerve palsies,medgemma-4b-it,-1,Expert
HP:0006824,exact,direct,Cranial nerve palsy,medgemma-4b-it,-1,Expert
HP:0006824,exact,direct,Cranial nerve paresis,medgemma-4b-it,-1,Expert
HP:0001288,exact,direct,Gait abnormalities,medgemma-4b-it,-1,Expert
HP:0001288,exact,direct,Gait difficulties,medgemma-4b-it,-1,Expert
HP:0001288,exact,direct,Gait disturbances,medgemma-4b-it,-1,Expert
HP:0001288,exact,direct,Walking disability,medgemma-4b-it,-1,Expert
HP:0001288,exact,layperson,Impaired gait,medgemma-4b-it,-1,Expert
HP:0001288,exact,layperson,Difficulty in walking,medgemma-4b-it,-1,Expert
HP:0001288,exact,layperson,Abnormal walk,medgemma-4b-it,-1,Expert
HP:0001288,exact,layperson,Abnormal gait,medgemma-4b-it,-1,Expert
HP:0001901,exact,direct,Erythrocytosis,medgemma-4b-it,-1,Expert
HP:0001901,exact,direct,Polyglobulia,medgemma-4b-it,-1,Expert
HP:0001901,exact,layperson,Increased red blood cells,medgemma-4b-it,-1,Expert
HP:0001901,exact,,Abnormally shaped erythrocytes,medgemma-4b-it,-1,Expert
HP:0000407,exact,direct,Sensorineural deafness,medgemma-4b-it,-1,Expert
HP:0000407,exact,direct,Sensorineural hearing loss,medgemma-4b-it,-1,Expert
HP:0000407,exact,,"Hearing loss, sensorineural",medgemma-4b-it,-1,Expert
HP:0007364,exact,layperson,Absent/underdeveloped cerebrum,medgemma-4b-it,-1,Expert
HP:0007364,exact,layperson,Absent/small cerebrum,medgemma-4b-it,-1,Expert
HP:0032620,exact,direct,Renal abscess,medgemma-4b-it,-1,Expert
HP:0032620,exact,direct,Renal parenchymal abscess,medgemma-4b-it,-1,Expert
HP:0006802,broad,direct,Abnormality of the anterior horn cell,medgemma-4b-it,-1,Expert
HP:0006802,exact,direct,Abnormality of the anterior horn cells,medgemma-4b-it,-1,Expert
HP:0006802,exact,direct,Anomaly of the anterior horn cells,medgemma-4b-it,-1,Expert
HP:0006802,exact,direct,Anterior horn cell disease,medgemma-4b-it,-1,Expert
HP:0008419,exact,direct,Degeneration of intervertebral disks,medgemma-4b-it,-1,Expert
HP:0008419,exact,direct,Degenerative intervertebral disk,medgemma-4b-it,-1,Expert
HP:0008419,exact,uk,Degenerative intervertebral disc,medgemma-4b-it,-1,Expert
HP:0008419,exact,,Degenerative disk disease,medgemma-4b-it,-1,Expert
HP:0008419,exact,uk,Degenerative disc disease,medgemma-4b-it,-1,Expert
HP:0008419,exact,uk,Degeneration of intervertebral discs,medgemma-4b-it,-1,Expert
HP:0032152,exact,direct,Carpet tack sign,medgemma-4b-it,-1,Expert
HP:0032152,exact,direct,Follicular keratosis,medgemma-4b-it,-1,Expert
HP:0032152,exact,direct,Follicular keratotic plug,medgemma-4b-it,-1,Expert
HP:0032152,exact,direct,Follicular plugging,medgemma-4b-it,-1,Expert
HP:0032152,exact,direct,Hyperkeratosis pilaris,medgemma-4b-it,-1,Expert
HP:0032152,exact,direct,Lichen pilaris,medgemma-4b-it,-1,Expert
HP:0032152,exact,layperson,Chicken skin,medgemma-4b-it,-1,Expert
HP:0005772,exact,direct,Absent/hypoplastic tibia,medgemma-4b-it,-1,Expert
HP:0005772,exact,direct,Aplastic/hypoplastic tibia,medgemma-4b-it,-1,Expert
HP:0005772,exact,layperson,Absent/underdeveloped shinbone,medgemma-4b-it,-1,Expert
HP:0005772,exact,layperson,Absent/underdeveloped shankbone,medgemma-4b-it,-1,Expert
HP:0005772,exact,layperson,Absent/small shinbone,medgemma-4b-it,-1,Expert
HP:0005772,exact,layperson,Absent/small shankbone,medgemma-4b-it,-1,Expert
HP:0032135,exact,direct,Decreased IgG subclass level in blood,medgemma-4b-it,-1,Expert
HP:0032135,exact,direct,Decreased circulating IgG subclass level,medgemma-4b-it,-1,Expert
HP:0003083,exact,direct,Congenital radial head dislocation,medgemma-4b-it,-1,Expert
HP:0003083,exact,direct,Dislocated radius,medgemma-4b-it,-1,Expert
HP:0003083,exact,direct,Dislocation of radial head,medgemma-4b-it,-1,Expert
HP:0003083,exact,direct,Dislocation of the radial head,medgemma-4b-it,-1,Expert
HP:0003083,exact,direct,Radial dislocation,medgemma-4b-it,-1,Expert
HP:0003083,exact,direct,Radial head dislocation,medgemma-4b-it,-1,Expert
HP:0003083,exact,direct,Radial head dislocation/subluxation,medgemma-4b-it,-1,Expert
HP:0003083,related,,Dislocated radial heads,medgemma-4b-it,-1,Expert
HP:0030212,exact,,Hoarding,medgemma-4b-it,-1,Expert
HP:0030212,exact,layperson,Compulsive hoarding,medgemma-4b-it,-1,Expert
HP:0030212,exact,,Collecting,medgemma-4b-it,-1,Expert
HP:0002719,exact,layperson,"infections, recurrent",medgemma-4b-it,-1,Expert
HP:0002719,exact,layperson,Susceptibility to infection,medgemma-4b-it,-1,Expert
HP:0002719,exact,layperson,Predisposition to infections,medgemma-4b-it,-1,Expert
HP:0002719,exact,layperson,Increased frequency of infection,medgemma-4b-it,-1,Expert
HP:0002719,exact,layperson,"Frequent, severe infections",medgemma-4b-it,-1,Expert
HP:0002719,exact,layperson,Frequent infections,medgemma-4b-it,-1,Expert
HP:0006297,exact,direct,Dental enamel hypoplasia,medgemma-4b-it,-1,Expert
HP:0006297,exact,direct,Enamel hypotrophy,medgemma-4b-it,-1,Expert
HP:0006297,exact,direct,"Enamel, underdeveloped",medgemma-4b-it,-1,Expert
HP:0006297,exact,direct,Hypoplasia of dental enamel,medgemma-4b-it,-1,Expert
HP:0006297,related,direct,Enamel dysplasia,medgemma-4b-it,-1,Expert
HP:0006297,related,,Dysplasia of tooth enamel,medgemma-4b-it,-1,Expert
HP:0006297,exact,layperson,Underdeveloped teeth enamel,medgemma-4b-it,-1,Expert
HP:0006297,exact,,Hypoplasia of tooth enamel,medgemma-4b-it,-1,Expert
HP:0006297,broad,layperson,Thin tooth enamel,medgemma-4b-it,-1,Expert
HP:0006297,broad,layperson,Thin dental enamel,medgemma-4b-it,-1,Expert
HP:0006297,broad,,Defective enamel matrix,medgemma-4b-it,-1,Expert
HP:0001730,exact,direct,Progressive hearing loss,medgemma-4b-it,-1,Expert
HP:0000248,exact,layperson,Short and broad skull,medgemma-4b-it,-1,Expert
HP:0000248,broad,layperson,Wide skull shape,medgemma-4b-it,-1,Expert
HP:0000248,broad,layperson,Wide head shape,medgemma-4b-it,-1,Expert
HP:0000248,broad,,Wide cranium shape,medgemma-4b-it,-1,Expert
HP:0000248,broad,layperson,Broad skull shape,medgemma-4b-it,-1,Expert
HP:0000248,broad,layperson,Broad head shape,medgemma-4b-it,-1,Expert
HP:0000248,broad,,Broad cranium shape,medgemma-4b-it,-1,Expert
HP:0100538,narrow,,Malformation of the supraorbital ridges,medgemma-4b-it,-1,Expert
HP:0100538,narrow,,Malformation of the supraorbital margins,medgemma-4b-it,-1,Expert
HP:0100538,narrow,,Deformity of the supraorbital ridges,medgemma-4b-it,-1,Expert
HP:0100538,narrow,,Deformity of the supraorbital margins,medgemma-4b-it,-1,Expert
HP:0100538,exact,layperson,Abnormality of the brow of the face,medgemma-4b-it,-1,Expert
HP:0001123,exact,,Visual field defects,medgemma-4b-it,-1,Expert
HP:0001123,exact,layperson,Partial loss of field of vision,medgemma-4b-it,-1,Expert
HP:0100825,related,layperson,Red and sore lips,medgemma-4b-it,-1,Expert
HP:0100825,exact,layperson,Inflammation of the lips,medgemma-4b-it,-1,Expert
HP:0000944,exact,layperson,Abnormality of the wide portion of a long bone,medgemma-4b-it,-1,Expert
HP:0000295,exact,layperson,Doll-like facial appearance,medgemma-4b-it,-1,Expert
HP:0005280,exact,direct,Depressed nasal root,medgemma-4b-it,-1,Expert
HP:0005280,exact,direct,Flat nasal root,medgemma-4b-it,-1,Expert
HP:0005280,related,,Depressed nasal root/bridge,medgemma-4b-it,-1,Expert
HP:0005280,related,layperson,Concave nasal bridge,medgemma-4b-it,-1,Expert
HP:0005280,related,layperson,Concave bridge of nose,medgemma-4b-it,-1,Expert
HP:0005280,exact,,Retruded nasal bridge,medgemma-4b-it,-1,Expert
HP:0005280,exact,,Retruded bridge of nose,medgemma-4b-it,-1,Expert
HP:0005280,exact,layperson,Low nasal root,medgemma-4b-it,-1,Expert
HP:0005280,exact,layperson,Low nasal bridge,medgemma-4b-it,-1,Expert
HP:0005280,exact,layperson,Flattened nasal bridge,medgemma-4b-it,-1,Expert
HP:0005280,exact,layperson,"Flat, nasal bridge",medgemma-4b-it,-1,Expert
HP:0005280,exact,layperson,Flat nasal bridge,medgemma-4b-it,-1,Expert
HP:0005280,exact,layperson,Flat bridge of nose,medgemma-4b-it,-1,Expert
HP:0005280,exact,layperson,Depressed bridge of nose,medgemma-4b-it,-1,Expert
HP:0000358,exact,direct,"Ear, posterior angulation, increased",medgemma-4b-it,-1,Expert
HP:0000358,exact,direct,Posteriorly angulated ears,medgemma-4b-it,-1,Expert
HP:0000358,exact,direct,Posteriorly rotated,medgemma-4b-it,-1,Expert
HP:0000358,exact,direct,Posteriorly rotated auricles,medgemma-4b-it,-1,Expert
HP:0000358,exact,direct,Posteriorly-angulated ears,medgemma-4b-it,-1,Expert
HP:0000358,exact,direct,Posteriorly-rotated ears,medgemma-4b-it,-1,Expert
HP:0000358,exact,layperson,Ears rotated toward back of head,medgemma-4b-it,-1,Expert
HP:0010107,exact,direct,Hypoplastic proximal phalanx of the hallux,medgemma-4b-it,-1,Expert
HP:0010107,exact,direct,Short proximal phalanges of halluces,medgemma-4b-it,-1,Expert
HP:0010107,exact,direct,Short proximal phalanx of halluces,medgemma-4b-it,-1,Expert
HP:0010107,exact,direct,Small proximal phalanx of big toe,medgemma-4b-it,-1,Expert
HP:0010107,exact,direct,Small proximal phalanx of hallux,medgemma-4b-it,-1,Expert
HP:0010107,exact,layperson,Short innermost big toe bone,medgemma-4b-it,-1,Expert
HP:0006494,exact,layperson,Absent/underdeveloped foot bones,medgemma-4b-it,-1,Expert
HP:0006494,exact,layperson,Absent/small foot bones,medgemma-4b-it,-1,Expert
HP:0004712,exact,direct,Malrotation of the kidney,medgemma-4b-it,-1,Expert
HP:0004712,exact,layperson,Abnormal rotation of the kidneys,medgemma-4b-it,-1,Expert
HP:0008909,exact,direct,Lethal micromelic dwarfism,medgemma-4b-it,-1,Expert
HP:0008909,exact,direct,Lethal short-limbed dwarfism,medgemma-4b-it,-1,Expert
HP:0006335,exact,direct,Deciduous teeth retention,medgemma-4b-it,-1,Expert
HP:0006335,exact,direct,Delayed loss of primary teeth,medgemma-4b-it,-1,Expert
HP:0006335,exact,direct,Persistence of deciduous teeth,medgemma-4b-it,-1,Expert
HP:0006335,exact,direct,Persistent primary dentition,medgemma-4b-it,-1,Expert
HP:0006335,exact,direct,Persistent primary teeth,medgemma-4b-it,-1,Expert
HP:0006335,exact,direct,Retained deciduous teeth,medgemma-4b-it,-1,Expert
HP:0006335,exact,,Retained primary teeth,medgemma-4b-it,-1,Expert
HP:0006335,exact,layperson,Retained baby teeth,medgemma-4b-it,-1,Expert
HP:0006335,exact,,Persistent deciduous dentition,medgemma-4b-it,-1,Expert
HP:0006335,exact,layperson,Failure to lose baby teeth,medgemma-4b-it,-1,Expert
HP:0006335,exact,,Failure to exfoliate primary teeth,medgemma-4b-it,-1,Expert
HP:0006335,exact,,Failure to exfoliate deciduous teeth,medgemma-4b-it,-1,Expert
HP:0006335,exact,,Delayed loss of deciduous teeth,medgemma-4b-it,-1,Expert
HP:0006335,exact,layperson,Delayed loss of baby teeth,medgemma-4b-it,-1,Expert
HP:0025190,exact,direct,Generalised tonic-clonic seizure without focal onset,medgemma-4b-it,-1,Expert
HP:0025190,exact,direct,Generalised tonic-clonic seizure without partial onset,medgemma-4b-it,-1,Expert
HP:0025190,exact,direct,Generalised tonic-clonic seizures without focal onset,medgemma-4b-it,-1,Expert
HP:0025190,exact,direct,Generalised-onset tonic-clonic seizure,medgemma-4b-it,-1,Expert
HP:0025190,exact,direct,Generalized tonic-clonic seizure without focal onset,medgemma-4b-it,-1,Expert
HP:0025190,exact,direct,Generalized tonic-clonic seizure without partial onset,medgemma-4b-it,-1,Expert
HP:0025190,exact,direct,Generalized tonic-clonic seizures without focal onset,medgemma-4b-it,-1,Expert
HP:0025190,exact,direct,Generalized-onset tonic-clonic seizure,medgemma-4b-it,-1,Expert
HP:0025190,exact,direct,Primarily generalized tonic-clonic seizures,medgemma-4b-it,-1,Expert
HP:0025190,exact,direct,Primary generalized tonic-clonic seizure,medgemma-4b-it,-1,Expert
HP:0025190,exact,direct,Primary generalized tonic-clonic seizures,medgemma-4b-it,-1,Expert
HP:0025190,exact,uk,Primary generalised tonic-clonic seizures,medgemma-4b-it,-1,Expert
HP:0025190,exact,uk,Primary generalised tonic-clonic seizure,medgemma-4b-it,-1,Expert
HP:0025190,exact,uk,Primarily generalised tonic-clonic seizures,medgemma-4b-it,-1,Expert
HP:0025190,exact,uk,Bilateral tonic-clonic seizure with generalised onset,medgemma-4b-it,-1,Expert
HP:0004303,exact,direct,Abnormal skeletal muscle fiber morphology,medgemma-4b-it,-1,Expert
HP:0004303,exact,direct,Abnormality of muscle fibers,medgemma-4b-it,-1,Expert
HP:0004303,exact,uk,Abnormality of muscle fibres,medgemma-4b-it,-1,Expert
HP:0004303,exact,uk,Abnormal skeletal muscle fibre morphology,medgemma-4b-it,-1,Expert
HP:0004303,exact,uk,Abnormal muscle fibre morphology,medgemma-4b-it,-1,Expert
HP:0033710,exact,direct,Breathlessness at rest,medgemma-4b-it,-1,Expert
HP:0033710,exact,direct,Dyspnea at rest,medgemma-4b-it,-1,Expert
HP:0033710,exact,layperson,Shortness of breath at rest,medgemma-4b-it,-1,Expert
HP:0033710,exact,uk,Dyspnoea at rest,medgemma-4b-it,-1,Expert
HP:0009381,exact,direct,Hypoplastic digits,medgemma-4b-it,-1,Expert
HP:0009381,exact,direct,Hypoplastic fingers,medgemma-4b-it,-1,Expert
HP:0009381,exact,direct,Hypoplastic/small fingers,medgemma-4b-it,-1,Expert
HP:0009381,exact,layperson,Stubby fingers,medgemma-4b-it,-1,Expert
HP:0009381,exact,plural,Stubby fingers,medgemma-4b-it,-1,Expert
HP:0009381,exact,layperson,Stubby finger,medgemma-4b-it,-1,Expert
HP:0012167,exact,direct,Trichotillomania,medgemma-4b-it,-1,Expert
HP:0010289,exact,direct,Alveolar cleft,medgemma-4b-it,-1,Expert
HP:0010289,exact,direct,Alveolar ridge cleft,medgemma-4b-it,-1,Expert
HP:0010289,exact,direct,Cleft maxillary alveolus,medgemma-4b-it,-1,Expert
HP:0010289,exact,direct,Cleft of alveolar ridge of maxilla,medgemma-4b-it,-1,Expert
HP:0010289,narrow,,Notch of alveolar process,medgemma-4b-it,-1,Expert
HP:0010289,narrow,,Cleft of alveolar process,medgemma-4b-it,-1,Expert
HP:0010289,exact,layperson,Notch of gum ridge,medgemma-4b-it,-1,Expert
HP:0010289,exact,,Notch of alveolar ridge,medgemma-4b-it,-1,Expert
HP:0010289,exact,layperson,Cleft of gum ridge,medgemma-4b-it,-1,Expert
HP:0010289,exact,,Cleft anterior maxilla,medgemma-4b-it,-1,Expert
HP:0006313,exact,direct,Widely spaced deciduous teeth,medgemma-4b-it,-1,Expert
HP:0006313,exact,layperson,Widely spaced milk teeth,medgemma-4b-it,-1,Expert
HP:0006313,exact,layperson,Widely spaced baby teeth,medgemma-4b-it,-1,Expert
HP:0006313,exact,,Wide gaps between primary teeth,medgemma-4b-it,-1,Expert
HP:0006313,exact,layperson,Wide gaps between baby teeth,medgemma-4b-it,-1,Expert
HP:0006313,exact,,Generalized spacing of primary teeth,medgemma-4b-it,-1,Expert
HP:0006313,exact,uk,Generalised spacing of primary teeth,medgemma-4b-it,-1,Expert
HP:0010681,exact,abbreviation,Elevated intestinal ALP,medgemma-4b-it,-1,Expert
HP:6001336,exact,direct,Perinephric infiltration,medgemma-4b-it,-1,Expert
HP:0002205,exact,layperson,"respiratory infections, recurrent",medgemma-4b-it,-1,Expert
HP:0002205,exact,layperson,Susceptibility to respiratory infections,medgemma-4b-it,-1,Expert
HP:0002205,exact,layperson,Multiple respiratory infections,medgemma-4b-it,-1,Expert
HP:0002205,exact,layperson,Frequent respiratory infections,medgemma-4b-it,-1,Expert
HP:0001892,exact,direct,Bleeding diathesis,medgemma-4b-it,-1,Expert
HP:0001892,exact,direct,Hemorrhagic diathesis,medgemma-4b-it,-1,Expert
HP:0001892,exact,layperson,Bleeding tendency,medgemma-4b-it,-1,Expert
HP:0032379,exact,layperson,Sun allergy,medgemma-4b-it,-1,Expert
HP:0006440,exact,layperson,Increased density of shaft of long bone,medgemma-4b-it,-1,Expert
HP:0011065,exact,direct,Conoid incisor,medgemma-4b-it,-1,Expert
HP:0011065,exact,direct,Peg shaped incisors,medgemma-4b-it,-1,Expert
HP:0011065,exact,direct,Peg-shaped incisors,medgemma-4b-it,-1,Expert
HP:0011065,exact,direct,Peg-shaped tooth,medgemma-4b-it,-1,Expert
HP:0011065,related,direct,Pointed incisor,medgemma-4b-it,-1,Expert
HP:0011065,related,layperson,Pointed front tooth,medgemma-4b-it,-1,Expert
HP:0011065,related,layperson,Peg shaped front tooth,medgemma-4b-it,-1,Expert
HP:0011065,exact,layperson,Shark tooth incisor,medgemma-4b-it,-1,Expert
HP:0011065,exact,layperson,Cone shaped front tooth,medgemma-4b-it,-1,Expert
HP:0008770,exact,layperson,Obsessive-compulsive traits,medgemma-4b-it,-1,Expert
HP:0001285,exact,direct,Spastic quadriparesis,medgemma-4b-it,-1,Expert
HP:0010309,exact,,Sternal cleft,medgemma-4b-it,-1,Expert
HP:0009881,exact,direct,Absent distal finger phalanx,medgemma-4b-it,-1,Expert
HP:0009881,exact,direct,Aplasia of the distal phalanges of the hand,medgemma-4b-it,-1,Expert
HP:0009881,exact,,Aplasia of outermost hand bone,medgemma-4b-it,-1,Expert
HP:0009881,exact,layperson,Absent outermost hand bone,medgemma-4b-it,-1,Expert
HP:0009881,exact,,Absent distal phalanges of the hand,medgemma-4b-it,-1,Expert
HP:0009881,exact,plural,Absent distal finger phalanges,medgemma-4b-it,-1,Expert
HP:0001895,exact,uk,Normochromic anaemia,medgemma-4b-it,-1,Expert
HP:0000951,related,direct,Skin abnormality,medgemma-4b-it,-1,Expert
HP:0000951,exact,,Dermopathy,medgemma-4b-it,-1,Expert
HP:0000951,exact,,Dermatopathy,medgemma-4b-it,-1,Expert
HP:0008331,exact,,Increased phospho-creatine kinase after exercise,medgemma-4b-it,-1,Expert
HP:0008331,exact,,Increased phospho-CK after exercise,medgemma-4b-it,-1,Expert
HP:0008331,exact,,Increased creatine phosphokinase after exercise,medgemma-4b-it,-1,Expert
HP:0008331,exact,,Increased creatine kinase after exercise,medgemma-4b-it,-1,Expert
HP:0008331,exact,abbreviation,Increased CK after exercise,medgemma-4b-it,-1,Expert
HP:0008331,exact,,Elevated phospho-creatine kinase after exercise,medgemma-4b-it,-1,Expert
HP:0008331,exact,abbreviation,Elevated phospho-CK after exercise,medgemma-4b-it,-1,Expert
HP:0008331,exact,,Elevated creatine phosphokinase after exercise,medgemma-4b-it,-1,Expert
HP:0008331,exact,abbreviation,Elevated CPK after exercise,medgemma-4b-it,-1,Expert
HP:0008331,exact,abbreviation,Elevated CK after exercise,medgemma-4b-it,-1,Expert
HP:0100630,exact,direct,Nasopharyngeal neoplasm,medgemma-4b-it,-1,Expert
HP:0100630,exact,direct,Neoplasm of the nasopharynx,medgemma-4b-it,-1,Expert
HP:0100630,narrow,uk,Tumour of the nasopharynx,medgemma-4b-it,-1,Expert
HP:0100630,narrow,,Tumor of the nasopharynx,medgemma-4b-it,-1,Expert
HP:0034039,exact,direct,Doublet premature ventricular contractions,medgemma-4b-it,-1,Expert
HP:0004812,exact,direct,Pre-B-cell acute lymphoblastic leukemia,medgemma-4b-it,-1,Expert
HP:0004812,exact,uk,Pre-B-cell acute lymphoblastic leukaemia,medgemma-4b-it,-1,Expert
HP:0004812,exact,uk,B Acute Lymphoblastic Leukaemia,medgemma-4b-it,-1,Expert
HP:0005856,exact,direct,Ulnar dislocation of radial heads,medgemma-4b-it,-1,Expert
HP:0012289,exact,uk,Face tumour,medgemma-4b-it,-1,Expert
HP:0012289,exact,layperson,Face tumor,medgemma-4b-it,-1,Expert
HP:0007545,exact,direct,Congenital palmoplantar keratoderma,medgemma-4b-it,-1,Expert
HP:0007545,exact,direct,Congenital palmoplantar keratodermia,medgemma-4b-it,-1,Expert
HP:0007545,exact,direct,Congenital palmoplantar keratosis,medgemma-4b-it,-1,Expert
HP:0002488,exact,direct,Acute leukemias,medgemma-4b-it,-1,Expert
HP:0002488,exact,uk,Acute leukaemia,medgemma-4b-it,-1,Expert
HP:0002488,broad,layperson,Acute blood cancer,medgemma-4b-it,-1,Expert
HP:0000549,exact,direct,Disconjugate eye movements,medgemma-4b-it,-1,Expert
HP:0001510,related,layperson,Very poor growth,medgemma-4b-it,-1,Expert
HP:0001510,exact,layperson,Retarded growth,medgemma-4b-it,-1,Expert
HP:0001510,exact,layperson,Poor growth,medgemma-4b-it,-1,Expert
HP:0001510,exact,layperson,Growth retardation,medgemma-4b-it,-1,Expert
HP:0001510,exact,layperson,Growth failure,medgemma-4b-it,-1,Expert
HP:0001510,exact,layperson,Growth deficiency,medgemma-4b-it,-1,Expert
HP:0001510,exact,layperson,Delayed growth,medgemma-4b-it,-1,Expert
HP:0008866,exact,layperson,Weight faltering secondary to recurrent infections,medgemma-4b-it,-1,Expert
HP:0008866,exact,layperson,Faltering weight secondary to recurrent infections,medgemma-4b-it,-1,Expert
HP:0001483,exact,,Oculodigital phenomenon,medgemma-4b-it,-1,Expert
HP:0001483,exact,,Ocular auto-stimulation,medgemma-4b-it,-1,Expert
HP:0001483,exact,,Eye pressing,medgemma-4b-it,-1,Expert
HP:0001483,exact,,Blindism,medgemma-4b-it,-1,Expert
HP:0000189,exact,layperson,Narrow roof of mouth,medgemma-4b-it,-1,Expert
HP:0000189,exact,,Decreased transverse dimension of palate,medgemma-4b-it,-1,Expert
HP:0000189,exact,,Decreased palatal width,medgemma-4b-it,-1,Expert
HP:0011917,exact,direct,Short fifth toe,medgemma-4b-it,-1,Expert
HP:0011917,exact,layperson,Short pinky toe,medgemma-4b-it,-1,Expert
HP:0011917,exact,layperson,Short pinkie toe,medgemma-4b-it,-1,Expert
HP:0011917,exact,layperson,Short little toe,medgemma-4b-it,-1,Expert
HP:0410244,exact,direct,Abnormal IgD level in blood,medgemma-4b-it,-1,Expert
HP:0410244,exact,direct,Abnormal circulating IgD level,medgemma-4b-it,-1,Expert
HP:0410219,exact,direct,Disorder of mandibular and maxillary dental arch relationship,medgemma-4b-it,-1,Expert
HP:0000954,exact,direct,Simian crease,medgemma-4b-it,-1,Expert
HP:0000954,exact,direct,Simian creases,medgemma-4b-it,-1,Expert
HP:0000954,exact,direct,Single flexion crease,medgemma-4b-it,-1,Expert
HP:0000954,exact,direct,Single palmar crease,medgemma-4b-it,-1,Expert
HP:0000954,exact,direct,Single palmar creases,medgemma-4b-it,-1,Expert
HP:0000954,exact,direct,Single transverse palmar creases,medgemma-4b-it,-1,Expert
HP:0000954,exact,direct,Transverse palmar crease,medgemma-4b-it,-1,Expert
HP:0000954,exact,,Simian line,medgemma-4b-it,-1,Expert
HP:0007663,exact,direct,Decreased central vision,medgemma-4b-it,-1,Expert
HP:0007663,exact,direct,Decreased visual acuity,medgemma-4b-it,-1,Expert
HP:0007663,exact,direct,Poor visual acuity,medgemma-4b-it,-1,Expert
HP:0007663,exact,layperson,Decreased clarity of vision,medgemma-4b-it,-1,Expert
HP:0002317,exact,direct,Gait instability,medgemma-4b-it,-1,Expert
HP:0002317,exact,layperson,Unsteady walk,medgemma-4b-it,-1,Expert
HP:0009907,exact,direct,Adherent earlobe,medgemma-4b-it,-1,Expert
HP:0007447,exact,direct,Diffuse palmoplantar keratoderma,medgemma-4b-it,-1,Expert
HP:0007447,exact,direct,"Hyperkeratosis, diffuse palmoplantar",medgemma-4b-it,-1,Expert
HP:0009826,exact,direct,Hypoplasia involving bones of the extremities,medgemma-4b-it,-1,Expert
HP:0009826,exact,layperson,limb shortening,medgemma-4b-it,-1,Expert
HP:0009826,exact,layperson,Short limbs,medgemma-4b-it,-1,Expert
HP:0009826,exact,layperson,Short limb,medgemma-4b-it,-1,Expert
HP:0001172,exact,layperson,Thumb deformity,medgemma-4b-it,-1,Expert
HP:0001172,exact,layperson,Abnormality of the thumbs,medgemma-4b-it,-1,Expert
HP:0001172,exact,layperson,Abnormality of the thumb,medgemma-4b-it,-1,Expert
HP:0012475,exact,direct,Abnormal specific antibody response,medgemma-4b-it,-1,Expert
HP:0012475,exact,direct,Decreased specific antibody in blood,medgemma-4b-it,-1,Expert
HP:0012475,exact,direct,Specific antibody deficiency,medgemma-4b-it,-1,Expert
HP:0002683,exact,direct,Abnormality of the calvaria,medgemma-4b-it,-1,Expert
HP:0002683,exact,direct,Abnormality of the shape of calvarium,medgemma-4b-it,-1,Expert
HP:0002683,exact,layperson,Abnormality of the skullcap,medgemma-4b-it,-1,Expert
HP:0002683,exact,layperson,Abnormality of the skull cap,medgemma-4b-it,-1,Expert
HP:0002683,exact,,Abnormality of cranial vault,medgemma-4b-it,-1,Expert
HP:0002683,exact,,Abnormality of calvarium,medgemma-4b-it,-1,Expert
HP:0002683,broad,layperson,Abnormality of cranium,medgemma-4b-it,-1,Expert
HP:3000022,exact,direct,Abnormality of cartilage of external ear,medgemma-4b-it,-1,Expert
HP:0004661,exact,direct,Weak frontalis muscle,medgemma-4b-it,-1,Expert
HP:0004661,exact,layperson,Weakness of forehead muscle,medgemma-4b-it,-1,Expert
HP:0011222,exact,direct,Concave glabella,medgemma-4b-it,-1,Expert
HP:0011222,exact,direct,Deficiency of glabella,medgemma-4b-it,-1,Expert
HP:0011222,exact,direct,Flat glabella,medgemma-4b-it,-1,Expert
HP:0011222,exact,direct,Hypoplasia of glabella,medgemma-4b-it,-1,Expert
HP:0011222,exact,layperson,Flat area between the eyebrows,medgemma-4b-it,-1,Expert
HP:0011222,exact,layperson,Deficient area between the eyebrows,medgemma-4b-it,-1,Expert
HP:0003460,exact,direct,Decreased total IgA in blood,medgemma-4b-it,-1,Expert
HP:0003460,exact,direct,Total immunoglobulin A deficiency,medgemma-4b-it,-1,Expert
HP:0009906,exact,layperson,Absent/underdeveloped ear lobes,medgemma-4b-it,-1,Expert
HP:0009906,exact,layperson,Absent/small ear lobes,medgemma-4b-it,-1,Expert
HP:0004220,exact,direct,5th finger middle phalangeal hypoplasia,medgemma-4b-it,-1,Expert
HP:0004220,exact,direct,Brachymesophalangism V,medgemma-4b-it,-1,Expert
HP:0004220,exact,direct,Brachymesophalangy V (finger),medgemma-4b-it,-1,Expert
HP:0004220,exact,direct,Fifth finger mid-phalanx hypoplasia,medgemma-4b-it,-1,Expert
HP:0004220,exact,direct,Hypoplastic fifth finger middle phalanx,medgemma-4b-it,-1,Expert
HP:0004220,exact,direct,Hypoplastic middle phalanx of the 5th finger,medgemma-4b-it,-1,Expert
HP:0004220,exact,direct,Hypoplastic/small middle phalanx of the 5th finger,medgemma-4b-it,-1,Expert
HP:0004220,exact,direct,Hypoplastic/small middle phalanx of the little finger,medgemma-4b-it,-1,Expert
HP:0004220,exact,direct,Short middle phalanx of the little finger,medgemma-4b-it,-1,Expert
HP:0004220,exact,direct,Type A3 brachydactyly,medgemma-4b-it,-1,Expert
HP:0004220,exact,layperson,Short middle bone of the pinky finger,medgemma-4b-it,-1,Expert
HP:0004220,exact,layperson,Short middle bone of the pinkie finger,medgemma-4b-it,-1,Expert
HP:0004220,exact,layperson,Short middle bone of the little finger,medgemma-4b-it,-1,Expert
HP:0008569,related,direct,Constricted helix type IV,medgemma-4b-it,-1,Expert
HP:0008569,related,direct,"Ear, grade II dysplasia",medgemma-4b-it,-1,Expert
HP:0008569,related,direct,"Severe cupped ear, type III",medgemma-4b-it,-1,Expert
HP:0008569,related,layperson,Snail ear,medgemma-4b-it,-1,Expert
HP:0008569,related,layperson,Shell ear,medgemma-4b-it,-1,Expert
HP:0008569,related,layperson,Mini ear,medgemma-4b-it,-1,Expert
HP:0008569,related,layperson,Cockleshell ear,medgemma-4b-it,-1,Expert
HP:0025021,exact,direct,Abnormal Westergren sedimentation rate,medgemma-4b-it,-1,Expert
HP:0025021,exact,abbreviation,Abnormal ESR,medgemma-4b-it,-1,Expert
HP:0025021,exact,layperson,Abnormal ESR,medgemma-4b-it,-1,Expert
HP:0010041,exact,direct,Hypoplastic 3rd metacarpal,medgemma-4b-it,-1,Expert
HP:0010041,exact,direct,Short third metacarpals,medgemma-4b-it,-1,Expert
HP:0010041,exact,direct,Small 3rd metacarpals,medgemma-4b-it,-1,Expert
HP:0010041,exact,layperson,Shortened 3rd long bone of hand,medgemma-4b-it,-1,Expert
HP:0009226,exact,direct,Hypoplastic/small proximal phalanx of the 5th finger,medgemma-4b-it,-1,Expert
HP:0009226,exact,layperson,Short proximal phalanx of the fifth finger,medgemma-4b-it,-1,Expert
HP:0009226,exact,layperson,Short innermost pinky finger bone,medgemma-4b-it,-1,Expert
HP:0009226,exact,layperson,Short innermost pinkie finger bone,medgemma-4b-it,-1,Expert
HP:0009226,exact,,Short innermost little finger bone,medgemma-4b-it,-1,Expert
HP:0000574,exact,direct,Hypertrichosis of the eyebrow,medgemma-4b-it,-1,Expert
HP:0000574,related,,Hypertrichosis of the eyebrows,medgemma-4b-it,-1,Expert
HP:0000574,exact,layperson,Thick eyebrows,medgemma-4b-it,-1,Expert
HP:0000574,exact,layperson,Prominent eyebrows,medgemma-4b-it,-1,Expert
HP:0000574,exact,layperson,Heavy eyebrows,medgemma-4b-it,-1,Expert
HP:0000574,exact,layperson,Dense eyebrow,medgemma-4b-it,-1,Expert
HP:0000574,exact,layperson,Bushy eyebrows,medgemma-4b-it,-1,Expert
HP:0001106,exact,layperson,Pigmentation around the eyes,medgemma-4b-it,-1,Expert
HP:0001106,exact,,Periorbital melanosis,medgemma-4b-it,-1,Expert
HP:0001106,exact,,Infraorbital pigmentation,medgemma-4b-it,-1,Expert
HP:0001106,exact,,Idiopathic cutaneous hyperchromia at the orbital region,medgemma-4b-it,-1,Expert
HP:0001106,exact,layperson,Darkening around the eyes,medgemma-4b-it,-1,Expert
HP:0001106,exact,layperson,Dark circles under the eyes,medgemma-4b-it,-1,Lay-person
HP:0001106,exact,layperson,Dark circles around the eyes,medgemma-4b-it,-1,Lay-person
HP:0012429,exact,layperson,Absent/underdeveloped cerebral white matter,medgemma-4b-it,-1,Expert
HP:0012429,exact,layperson,Absent/small cerebral white matter,medgemma-4b-it,-1,Expert
HP:0003318,exact,direct,Cervical spine joint hypermobility,medgemma-4b-it,-1,Expert
HP:0000337,exact,direct,Increased bitemporal dimension,medgemma-4b-it,-1,Expert
HP:0000337,exact,direct,Increased bitemporal width,medgemma-4b-it,-1,Expert
HP:0000337,exact,layperson,Wide forehead,medgemma-4b-it,-1,Expert
HP:0000337,exact,,Intertemporal widening,medgemma-4b-it,-1,Expert
HP:0000337,exact,layperson,Increased width of the forehead,medgemma-4b-it,-1,Expert
HP:0000337,exact,,Bitemporal widening,medgemma-4b-it,-1,Expert
HP:0006858,exact,direct,Distal sensory loss of proprioception,medgemma-4b-it,-1,Expert
HP:0040217,exact,direct,Elevated glycated hemoglobin,medgemma-4b-it,-1,Expert
HP:0040217,exact,direct,Elevated glycosylated hemoglobin,medgemma-4b-it,-1,Expert
HP:0040217,exact,abbreviation,Increased HbA1c levels,medgemma-4b-it,-1,Expert
HP:0040217,exact,uk,Elevated haemoglobin A1c,medgemma-4b-it,-1,Expert
HP:0040217,exact,uk,Elevated glycosylated haemoglobin,medgemma-4b-it,-1,Expert
HP:0040217,exact,uk,Elevated glycated haemoglobin,medgemma-4b-it,-1,Expert
HP:0040217,exact,abbreviation,Elevated HbA1c,medgemma-4b-it,-1,Expert
HP:6000990,exact,direct,Antenatal methamphetamine exposure,medgemma-4b-it,-1,Expert
HP:6000990,exact,direct,Antenatal methamphetamine use,medgemma-4b-it,-1,Expert
HP:6000990,exact,direct,Fetal meth exposure,medgemma-4b-it,-1,Expert
HP:6000990,exact,direct,Methamphetamine use during pregnancy,medgemma-4b-it,-1,Expert
HP:6000990,exact,direct,Prenatal methamphetamine exposure,medgemma-4b-it,-1,Expert
HP:6000990,exact,direct,Prenatal methamphetamine use,medgemma-4b-it,-1,Expert
HP:0430025,exact,layperson,Weakness of both sides of the face,medgemma-4b-it,-1,Expert
HP:0430025,exact,layperson,Paralysis of both sides of the face,medgemma-4b-it,-1,Expert
HP:0430025,exact,,Bilateral facial paralysis,medgemma-4b-it,-1,Expert
HP:0430025,exact,,Bilateral facial muscle weakness,medgemma-4b-it,-1,Expert
HP:0430025,exact,,Bilateral facial muscle paralysis,medgemma-4b-it,-1,Expert
HP:0007703,exact,direct,Abnormality of RPE,medgemma-4b-it,-1,Expert
HP:0007703,exact,direct,Abnormality of retinal pigment epithelium,medgemma-4b-it,-1,Expert
HP:0007703,exact,direct,Abnormality of retinal pigmentation,medgemma-4b-it,-1,Expert
HP:0007703,exact,direct,Retinal pigmentary anomaly,medgemma-4b-it,-1,Expert
HP:0007703,related,direct,Abnormality of the retinal pigment epithelium,medgemma-4b-it,-1,Expert
HP:0010490,exact,layperson,Abnormality of the palm lines,medgemma-4b-it,-1,Expert
HP:0000496,exact,direct,Abnormal extraocular movement,medgemma-4b-it,-1,Expert
HP:0000496,exact,direct,Abnormal extraocular movements,medgemma-4b-it,-1,Expert
HP:0000496,exact,direct,Abnormal eye motility,medgemma-4b-it,-1,Expert
HP:0000496,exact,direct,Abnormal ocular movements,medgemma-4b-it,-1,Expert
HP:0000496,exact,direct,Ocular movement abnormalities,medgemma-4b-it,-1,Expert
HP:0000496,exact,direct,Oculomotor abnormalities,medgemma-4b-it,-1,Expert
HP:0000496,exact,layperson,Eye movement issue,medgemma-4b-it,-1,Expert
HP:0000496,exact,layperson,Eye movement abnormalities,medgemma-4b-it,-1,Expert
HP:0000496,exact,,Abnormal movement of the globe of the eye,medgemma-4b-it,-1,Expert
HP:0000496,exact,,Abnormal motility of the globe of the eye,medgemma-4b-it,-1,Expert
HP:0000496,exact,layperson,Abnormal eye movements,medgemma-4b-it,-1,Expert
HP:0000496,exact,layperson,Abnormal eye movement,medgemma-4b-it,-1,Expert
HP:0009244,exact,direct,Fifth finger distal interphalangeal joint symphalangism,medgemma-4b-it,-1,Expert
HP:0009244,exact,direct,Symphalangism of the distal and middle phalanges of the 5th finger,medgemma-4b-it,-1,Expert
HP:0009244,exact,direct,Symphalangism of the terminal and middle phalanges of the 5th finger,medgemma-4b-it,-1,Expert
HP:0009244,related,layperson,Fusion of the terminal and middle phalanges of the 5th finger,medgemma-4b-it,-1,Expert
HP:0009244,exact,layperson,Fused end and middle bones of pinky finger,medgemma-4b-it,-1,Expert
HP:0009244,exact,layperson,Fused end and middle bones of pinkie finger,medgemma-4b-it,-1,Expert
HP:0009244,exact,layperson,Fused end and middle bones of little finger,medgemma-4b-it,-1,Expert
HP:0007924,exact,direct,Subacute deterioration of visual acuity,medgemma-4b-it,-1,Expert
HP:0007924,related,,"Decreased visual acuity, slowly progressive",medgemma-4b-it,-1,Expert
HP:0007924,exact,layperson,Slow decrease in sharpness of vision,medgemma-4b-it,-1,Expert
HP:0025456,exact,direct,Abnormal CSF protein level,medgemma-4b-it,-1,Expert
HP:0030312,exact,,Obliteration of cranial cancellous bone,medgemma-4b-it,-1,Expert
HP:0000699,exact,layperson,Gap between teeth,medgemma-4b-it,-1,Expert
HP:0000699,exact,,Diastema of the teeth,medgemma-4b-it,-1,Expert
HP:0000699,exact,,Diastasis of the teeth,medgemma-4b-it,-1,Expert
HP:0000699,exact,,Dental diastema,medgemma-4b-it,-1,Expert
HP:0000699,exact,,Dental diastasis,medgemma-4b-it,-1,Expert
HP:0000699,broad,layperson,Gaps between teeth,medgemma-4b-it,-1,Expert
HP:0007968,exact,direct,Congenital retinal septum,medgemma-4b-it,-1,Expert
HP:0007968,exact,direct,Persistent hyperplasia of primary vitreous,medgemma-4b-it,-1,Expert
HP:0007968,exact,direct,Persistent hyperplastic primary vitreous,medgemma-4b-it,-1,Expert
HP:0007968,exact,direct,Persistent hypertrophic primary vitreous,medgemma-4b-it,-1,Expert
HP:0007968,exact,direct,Persistent posterior fetal fibrovascular sheath of the lens,medgemma-4b-it,-1,Expert
HP:0007968,exact,direct,Persistent tunica vasculosa lentis,medgemma-4b-it,-1,Expert
HP:0007968,exact,uk,Persistent posterior foetal fibrovascular sheath of the lens,medgemma-4b-it,-1,Expert
HP:0007968,exact,uk,Persistent foetal vasculature,medgemma-4b-it,-1,Expert
HP:0007968,exact,,Persistent fetal vasculature,medgemma-4b-it,-1,Expert
HP:0410018,exact,layperson,Frequent ear infections,medgemma-4b-it,-1,Expert
HP:0011069,exact,direct,Supernumerary teeth,medgemma-4b-it,-1,Expert
HP:0011069,exact,direct,"Tooth, supernumerary",medgemma-4b-it,-1,Expert
HP:0011069,related,layperson,More teeth than normal,medgemma-4b-it,-1,Expert
HP:0011069,narrow,,Supernumary teeth,medgemma-4b-it,-1,Expert
HP:0011069,narrow,,Supernumary dentition,medgemma-4b-it,-1,Expert
HP:0011069,exact,layperson,Supplemental teeth,medgemma-4b-it,-1,Expert
HP:0011069,exact,,Supplemental dentition,medgemma-4b-it,-1,Expert
HP:0011069,exact,layperson,Increased tooth count,medgemma-4b-it,-1,Expert
HP:0011069,exact,layperson,Increased number of teeth,medgemma-4b-it,-1,Expert
HP:0011069,exact,,Hyperdontia,medgemma-4b-it,-1,Expert
HP:0011069,exact,layperson,Extra teeth,medgemma-4b-it,-1,Expert
HP:0025270,exact,direct,Abnormality of esophagus physiology,medgemma-4b-it,-1,Expert
HP:0025270,exact,direct,Functional abnormality of the esophagus,medgemma-4b-it,-1,Expert
HP:0025270,exact,uk,Functional abnormality of the oesophagus,medgemma-4b-it,-1,Expert
HP:0025270,exact,uk,Abnormality of oesophagus physiology,medgemma-4b-it,-1,Expert
HP:0008066,exact,direct,Blister,medgemma-4b-it,-1,Expert
HP:0008066,exact,direct,Skin bullae,medgemma-4b-it,-1,Expert
HP:0008066,related,layperson,Skin blisters,medgemma-4b-it,-1,Expert
HP:0008066,exact,layperson,Blisters,medgemma-4b-it,-1,Expert
HP:0008066,exact,layperson,"Blistering, generalized",medgemma-4b-it,-1,Expert
HP:0008066,exact,uk,"Blistering, generalised",medgemma-4b-it,-1,Expert
HP:0004798,related,layperson,"Gastrointestinal infections, recurrent",medgemma-4b-it,-1,Expert
HP:0004798,related,layperson,Gastrointestinal infections,medgemma-4b-it,-1,Expert
HP:0004798,exact,abbreviation,Recurrent infection of the GI tract,medgemma-4b-it,-1,Expert
HP:0004798,exact,layperson,Recurrent gastrointestinal infections,medgemma-4b-it,-1,Expert
HP:0001252,exact,direct,Muscle hypotonia,medgemma-4b-it,-1,Expert
HP:0001252,exact,direct,Muscular hypotonia,medgemma-4b-it,-1,Expert
HP:0001252,narrow,direct,Central hypotonia,medgemma-4b-it,-1,Expert
HP:0001252,narrow,direct,Peripheral hypotonia,medgemma-4b-it,-1,Expert
HP:0001252,exact,layperson,Low or weak muscle tone,medgemma-4b-it,-1,Expert
HP:0001252,exact,layperson,Low muscle tone,medgemma-4b-it,-1,Expert
HP:0007103,exact,direct,White matter hypointensities on MRI,medgemma-4b-it,-1,Expert
HP:0002216,related,uk,Premature greying of the hair,medgemma-4b-it,-1,Expert
HP:0002216,related,layperson,Premature graying of the hair,medgemma-4b-it,-1,Expert
HP:0002216,exact,uk,Premature hair greying,medgemma-4b-it,-1,Expert
HP:0002216,exact,layperson,Premature hair graying,medgemma-4b-it,-1,Expert
HP:0002216,exact,uk,Premature greying of hair,medgemma-4b-it,-1,Expert
HP:0002216,exact,uk,Premature greying,medgemma-4b-it,-1,Expert
HP:0002216,exact,layperson,Premature graying,medgemma-4b-it,-1,Expert
HP:0002216,exact,uk,Early greying,medgemma-4b-it,-1,Expert
HP:0002216,exact,layperson,Early graying,medgemma-4b-it,-1,Expert
HP:0030307,exact,,Flared metaphysis of lower limb bone,medgemma-4b-it,-1,Expert
HP:0011219,exact,layperson,Vertical shortening of face,medgemma-4b-it,-1,Expert
HP:0011219,exact,,Vertical insufficiency of face,medgemma-4b-it,-1,Expert
HP:0011219,exact,,Vertical hypoplasia of face,medgemma-4b-it,-1,Expert
HP:0011219,exact,,Vertical facial insufficiency,medgemma-4b-it,-1,Expert
HP:0011219,exact,,Vertical deficiency of face,medgemma-4b-it,-1,Expert
HP:0011219,exact,,Vertical Facial Deficiency,medgemma-4b-it,-1,Expert
HP:0011219,exact,,Short facies,medgemma-4b-it,-1,Expert
HP:0011219,exact,,Decreased vertical dimension of face,medgemma-4b-it,-1,Expert
HP:0011219,exact,layperson,Decreased length of face,medgemma-4b-it,-1,Expert
HP:0011219,exact,layperson,Decreased height of face,medgemma-4b-it,-1,Expert
HP:0020220,exact,direct,Localised atonic seizure,medgemma-4b-it,-1,Expert
HP:0020220,exact,direct,Localised hypotonic seizure,medgemma-4b-it,-1,Expert
HP:0020220,exact,direct,Localized atonic seizure,medgemma-4b-it,-1,Expert
HP:0020220,exact,direct,Localized hypotonic seizure,medgemma-4b-it,-1,Expert
HP:0020220,exact,direct,Partial atonic seizure,medgemma-4b-it,-1,Expert
HP:0020220,exact,direct,Partial hypotonic seizure,medgemma-4b-it,-1,Expert
HP:0020220,exact,direct,Segmental atonic seizure,medgemma-4b-it,-1,Expert
HP:0020220,exact,direct,Segmental hypotonic seizure,medgemma-4b-it,-1,Expert
HP:0002266,exact,direct,Segmental clonic seizure,medgemma-4b-it,-1,Expert
HP:0002266,exact,,Partial clonic seizure,medgemma-4b-it,-1,Expert
HP:0002266,exact,,Localized clonic seizure,medgemma-4b-it,-1,Expert
HP:0002266,exact,uk,Localised clonic seizure,medgemma-4b-it,-1,Expert
HP:0002266,exact,plural,Focal clonic seizures,medgemma-4b-it,-1,Expert
HP:0001654,exact,direct,Abnormality of the heart valves,medgemma-4b-it,-1,Expert
HP:0001654,exact,direct,Valvular abnormality,medgemma-4b-it,-1,Expert
HP:0001654,related,direct,Valvular heart disease,medgemma-4b-it,-1,Expert
HP:0010813,exact,,Supernumary hair whorl,medgemma-4b-it,-1,Expert
HP:0010813,exact,,Supernumary hair swirls,medgemma-4b-it,-1,Expert
HP:0010813,exact,layperson,Extra hair whorl,medgemma-4b-it,-1,Expert
HP:0010813,exact,layperson,Extra hair swirls,medgemma-4b-it,-1,Expert
HP:0010813,exact,layperson,Double crown (hair whorls),medgemma-4b-it,-1,Expert
HP:0010813,exact,layperson,Abnormal number of hair swirls,medgemma-4b-it,-1,Expert
HP:0030756,exact,direct,Red teeth,medgemma-4b-it,-1,Expert
HP:0100785,exact,direct,Inability to sleep,medgemma-4b-it,-1,Lay-person
HP:0100785,exact,layperson,Difficulty staying or falling asleep,medgemma-4b-it,-1,Lay-person
HP:0005978,exact,direct,Diabetes mellitus Type II,medgemma-4b-it,-1,Expert
HP:0005978,exact,direct,"Diabetes mellitus, noninsulin-dependent",medgemma-4b-it,-1,Expert
HP:0005978,exact,direct,NIDDM diabetes mellitus,medgemma-4b-it,-1,Expert
HP:0005978,exact,direct,Non-insulin dependent diabetes,medgemma-4b-it,-1,Expert
HP:0005978,exact,direct,Noninsulin dependent diabetes mellitus,medgemma-4b-it,-1,Expert
HP:0005978,related,direct,Diabetes mellitus type 2,medgemma-4b-it,-1,Expert
HP:0005978,related,direct,Noninsulin-dependent diabetes mellitus,medgemma-4b-it,-1,Expert
HP:0005978,exact,layperson,Type II diabetes,medgemma-4b-it,-1,Expert
HP:0005978,exact,layperson,Type 2 diabetes,medgemma-4b-it,-1,Expert
HP:0005978,exact,layperson,Noninsulin-dependent diabetes,medgemma-4b-it,-1,Expert
HP:0005978,exact,abbreviation,NIDDM,medgemma-4b-it,-1,Expert
HP:0001831,exact,direct,Brachydactyly of the foot,medgemma-4b-it,-1,Expert
HP:0001831,exact,direct,Hypoplasia of the toe,medgemma-4b-it,-1,Expert
HP:0001831,exact,direct,Hypoplastic toes,medgemma-4b-it,-1,Expert
HP:0001831,exact,direct,Short foot phalanges,medgemma-4b-it,-1,Expert
HP:0001831,exact,layperson,Stubby toes,medgemma-4b-it,-1,Expert
HP:0001831,exact,layperson,Short toes,medgemma-4b-it,-1,Expert
HP:0009102,exact,direct,Anterior open bite,medgemma-4b-it,-1,Expert
HP:0009102,exact,layperson,Gap between upper and lower front teeth when biting,medgemma-4b-it,-1,Expert
HP:0009102,exact,,Apertognathia malocclusion,medgemma-4b-it,-1,Expert
HP:0009102,exact,,Anterior openbite,medgemma-4b-it,-1,Expert
HP:0009102,exact,,Anterior open bite between upper and lower teeth,medgemma-4b-it,-1,Expert
HP:0009102,exact,layperson,Absence of overlap of anterior upper and lower teeth,medgemma-4b-it,-1,Expert
HP:0009102,exact,abbreviation,AOB,medgemma-4b-it,-1,Expert
HP:0033052,exact,direct,Functional seizure,medgemma-4b-it,-1,Expert
HP:0033052,exact,direct,Psychogenic non-epileptic seizure,medgemma-4b-it,-1,Expert
HP:0033052,exact,direct,Psychosomatic seizure,medgemma-4b-it,-1,Expert
HP:0011062,exact,layperson,Crooked incisors,medgemma-4b-it,-1,Expert
HP:0011062,exact,layperson,Crooked front teeth,medgemma-4b-it,-1,Expert
HP:0011062,exact,layperson,Abnormality of alignment of incisors,medgemma-4b-it,-1,Expert
HP:0011062,broad,layperson,Malposition of incisors,medgemma-4b-it,-1,Expert
HP:0011062,broad,layperson,Abnormality of position of incisors,medgemma-4b-it,-1,Expert
HP:0003301,exact,direct,Irregular end plates,medgemma-4b-it,-1,Expert
HP:0003301,exact,direct,Irregular endplates,medgemma-4b-it,-1,Expert
HP:0003301,exact,direct,end-plate irregularities,medgemma-4b-it,-1,Expert
HP:0003301,exact,direct,endplate irregularities,medgemma-4b-it,-1,Expert
HP:0003301,exact,direct,endplate irregularity,medgemma-4b-it,-1,Expert
HP:0003301,exact,direct,irregular vertebral plates,medgemma-4b-it,-1,Expert
HP:0003301,exact,direct,vertebral endplate irregularity,medgemma-4b-it,-1,Expert
HP:0000490,exact,direct,Enophthalmos,medgemma-4b-it,-1,Expert
HP:0000490,exact,direct,Ocular depression,medgemma-4b-it,-1,Expert
HP:0000490,exact,direct,Sunken eyes,medgemma-4b-it,-1,Expert
HP:0000490,exact,layperson,Sunken eye,medgemma-4b-it,-1,Expert
HP:0000490,exact,layperson,Deep-set eyes,medgemma-4b-it,-1,Expert
HP:0000490,exact,layperson,Deep set eye,medgemma-4b-it,-1,Expert
HP:0002936,exact,direct,Decreased distal sensation,medgemma-4b-it,-1,Expert
HP:0002936,exact,direct,Distal sensation loss,medgemma-4b-it,-1,Expert
HP:0002936,exact,direct,Distal sensory impairment in lower limbs,medgemma-4b-it,-1,Expert
HP:0002936,exact,direct,Distal sensory impairment of the lower extremities,medgemma-4b-it,-1,Expert
HP:0002936,exact,direct,Distal sensory loss,medgemma-4b-it,-1,Expert
HP:0002936,exact,direct,"Distal sensory loss, upper and lower limbs",medgemma-4b-it,-1,Expert
HP:0002936,exact,direct,Loss of distal sensation,medgemma-4b-it,-1,Expert
HP:0002936,exact,layperson,Decreased sensation in extremities,medgemma-4b-it,-1,Expert
HP:0005368,exact,direct,Defective humoral immunity,medgemma-4b-it,-1,Expert
HP:6001330,exact,direct,Abnormal forward flexion of the trunk manoeuvre,medgemma-4b-it,-1,Expert
HP:6001330,exact,direct,Increased forward flexion of the trunk,medgemma-4b-it,-1,Expert
HP:6001330,exact,direct,Positive palms-to-floor maneuver,medgemma-4b-it,-1,Expert
HP:6001330,exact,direct,Trunk flexion with palms on floor,medgemma-4b-it,-1,Expert
HP:0100277,exact,layperson,Pits around the ear,medgemma-4b-it,-1,Expert
HP:0100277,exact,,Periauricular sinus,medgemma-4b-it,-1,Expert
HP:0100277,exact,,Periauricular pits,medgemma-4b-it,-1,Expert
HP:0100277,exact,,Periauricular fistulas,medgemma-4b-it,-1,Expert
HP:0100277,exact,,Periauricular earpits,medgemma-4b-it,-1,Expert
HP:0010669,related,,Hypotrophy of the zygomatic bone,medgemma-4b-it,-1,Expert
HP:0010669,related,,Hypotrophy of the cheekbone,medgemma-4b-it,-1,Expert
HP:0010669,related,,Hypotrophic zygomatic bone,medgemma-4b-it,-1,Expert
HP:0010669,related,,Hypotrophic cheekbone,medgemma-4b-it,-1,Expert
HP:0010669,exact,,Underdevelopment of zygomatic bone,medgemma-4b-it,-1,Expert
HP:0010669,exact,layperson,Underdevelopment of cheekbone,medgemma-4b-it,-1,Expert
HP:0010669,exact,,Hypoplasia of cheekbone,medgemma-4b-it,-1,Expert
HP:0010669,exact,,Decreased size of zygomatic bone,medgemma-4b-it,-1,Expert
HP:0010669,exact,layperson,Decreased size of cheekbone,medgemma-4b-it,-1,Expert
HP:0010669,exact,layperson,Cheekbone underdevelopment,medgemma-4b-it,-1,Expert
HP:0010669,broad,layperson,Small zygomatic bone,medgemma-4b-it,-1,Expert
HP:0010669,broad,layperson,Small malar bone,medgemma-4b-it,-1,Expert
HP:0010669,broad,layperson,Small cheekbone,medgemma-4b-it,-1,Expert
HP:0010669,broad,,Flattening of the zygomatic bone,medgemma-4b-it,-1,Expert
HP:0010669,broad,,Depressed zygomatic bone,medgemma-4b-it,-1,Expert
HP:0010669,broad,layperson,Depressed cheekbone,medgemma-4b-it,-1,Expert
HP:0031549,exact,direct,Skin pseudolymphoma,medgemma-4b-it,-1,Expert
HP:0031549,exact,direct,Spiegler-Fendt sarcoid,medgemma-4b-it,-1,Expert
HP:0004492,exact,direct,Widely patent fontanels and sutures,medgemma-4b-it,-1,Expert
HP:0002953,exact,direct,Fractures of vertebral bodies,medgemma-4b-it,-1,Expert
HP:0002953,exact,direct,Vertebral body compression,medgemma-4b-it,-1,Expert
HP:0002953,exact,direct,Vertebral collapse,medgemma-4b-it,-1,Expert
HP:0002953,exact,direct,Vertebral compression,medgemma-4b-it,-1,Expert
HP:0002953,exact,direct,Vertebral compression or collapse,medgemma-4b-it,-1,Expert
HP:0002953,exact,plural,Vertebral compression fractures,medgemma-4b-it,-1,Expert
HP:0002953,exact,layperson,Compression fracture of a vertebral body,medgemma-4b-it,-1,Expert
HP:0006347,exact,direct,Small deciduous teeth,medgemma-4b-it,-1,Expert
HP:0006347,exact,,Microdontia of deciduous teeth,medgemma-4b-it,-1,Expert
HP:0006347,exact,,Decreased width of primary tooth,medgemma-4b-it,-1,Expert
HP:0006347,exact,layperson,Decreased width of milk teeth,medgemma-4b-it,-1,Expert
HP:0006347,exact,,Decreased width of deciduous teeth,medgemma-4b-it,-1,Expert
HP:0006347,exact,layperson,Decreased width of baby teeth,medgemma-4b-it,-1,Expert
HP:0006347,broad,,Decreased size of primary tooth,medgemma-4b-it,-1,Expert
HP:0009821,exact,direct,Hypoplasia involving forearm bones,medgemma-4b-it,-1,Expert
HP:0009821,exact,layperson,Shortened forearm,medgemma-4b-it,-1,Expert
HP:0009821,exact,layperson,Short forearms,medgemma-4b-it,-1,Expert
HP:0009821,exact,layperson,Short forearm bones,medgemma-4b-it,-1,Expert
HP:0009295,exact,direct,Brachymesophalangy IV (finger),medgemma-4b-it,-1,Expert
HP:0009295,exact,direct,Hypoplastic/small middle phalanx of ring finger,medgemma-4b-it,-1,Expert
HP:0009295,exact,direct,Hypoplastic/small middle phalanx of the 4th finger,medgemma-4b-it,-1,Expert
HP:0009295,exact,direct,Short middle phalanx of ring finger,medgemma-4b-it,-1,Expert
HP:0009295,exact,layperson,Short middle bone of 4th finger,medgemma-4b-it,-1,Expert
HP:0011331,exact,,Facial hemiatrophy,medgemma-4b-it,-1,Expert
HP:0011331,exact,,Atrophy of one side of the face,medgemma-4b-it,-1,Expert
HP:0011331,exact,layperson,Atrophy of half of face,medgemma-4b-it,-1,Expert
HP:0000275,exact,direct,Narrow facies,medgemma-4b-it,-1,Expert
HP:0000275,related,layperson,Thin face,medgemma-4b-it,-1,Expert
HP:0000275,exact,,Transverse insufficiency of face,medgemma-4b-it,-1,Expert
HP:0000275,exact,,Transverse hypoplasia of face,medgemma-4b-it,-1,Expert
HP:0000275,exact,,Transverse deficiency of face,medgemma-4b-it,-1,Expert
HP:0000275,exact,,Thin facies,medgemma-4b-it,-1,Expert
HP:0000275,exact,,Horizontal insufficiency of face,medgemma-4b-it,-1,Expert
HP:0000275,exact,,Horizontal hypoplasia of face,medgemma-4b-it,-1,Expert
HP:0000275,exact,,Horizontal deficiency of face,medgemma-4b-it,-1,Expert
HP:0000275,exact,layperson,Decreased width of face,medgemma-4b-it,-1,Expert
HP:0000275,exact,,Decreased transverse dimension of face,medgemma-4b-it,-1,Expert
HP:0000275,exact,,Decreased horizontal dimension of face,medgemma-4b-it,-1,Expert
HP:0000275,exact,layperson,Decreased breadth of face,medgemma-4b-it,-1,Expert
HP:0011073,exact,layperson,Abnormality of tooth shade,medgemma-4b-it,-1,Expert
HP:0011073,exact,uk,Abnormality of tooth colour,medgemma-4b-it,-1,Expert
HP:0011073,exact,layperson,Abnormality of tooth color,medgemma-4b-it,-1,Expert
HP:0011073,exact,,Abnormality of dental shade,medgemma-4b-it,-1,Expert
HP:0011073,exact,uk,Abnormality of dental colour,medgemma-4b-it,-1,Expert
HP:0000457,exact,,Retruded nasal ridge,medgemma-4b-it,-1,Expert
HP:0000457,exact,,Retruded nasal dorsum,medgemma-4b-it,-1,Expert
HP:0000457,exact,,Retruded dorsum of nose,medgemma-4b-it,-1,Expert
HP:0000457,exact,layperson,Recessed nasal ridge,medgemma-4b-it,-1,Expert
HP:0000457,exact,,Recessed nasal dorsum,medgemma-4b-it,-1,Expert
HP:0000457,exact,,Recessed dorsum of nose,medgemma-4b-it,-1,Expert
HP:0000457,exact,layperson,Flat nose,medgemma-4b-it,-1,Expert
HP:0000457,exact,,Flat nasal dorsum,medgemma-4b-it,-1,Expert
HP:0000457,exact,,Flat dorsum of nose,medgemma-4b-it,-1,Expert
HP:0000457,exact,,Depressed nasal dorsum,medgemma-4b-it,-1,Expert
HP:0000457,exact,,Depressed dorsum of nose,medgemma-4b-it,-1,Expert
HP:0000256,exact,direct,Macrocephalus,medgemma-4b-it,-1,Expert
HP:0000256,exact,direct,Macrocrania,medgemma-4b-it,-1,Expert
HP:0000256,exact,,Megacephaly,medgemma-4b-it,-1,Expert
HP:0000256,exact,layperson,Large head circumference,medgemma-4b-it,-1,Expert
HP:0000256,exact,layperson,Large head,medgemma-4b-it,-1,Expert
HP:0000256,exact,layperson,Increased size of skull,medgemma-4b-it,-1,Expert
HP:0000256,exact,,Increased size of cranium,medgemma-4b-it,-1,Expert
HP:0000256,broad,layperson,Large skull,medgemma-4b-it,-1,Expert
HP:0000256,broad,,Large cranium,medgemma-4b-it,-1,Expert
HP:0000256,broad,,Large calvaria,medgemma-4b-it,-1,Expert
HP:0000256,broad,layperson,Increased size of head,medgemma-4b-it,-1,Expert
HP:0000256,broad,layperson,Big skull,medgemma-4b-it,-1,Expert
HP:0000256,broad,layperson,Big head,medgemma-4b-it,-1,Lay-person
HP:0000256,broad,layperson,Big cranium,medgemma-4b-it,-1,Expert
HP:0000256,broad,layperson,Big calvaria,medgemma-4b-it,-1,Expert
HP:0012098,exact,direct,Edema of dorsum of feet,medgemma-4b-it,-1,Expert
HP:0012098,exact,uk,Oedema of the dorsum of feet,medgemma-4b-it,-1,Expert
HP:0012098,exact,uk,Oedema of dorsum of feet,medgemma-4b-it,-1,Expert
HP:0001684,exact,direct,Ostium secundum atrial septal defect,medgemma-4b-it,-1,Expert
HP:0001684,exact,direct,Patent ostium secundum,medgemma-4b-it,-1,Expert
HP:0001684,exact,,"Atrial septal defect, ostium secundum type",medgemma-4b-it,-1,Expert
HP:0002020,exact,direct,Gastro-esophageal reflux,medgemma-4b-it,-1,Expert
HP:0002020,exact,direct,Gastroesophageal reflux disease,medgemma-4b-it,-1,Expert
HP:0002020,exact,layperson,Heartburn,medgemma-4b-it,-1,Lay-person
HP:0002020,exact,uk,Gastro-oesophageal reflux,medgemma-4b-it,-1,Expert
HP:0002020,exact,abbreviation,GORD,medgemma-4b-it,-1,Expert
HP:0002020,exact,abbreviation,GERD,medgemma-4b-it,-1,Expert
HP:0002020,exact,layperson,Acid reflux disease,medgemma-4b-it,-1,Expert
HP:0002020,exact,layperson,Acid reflux,medgemma-4b-it,-1,Expert
HP:0007620,exact,direct,Cutaneous leiomyomas,medgemma-4b-it,-1,Expert
HP:0007620,exact,direct,Cutaneous leiomyomata,medgemma-4b-it,-1,Expert
HP:0031018,exact,direct,Acrosyringeal adenomatosis,medgemma-4b-it,-1,Expert
HP:0031018,exact,direct,Eccrine syringofibroadenomatous hyperplasia,medgemma-4b-it,-1,Expert
HP:0031018,exact,direct,Syringofibroadenoma,medgemma-4b-it,-1,Expert
HP:0010668,exact,direct,Abnormal malar bone morphology,medgemma-4b-it,-1,Expert
HP:0010668,exact,direct,Abnormality of the zygomatic bone,medgemma-4b-it,-1,Expert
HP:0010668,narrow,,Malformation of the zygomatic bone,medgemma-4b-it,-1,Expert
HP:0010668,narrow,,Deformity of the zygomatic bone,medgemma-4b-it,-1,Expert
HP:0010668,narrow,layperson,Deformity of the cheekbone,medgemma-4b-it,-1,Expert
HP:0010668,narrow,,Anomaly of the zygomatic bone,medgemma-4b-it,-1,Expert
HP:0010668,exact,layperson,Abnormality of the cheekbone,medgemma-4b-it,-1,Expert
HP:0010034,exact,direct,First metacarpal hypoplasia,medgemma-4b-it,-1,Expert
HP:0010034,exact,direct,First metacarpals hypoplastic,medgemma-4b-it,-1,Expert
HP:0010034,exact,direct,Hypoplastic 1st metacarpal,medgemma-4b-it,-1,Expert
HP:0010034,exact,direct,Short first metacarpal,medgemma-4b-it,-1,Expert
HP:0010034,exact,direct,Short first metacarpals,medgemma-4b-it,-1,Expert
HP:0010034,exact,layperson,Shortened 1st long bone of hand,medgemma-4b-it,-1,Expert
HP:0005465,related,,Increased ossification of facial skeleton,medgemma-4b-it,-1,Expert
HP:0005465,related,,Increased ossification of facial bones,medgemma-4b-it,-1,Expert
HP:0005465,exact,layperson,Overgrowth of the facial bones,medgemma-4b-it,-1,Expert
HP:0005465,exact,layperson,Overgrowth of facial skeleton,medgemma-4b-it,-1,Expert
HP:0005465,exact,layperson,Overgrowth of facial bones,medgemma-4b-it,-1,Expert
HP:0005465,exact,layperson,Increase in size of the facial bones,medgemma-4b-it,-1,Expert
HP:0005465,exact,,Hypertrophy of the facial bones,medgemma-4b-it,-1,Expert
HP:0005465,exact,,Hyperostosis of facial skeleton,medgemma-4b-it,-1,Expert
HP:0005465,exact,,Hyperostosis of facial bones,medgemma-4b-it,-1,Expert
HP:0005465,exact,layperson,Excessive growth of facial skeleton,medgemma-4b-it,-1,Expert
HP:0005465,exact,layperson,Excessive growth of facial bones,medgemma-4b-it,-1,Expert
HP:0005465,exact,layperson,Enlargement of the facial bones,medgemma-4b-it,-1,Expert
HP:0005465,broad,,Hypertrophy of facial skeleton,medgemma-4b-it,-1,Expert
HP:0005465,broad,,Hypertrophy of facial bones,medgemma-4b-it,-1,Expert
HP:0005465,broad,layperson,Enlargement of facial skeleton,medgemma-4b-it,-1,Expert
HP:0005465,broad,layperson,Enlargement of facial bones,medgemma-4b-it,-1,Expert
HP:0001290,exact,direct,Generalized muscular hypotonia,medgemma-4b-it,-1,Expert
HP:0001290,exact,direct,"Hypotonia, generalized",medgemma-4b-it,-1,Expert
HP:0001290,exact,uk,"Hypotonia, generalised",medgemma-4b-it,-1,Expert
HP:0001290,exact,layperson,Generalized decreased muscle tone,medgemma-4b-it,-1,Expert
HP:0001290,exact,uk,Generalised muscular hypotonia,medgemma-4b-it,-1,Expert
HP:0001290,exact,uk,Generalised hypotonia,medgemma-4b-it,-1,Expert
HP:0001290,exact,uk,Generalised decreased muscle tone,medgemma-4b-it,-1,Expert
HP:0002984,exact,direct,Hypoplastic radii,medgemma-4b-it,-1,Expert
HP:0002984,exact,direct,Hypoplastic radius,medgemma-4b-it,-1,Expert
HP:0002984,exact,direct,Radial hypoplasia,medgemma-4b-it,-1,Expert
HP:0002984,exact,direct,Short radii,medgemma-4b-it,-1,Expert
HP:0002984,exact,direct,Short radius,medgemma-4b-it,-1,Expert
HP:0002984,exact,direct,Shortening of radius,medgemma-4b-it,-1,Expert
HP:0002984,related,direct,Radial ray hypoplasia,medgemma-4b-it,-1,Expert
HP:0002984,exact,layperson,Underdeveloped outer large forearm bone,medgemma-4b-it,-1,Expert
HP:0002925,exact,direct,Elevated thyroid stimulating hormone,medgemma-4b-it,-1,Expert
HP:0002925,exact,direct,Elevated thyroid stimulating hormone levels,medgemma-4b-it,-1,Expert
HP:0002925,exact,direct,Increased serum thyroid-stimulating hormone,medgemma-4b-it,-1,Expert
HP:0002925,exact,direct,Increased thyroid-stimulating hormone,medgemma-4b-it,-1,Expert
HP:0002925,exact,direct,Increased thyroid-stimulating hormone level,medgemma-4b-it,-1,Expert
HP:0002925,exact,direct,Increased thyrotropin level,medgemma-4b-it,-1,Expert
HP:0002925,exact,direct,Thyroid-stimulating hormone excess,medgemma-4b-it,-1,Expert
HP:0002925,exact,abbreviation,TSH excess,medgemma-4b-it,-1,Expert
HP:0002925,exact,abbreviation,High TSH,medgemma-4b-it,-1,Expert
HP:0010313,exact,,Macromastia,medgemma-4b-it,-1,Expert
HP:0010313,exact,,Large breast,medgemma-4b-it,-1,Expert
HP:0010313,exact,,Hypertrophy of the breasts,medgemma-4b-it,-1,Expert
HP:0010313,exact,,Gigantomastia,medgemma-4b-it,-1,Expert
HP:0010313,exact,,Breasts enlarged,medgemma-4b-it,-1,Expert
HP:0010313,exact,,Breast enlargement,medgemma-4b-it,-1,Expert
HP:0009611,exact,direct,Bifid distal phalanx of thumb,medgemma-4b-it,-1,Expert
HP:0009611,exact,direct,Bifid terminal phalanges of thumbs,medgemma-4b-it,-1,Expert
HP:0009611,exact,direct,Bifid thumb distal phalanx,medgemma-4b-it,-1,Expert
HP:0009611,exact,direct,Incipient distal thumb phalanx duplication,medgemma-4b-it,-1,Expert
HP:0009611,exact,direct,Notched outermost bone of thumb,medgemma-4b-it,-1,Expert
HP:0009611,exact,direct,Notched terminal thumb phalanx,medgemma-4b-it,-1,Expert
HP:0009611,exact,layperson,Notched outermost bone of the thumb,medgemma-4b-it,-1,Expert
HP:0009908,exact,direct,Transverse earlobe creases,medgemma-4b-it,-1,Expert
HP:0009908,exact,layperson,Earlobe crease,medgemma-4b-it,-1,Expert
HP:5200291,exact,direct,Rapid eye movement sleep behavior disorder,medgemma-4b-it,-1,Expert
HP:5200291,exact,direct,Sleep enactment,medgemma-4b-it,-1,Expert
HP:5200291,exact,uk,Rapid eye movement sleep behaviour disorder,medgemma-4b-it,-1,Expert
HP:5200291,exact,uk,REM sleep behaviour disorder,medgemma-4b-it,-1,Expert
HP:5200291,exact,abbreviation,RBD,medgemma-4b-it,-1,Expert
HP:0100418,exact,direct,Partial duplication of the distal phalanx of the fifth toe,medgemma-4b-it,-1,Expert
HP:0100418,exact,layperson,Partial duplication of the outermost bone of the pinky toe,medgemma-4b-it,-1,Expert
HP:0100418,exact,layperson,Partial duplication of the outermost bone of the pinkie toe,medgemma-4b-it,-1,Expert
HP:0100418,exact,layperson,Partial duplication of the outermost bone of the little toe,medgemma-4b-it,-1,Expert
HP:0100418,exact,layperson,Partial duplication of the outermost bone of the fifth toe,medgemma-4b-it,-1,Expert
HP:0033206,exact,direct,Hyperactive ankle jerk reflex,medgemma-4b-it,-1,Expert
HP:0033206,exact,direct,Hyperactive ankle reflex,medgemma-4b-it,-1,Expert
HP:0005019,exact,direct,Diaphyseal widening,medgemma-4b-it,-1,Expert
HP:0005019,exact,direct,Undertubulated long bones,medgemma-4b-it,-1,Expert
HP:0005019,exact,direct,Undertubulation of diaphyses,medgemma-4b-it,-1,Expert
HP:0005019,exact,layperson,Thickening of shaft or central part of long bones,medgemma-4b-it,-1,Expert
HP:0006321,exact,,Multiple unerupted permanent teeth,medgemma-4b-it,-1,Expert
HP:0006321,exact,,Multiple unerupted adult teeth,medgemma-4b-it,-1,Expert
HP:0006321,exact,,Multiple non-erupting permanent teeth,medgemma-4b-it,-1,Expert
HP:0006321,exact,,Multiple non-erupting adult teeth,medgemma-4b-it,-1,Expert
HP:0006321,exact,,Failure of eruption of multiple permanent teeth,medgemma-4b-it,-1,Expert
HP:0006321,exact,,Failure of eruption of multiple adult teeth,medgemma-4b-it,-1,Expert
HP:0000433,exact,layperson,Abnormality of the nasal mucosa,medgemma-4b-it,-1,Expert
HP:0000433,exact,layperson,Abnormality of nasal mucous membrane,medgemma-4b-it,-1,Expert
HP:0000433,exact,layperson,Abnormality of mucous membrane of nose,medgemma-4b-it,-1,Expert
HP:0000433,exact,layperson,Abnormality of mucosa of nose,medgemma-4b-it,-1,Expert
HP:5200049,exact,,Ordering,medgemma-4b-it,-1,Expert
HP:5200049,exact,,Arranging,medgemma-4b-it,-1,Expert
HP:0002814,exact,direct,Abnormality of the leg,medgemma-4b-it,-1,Expert
HP:0002814,exact,layperson,Lower limb deformities,medgemma-4b-it,-1,Expert
HP:0006483,exact,layperson,Abnormal tooth count,medgemma-4b-it,-1,Expert
HP:0006483,exact,,Abnormal complement of teeth,medgemma-4b-it,-1,Expert
HP:0005643,exact,direct,Brachydactyly of third toes,medgemma-4b-it,-1,Expert
HP:0005643,exact,layperson,Short third toe,medgemma-4b-it,-1,Expert
HP:0100886,exact,,Abnormality of globe position,medgemma-4b-it,-1,Expert
HP:0100886,exact,layperson,Abnormality of eyeball position,medgemma-4b-it,-1,Expert
HP:0100886,exact,layperson,Abnormality of eyeball location,medgemma-4b-it,-1,Expert
HP:0008067,exact,layperson,Abnormally loose or stretchable skin,medgemma-4b-it,-1,Expert
HP:0008067,exact,layperson,Abnormally loose or hyperelastic skin,medgemma-4b-it,-1,Expert
HP:0002342,exact,direct,"Intellectual disability, moderate",medgemma-4b-it,-1,Expert
HP:0002342,exact,direct,"Mental retardation, moderate",medgemma-4b-it,-1,Expert
HP:0002342,exact,direct,Moderate mental deficiency,medgemma-4b-it,-1,Expert
HP:0002342,exact,direct,Moderate mental retardation,medgemma-4b-it,-1,Expert
HP:0002342,exact,layperson,IQ between 34 and 49,medgemma-4b-it,-1,Expert
HP:0030028,exact,layperson,Missing nasal cartilage,medgemma-4b-it,-1,Expert
HP:0030028,exact,layperson,Missing cartilage of nose,medgemma-4b-it,-1,Expert
HP:0030028,exact,layperson,Failure of development of nasal cartilage,medgemma-4b-it,-1,Expert
HP:0030028,exact,layperson,Failure of development of cartilage of nose,medgemma-4b-it,-1,Expert
HP:0030028,exact,,Agenesis of nasal cartilage,medgemma-4b-it,-1,Expert
HP:0030028,exact,,Agenesis of cartilage of nose,medgemma-4b-it,-1,Expert
HP:0030028,exact,layperson,Absent cartilage of nose,medgemma-4b-it,-1,Expert
HP:0009577,exact,direct,Brachymesophalangy II (finger),medgemma-4b-it,-1,Expert
HP:0009577,exact,direct,Hypoplastic middle index finger phalanx,medgemma-4b-it,-1,Expert
HP:0009577,exact,direct,Hypoplastic/small middle phalanx of the 2nd finger,medgemma-4b-it,-1,Expert
HP:0009577,exact,layperson,Short middle bone of index finger,medgemma-4b-it,-1,Expert
HP:0002056,exact,direct,Glabellar abnormality,medgemma-4b-it,-1,Expert
HP:0002056,narrow,layperson,Malformation of the area between the eyebrows,medgemma-4b-it,-1,Expert
HP:0002056,narrow,layperson,Deformity of the area between the eyebrows,medgemma-4b-it,-1,Expert
HP:0002056,exact,layperson,Abnormality of the area between the eyebrows,medgemma-4b-it,-1,Expert
HP:0001999,exact,direct,Distinctive facies,medgemma-4b-it,-1,Expert
HP:0001999,exact,direct,Dysmorphic facial features,medgemma-4b-it,-1,Expert
HP:0001999,exact,direct,Unusual facies,medgemma-4b-it,-1,Expert
HP:0001999,related,layperson,Funny looking face,medgemma-4b-it,-1,Lay-person
HP:0001999,related,layperson,Distortion of face,medgemma-4b-it,-1,Expert
HP:0001999,exact,layperson,Unusual facial appearance,medgemma-4b-it,-1,Expert
HP:0001999,exact,,Facial dysmorphism,medgemma-4b-it,-1,Expert
HP:0001999,exact,,Dysmorphic facies,medgemma-4b-it,-1,Expert
HP:0001999,exact,,Abnormal morphology of the face,medgemma-4b-it,-1,Expert
HP:0001999,broad,layperson,Malformation of face,medgemma-4b-it,-1,Expert
HP:0001999,broad,layperson,Deformity of face,medgemma-4b-it,-1,Expert
HP:0007359,exact,direct,Focal onset seizure,medgemma-4b-it,-1,Expert
HP:0007359,exact,direct,Focal seizure,medgemma-4b-it,-1,Expert
HP:0007359,exact,direct,Partial seizure,medgemma-4b-it,-1,Expert
HP:0007359,exact,layperson,Seizure affecting one half of brain,medgemma-4b-it,-1,Expert
HP:0007359,exact,plural,Partial seizures,medgemma-4b-it,-1,Expert
HP:0007359,exact,plural,Focal-onset seizures,medgemma-4b-it,-1,Expert
HP:0007359,exact,plural,Focal seizures,medgemma-4b-it,-1,Expert
HP:0006315,exact,direct,Single central incisor,medgemma-4b-it,-1,Expert
HP:0006315,exact,direct,Single central upper incisor,medgemma-4b-it,-1,Expert
HP:0006315,exact,direct,Single maxillary central incisor,medgemma-4b-it,-1,Expert
HP:0006315,exact,direct,Single median incisor,medgemma-4b-it,-1,Expert
HP:0006315,exact,direct,Single median maxillary incisor,medgemma-4b-it,-1,Expert
HP:0006315,narrow,,Solitary median maxillary central incisor syndrome,medgemma-4b-it,-1,Expert
HP:0006315,exact,,Solitary midline maxillary central incisor,medgemma-4b-it,-1,Expert
HP:0006315,exact,,Single midline upper front tooth,medgemma-4b-it,-1,Expert
HP:0006315,exact,,Single midline maxillary incisor,medgemma-4b-it,-1,Expert
HP:0006315,exact,layperson,Only one upper front tooth,medgemma-4b-it,-1,Expert
HP:0000436,narrow,layperson,Malformation of tip of nose,medgemma-4b-it,-1,Expert
HP:0000436,narrow,layperson,Malformation of the nasal tip,medgemma-4b-it,-1,Expert
HP:0000436,narrow,layperson,Deformity of tip of nose,medgemma-4b-it,-1,Expert
HP:0000436,narrow,layperson,Deformity of the nasal tip,medgemma-4b-it,-1,Expert
HP:0000436,exact,layperson,Abnormality of tip of nose,medgemma-4b-it,-1,Expert
HP:0000436,exact,layperson,Abnormality of the nasal tip,medgemma-4b-it,-1,Expert
HP:0000413,exact,direct,Absent auditory canals,medgemma-4b-it,-1,Expert
HP:0000413,exact,direct,Absent external auditory canals,medgemma-4b-it,-1,Expert
HP:0000413,exact,direct,Atretic auditory canal,medgemma-4b-it,-1,Expert
HP:0000413,exact,direct,Atretic auditory canals,medgemma-4b-it,-1,Expert
HP:0000413,exact,direct,Atretic external auditory canal,medgemma-4b-it,-1,Expert
HP:0000413,exact,direct,Atretic external auditory canals,medgemma-4b-it,-1,Expert
HP:0000413,exact,direct,Auditory canal atresia,medgemma-4b-it,-1,Expert
HP:0000413,exact,direct,External acoustic meatus atresia,medgemma-4b-it,-1,Expert
HP:0000413,exact,direct,External auditory canal atresia,medgemma-4b-it,-1,Expert
HP:0000413,exact,direct,External auditory meatal atresia,medgemma-4b-it,-1,Expert
HP:0000413,exact,direct,External auditory meatus atresia,medgemma-4b-it,-1,Expert
HP:0000413,related,,Atresia of the external auditory canals,medgemma-4b-it,-1,Expert
HP:0000413,exact,layperson,Absent ear canal,medgemma-4b-it,-1,Expert
HP:0012842,exact,direct,Skin adnexal neoplasm,medgemma-4b-it,-1,Expert
HP:0012842,exact,direct,Skin adnexal tumor,medgemma-4b-it,-1,Expert
HP:0012842,exact,uk,Skin adnexal tumour,medgemma-4b-it,-1,Expert
HP:0005819,exact,direct,Brachymesophalangy,medgemma-4b-it,-1,Expert
HP:0005819,exact,direct,Disproportionately short middle phalanges,medgemma-4b-it,-1,Expert
HP:0005819,exact,direct,Hypoplasia of the middle phalanges of the hand,medgemma-4b-it,-1,Expert
HP:0005819,exact,direct,Hypoplastic middle phalanges,medgemma-4b-it,-1,Expert
HP:0005819,exact,direct,Hypoplastic middle phalanx,medgemma-4b-it,-1,Expert
HP:0005819,exact,direct,Midphalangeal hypoplasia,medgemma-4b-it,-1,Expert
HP:0005819,exact,direct,Short middle phalanges,medgemma-4b-it,-1,Expert
HP:0005819,exact,direct,Shortened middle finger bones,medgemma-4b-it,-1,Expert
HP:0005819,exact,layperson,Short middle bone of finger,medgemma-4b-it,-1,Expert
HP:0008318,exact,abbreviation,Elevated leukocyte ALP,medgemma-4b-it,-1,Expert
HP:0010045,exact,layperson,Absent/underdeveloped 5th long bone of hand,medgemma-4b-it,-1,Expert
HP:0010045,exact,layperson,Absent/small 5th long bone of hand,medgemma-4b-it,-1,Expert
HP:0006713,exact,layperson,Absent/underdeveloped shoulder blade,medgemma-4b-it,-1,Expert
HP:0006713,exact,layperson,Absent/small shoulder blade,medgemma-4b-it,-1,Expert
HP:0100716,exact,direct,Autoagression,medgemma-4b-it,-1,Expert
HP:0100716,exact,direct,Self injury,medgemma-4b-it,-1,Expert
HP:0100716,exact,direct,Self-harm,medgemma-4b-it,-1,Expert
HP:0100716,exact,direct,Self-injurious behaviors,medgemma-4b-it,-1,Expert
HP:0100716,exact,uk,Self-injurious behaviours,medgemma-4b-it,-1,Expert
HP:0011446,exact,direct,Abnormality of higher mental function,medgemma-4b-it,-1,Expert
HP:0001988,exact,direct,Hypoglycemic episodes,medgemma-4b-it,-1,Expert
HP:0001988,exact,direct,Recurrent hypoglycaemia,medgemma-4b-it,-1,Expert
HP:0001988,exact,direct,Recurrent hypoglycemic episodes,medgemma-4b-it,-1,Expert
HP:0001988,exact,,"hypoglycemia, recurrent",medgemma-4b-it,-1,Expert
HP:0001988,exact,,"hypoglycaemia, recurrent",medgemma-4b-it,-1,Expert
HP:0001988,exact,layperson,Recurrent low blood sugar levels,medgemma-4b-it,-1,Expert
HP:0003319,exact,direct,Cervical spine abnormalities,medgemma-4b-it,-1,Expert
HP:0003319,exact,direct,Cervical vertebral abnormalities,medgemma-4b-it,-1,Expert
HP:0003319,exact,direct,Disorder of cervical vertebra,medgemma-4b-it,-1,Expert
HP:0003319,related,,Cervical vertebral anomalies,medgemma-4b-it,-1,Expert
HP:0003319,exact,,Abnormality of the cervical vertebrae,medgemma-4b-it,-1,Expert
HP:0003319,exact,,Abnormality of cervical vertebra,medgemma-4b-it,-1,Expert
HP:0003319,exact,layperson,Abnormal cervical spine,medgemma-4b-it,-1,Expert
HP:0000767,exact,layperson,Funnel chest,medgemma-4b-it,-1,Expert
HP:0040081,exact,direct,Abnormal circulation phospho-CK concentration,medgemma-4b-it,-1,Expert
HP:0040081,exact,layperson,Abnormal levels of creatine kinase in blood,medgemma-4b-it,-1,Expert
HP:0040081,exact,abbreviation,Abnormal circulating CPK concentration,medgemma-4b-it,-1,Expert
HP:0040081,exact,abbreviation,Abnormal circulating CK concentration,medgemma-4b-it,-1,Expert
HP:0000941,exact,layperson,Short shaft of long bone,medgemma-4b-it,-1,Expert
HP:0034671,exact,direct,Contracture of knee,medgemma-4b-it,-1,Expert
HP:0034671,exact,direct,Contracture of the knees,medgemma-4b-it,-1,Expert
HP:0034671,exact,plural,Knee contractures,medgemma-4b-it,-1,Expert
HP:0000504,exact,layperson,Vision issue,medgemma-4b-it,-1,Expert
HP:0000504,exact,layperson,Abnormality of sight,medgemma-4b-it,-1,Expert
HP:0001582,exact,layperson,"Sagging, redundant skin",medgemma-4b-it,-1,Expert
HP:0001582,exact,layperson,Redundant skin folds,medgemma-4b-it,-1,Expert
HP:0001582,exact,layperson,Loose redundant skin,medgemma-4b-it,-1,Expert
HP:0002119,exact,direct,Cerebral ventricular dilatation,medgemma-4b-it,-1,Expert
HP:0002119,exact,direct,Dilated cerebral ventricle,medgemma-4b-it,-1,Expert
HP:0002119,exact,direct,Dilated cerebral ventricles,medgemma-4b-it,-1,Expert
HP:0002119,exact,direct,Dilated ventricles,medgemma-4b-it,-1,Expert
HP:0002119,exact,direct,Enlarged cerebral ventricles,medgemma-4b-it,-1,Expert
HP:0002119,exact,direct,Enlarged ventricles,medgemma-4b-it,-1,Expert
HP:0002119,exact,direct,Enlarged ventricular system,medgemma-4b-it,-1,Expert
HP:0002119,exact,direct,Large cerebral ventricles and cisternae,medgemma-4b-it,-1,Expert
HP:0002119,exact,direct,Ventricular dilatation,medgemma-4b-it,-1,Expert
HP:0010546,exact,direct,EMG: fibrillations on electromyogram,medgemma-4b-it,-1,Expert
HP:0010546,related,layperson,Twitching,medgemma-4b-it,-1,Expert
HP:0004467,exact,direct,Preauricular earpits,medgemma-4b-it,-1,Expert
HP:0004467,exact,direct,Preauricular fistulas,medgemma-4b-it,-1,Expert
HP:0004467,exact,direct,Preauricular pits,medgemma-4b-it,-1,Expert
HP:0004467,exact,direct,Preauricular sinus,medgemma-4b-it,-1,Expert
HP:0004467,exact,layperson,Pit in front of the ear,medgemma-4b-it,-1,Expert
HP:0004467,exact,,Ear pit,medgemma-4b-it,-1,Expert
HP:0002692,related,,Hypotrophic facial skeleton,medgemma-4b-it,-1,Expert
HP:0002692,related,,Hypotrophic facial bones,medgemma-4b-it,-1,Expert
HP:0002692,related,layperson,Flattening of facial skeleton,medgemma-4b-it,-1,Expert
HP:0002692,related,layperson,Flattening of facial bones,medgemma-4b-it,-1,Expert
HP:0002692,exact,layperson,Decreased size of facial skeleton,medgemma-4b-it,-1,Expert
HP:0002692,exact,layperson,Decreased size of facial bones,medgemma-4b-it,-1,Expert
HP:0002692,broad,layperson,Underdevelopment of facial skeleton,medgemma-4b-it,-1,Expert
HP:0002692,broad,layperson,Underdevelopment of facial bones,medgemma-4b-it,-1,Expert
HP:0002692,broad,layperson,Small facial skeleton,medgemma-4b-it,-1,Expert
HP:0002692,broad,layperson,Small facial bones,medgemma-4b-it,-1,Expert
HP:0002692,broad,,Hypoplasia of facial skeleton,medgemma-4b-it,-1,Expert
HP:0002679,exact,direct,Abnormality of the sella turcica,medgemma-4b-it,-1,Expert
HP:0002679,narrow,,Anomaly of the pituitary fossa,medgemma-4b-it,-1,Expert
HP:0002679,narrow,,Anomaly of the hypophysial fossa,medgemma-4b-it,-1,Expert
HP:0002679,narrow,,Abnormality of the pituitary fossa,medgemma-4b-it,-1,Expert
HP:0002679,narrow,,Abnormality of the hypophysial fossa,medgemma-4b-it,-1,Expert
HP:0002679,exact,,Anomaly of the sella turcica,medgemma-4b-it,-1,Expert
HP:0010751,related,layperson,Chin dimples,medgemma-4b-it,-1,Expert
HP:0010751,exact,layperson,Indentation of chin,medgemma-4b-it,-1,Expert
HP:0010751,exact,,Gelasin of chin,medgemma-4b-it,-1,Expert
HP:0010751,exact,layperson,Chin skin dimple,medgemma-4b-it,-1,Expert
HP:0010751,exact,layperson,Chin dimple,medgemma-4b-it,-1,Expert
HP:0010751,exact,layperson,Chin dent,medgemma-4b-it,-1,Expert
HP:0010751,exact,layperson,Chin butt,medgemma-4b-it,-1,Lay-person
HP:0100754,exact,direct,Hypomania,medgemma-4b-it,-1,Expert
HP:0100754,exact,direct,Hypomanic,medgemma-4b-it,-1,Expert
HP:0100754,exact,layperson,Manic,medgemma-4b-it,-1,Expert
HP:0011075,exact,,Green tooth shade,medgemma-4b-it,-1,Expert
HP:0011075,exact,uk,Green coloured teeth,medgemma-4b-it,-1,Expert
HP:0011075,exact,layperson,Green colored teeth,medgemma-4b-it,-1,Expert
HP:0009650,exact,direct,Hypoplastic terminal thumb phalanx,medgemma-4b-it,-1,Expert
HP:0009650,exact,direct,Hypoplastic/small distal phalanx of the thumb,medgemma-4b-it,-1,Expert
HP:0009650,exact,direct,Short terminal thumb phalanx,medgemma-4b-it,-1,Expert
HP:0009650,exact,direct,Short thumb terminal phalanx,medgemma-4b-it,-1,Expert
HP:0009650,exact,direct,Small terminal thumb phalanx,medgemma-4b-it,-1,Expert
HP:0009650,exact,layperson,Short outermost bone of the thumb,medgemma-4b-it,-1,Expert
HP:0006480,narrow,,Premature exfoliation of teeth,medgemma-4b-it,-1,Expert
HP:0006480,exact,layperson,Premature tooth loss,medgemma-4b-it,-1,Expert
HP:0006480,exact,layperson,Premature teeth loss,medgemma-4b-it,-1,Expert
HP:0006480,exact,layperson,Loss of teeth,medgemma-4b-it,-1,Expert
HP:0006480,exact,layperson,Early tooth loss,medgemma-4b-it,-1,Expert
HP:0002474,exact,direct,Deficit in expressive language,medgemma-4b-it,-1,Expert
HP:0002474,broad,layperson,Communication delay,medgemma-4b-it,-1,Expert
HP:0009909,exact,direct,Fleshy upturned lobules,medgemma-4b-it,-1,Expert
HP:0009909,related,layperson,Upturned earlobes,medgemma-4b-it,-1,Expert
HP:0009909,related,layperson,Uplifted earlobes,medgemma-4b-it,-1,Expert
HP:0009909,exact,layperson,Upturned earlobe,medgemma-4b-it,-1,Expert
HP:0009909,exact,layperson,"Lobe, uplifted",medgemma-4b-it,-1,Expert
HP:0000303,exact,direct,Big mandible,medgemma-4b-it,-1,Expert
HP:0000303,exact,direct,Enlarged mandible,medgemma-4b-it,-1,Expert
HP:0000303,exact,direct,Enlargement of mandible,medgemma-4b-it,-1,Expert
HP:0000303,exact,direct,Hyperplasia of lower jaw,medgemma-4b-it,-1,Expert
HP:0000303,exact,direct,Large mandible,medgemma-4b-it,-1,Expert
HP:0000303,exact,direct,Lower jaw excess,medgemma-4b-it,-1,Expert
HP:0000303,exact,direct,Lower jaw hyperplasia,medgemma-4b-it,-1,Expert
HP:0000303,exact,direct,Macromandible,medgemma-4b-it,-1,Expert
HP:0000303,exact,direct,Mandible prognathism,medgemma-4b-it,-1,Expert
HP:0000303,exact,direct,Mandibular excess,medgemma-4b-it,-1,Expert
HP:0000303,exact,direct,Mandibular hyperplasia,medgemma-4b-it,-1,Expert
HP:0000303,exact,direct,Mandibular macrognathia,medgemma-4b-it,-1,Expert
HP:0000303,exact,direct,Mandibular prognathism,medgemma-4b-it,-1,Expert
HP:0000303,exact,direct,Prognathia,medgemma-4b-it,-1,Expert
HP:0000303,exact,direct,Prognathism,medgemma-4b-it,-1,Expert
HP:0000303,exact,direct,Prominent jaw,medgemma-4b-it,-1,Expert
HP:0000303,exact,direct,Relative mandibular prognathism,medgemma-4b-it,-1,Expert
HP:0000303,related,layperson,Increased size of mandible,medgemma-4b-it,-1,Expert
HP:0000303,exact,,Prominent mandible,medgemma-4b-it,-1,Expert
HP:0000303,exact,layperson,Prominent lower jaw,medgemma-4b-it,-1,Expert
HP:0000303,exact,layperson,Prominent chin,medgemma-4b-it,-1,Expert
HP:0000303,exact,layperson,Large lower jaw,medgemma-4b-it,-1,Expert
HP:0000303,exact,layperson,Increased size of lower jaw,medgemma-4b-it,-1,Expert
HP:0000303,exact,,Increased projection of mandible,medgemma-4b-it,-1,Expert
HP:0000303,exact,layperson,Increased projection of lower jaw,medgemma-4b-it,-1,Expert
HP:0000303,exact,layperson,Big lower jaw,medgemma-4b-it,-1,Expert
HP:0000303,broad,,Hypertrophy of mandible,medgemma-4b-it,-1,Expert
HP:0000303,broad,,Hypertrophy of lower jaw,medgemma-4b-it,-1,Expert
HP:0009237,exact,direct,Fifth finger brachydactyly,medgemma-4b-it,-1,Expert
HP:0009237,exact,direct,Hypoplastic phalanges of the little finger,medgemma-4b-it,-1,Expert
HP:0009237,exact,direct,Hypoplastic/small 5th finger,medgemma-4b-it,-1,Expert
HP:0009237,exact,direct,Hypoplastic/small little finger,medgemma-4b-it,-1,Expert
HP:0009237,exact,direct,Short phalanges of the little finger,medgemma-4b-it,-1,Expert
HP:0009237,exact,layperson,Short pinky finger,medgemma-4b-it,-1,Expert
HP:0009237,exact,layperson,Short pinkie finger,medgemma-4b-it,-1,Expert
HP:0009237,exact,layperson,Short little finger,medgemma-4b-it,-1,Expert
HP:0009237,exact,layperson,Short fifth fingers,medgemma-4b-it,-1,Expert
HP:0009237,exact,layperson,Short fifth finger,medgemma-4b-it,-1,Expert
HP:0031949,exact,abbreviation,Recurrent bacterial URI,medgemma-4b-it,-1,Expert
HP:0002398,exact,direct,Anterior horn cell loss,medgemma-4b-it,-1,Expert
HP:0002398,exact,direct,Degeneration of alpha-motor neurons in anterior horn cells of the spinal cord,medgemma-4b-it,-1,Expert
HP:0002398,exact,direct,Degeneration of spinal cord anterior horn cells,medgemma-4b-it,-1,Expert
HP:0002398,exact,direct,Loss of spinal cord anterior horn cells,medgemma-4b-it,-1,Expert
HP:0002398,exact,direct,Progressive loss of anterior horn cells,medgemma-4b-it,-1,Expert
HP:0002398,exact,direct,Spinal cord anterior horn cell degeneration,medgemma-4b-it,-1,Expert
HP:0030319,exact,layperson,Weakness of face,medgemma-4b-it,-1,Expert
HP:0030319,exact,layperson,Reduced facial muscle strength,medgemma-4b-it,-1,Expert
HP:0030319,exact,,Myasthenia of facial muscles,medgemma-4b-it,-1,Expert
HP:0030319,exact,layperson,Facial weakness,medgemma-4b-it,-1,Expert
HP:0030319,exact,layperson,Facial muscle weakness,medgemma-4b-it,-1,Expert
HP:0030319,exact,layperson,Face weakness,medgemma-4b-it,-1,Expert
HP:0030319,exact,layperson,Decreased strength of facial muscles,medgemma-4b-it,-1,Expert
HP:0030319,exact,layperson,Decreased facial muscle strength,medgemma-4b-it,-1,Expert
HP:0000221,exact,direct,Prominent tongue grooves,medgemma-4b-it,-1,Expert
HP:0000221,exact,direct,Scrotal tongue,medgemma-4b-it,-1,Expert
HP:0000221,exact,,Plicated tongue,medgemma-4b-it,-1,Expert
HP:0000221,exact,,Lingual furrow,medgemma-4b-it,-1,Expert
HP:0000221,exact,,Lingua plicata,medgemma-4b-it,-1,Expert
HP:0000221,exact,layperson,Grooved tongue,medgemma-4b-it,-1,Expert
HP:0000221,exact,,Fissured tongue,medgemma-4b-it,-1,Expert
HP:0003448,exact,direct,Decreased sensory NCV,medgemma-4b-it,-1,Expert
HP:0003448,exact,direct,Decreased sensory nerve conduction velocities,medgemma-4b-it,-1,Expert
HP:0009129,exact,direct,Amyotrophy involving the upper limbs,medgemma-4b-it,-1,Expert
HP:0034295,related,direct,White matter loss,medgemma-4b-it,-1,Expert
HP:0000316,exact,direct,Increased interpupillary distance,medgemma-4b-it,-1,Expert
HP:0000316,exact,direct,Ocular hypertelorism,medgemma-4b-it,-1,Expert
HP:0000316,exact,direct,Widened interpupillary distance,medgemma-4b-it,-1,Expert
HP:0000316,exact,layperson,Widely spaced eyes,medgemma-4b-it,-1,Expert
HP:0000316,exact,layperson,Wide-set eyes,medgemma-4b-it,-1,Expert
HP:0000316,exact,,Increased distance between eyes,medgemma-4b-it,-1,Expert
HP:0000316,exact,,Increased distance between eye sockets,medgemma-4b-it,-1,Expert
HP:0000316,exact,,Excessive orbital separation,medgemma-4b-it,-1,Expert
HP:0410243,exact,direct,Abnormal IgM level in blood,medgemma-4b-it,-1,Expert
HP:0410243,exact,direct,Abnormal circulating IgM level,medgemma-4b-it,-1,Expert
HP:0000260,exact,direct,Large anterior fontanel,medgemma-4b-it,-1,Expert
HP:0000260,exact,direct,Large anterior fontanelle,medgemma-4b-it,-1,Expert
HP:0000260,exact,direct,Large open anterior fontanel,medgemma-4b-it,-1,Expert
HP:0000260,exact,direct,Large open anterior fontanelle,medgemma-4b-it,-1,Expert
HP:0000260,exact,direct,Wide anterior fontanelle,medgemma-4b-it,-1,Expert
HP:0000260,exact,direct,Wide open anterior fontanelle,medgemma-4b-it,-1,Expert
HP:0000260,related,,Large anterior fontanels,medgemma-4b-it,-1,Expert
HP:0000260,exact,layperson,Wider-than-typical soft spot of skull,medgemma-4b-it,-1,Expert
HP:0032790,exact,uk,Focal impaired awareness behaviour arrest seizure,medgemma-4b-it,-1,Expert
HP:0009659,related,direct,Aplasia of the phalanges of the thumb,medgemma-4b-it,-1,Expert
HP:0002761,exact,direct,Generalized joint laxity,medgemma-4b-it,-1,Expert
HP:0002761,related,,"Joint laxity, generalized",medgemma-4b-it,-1,Expert
HP:0002761,related,uk,"Joint laxity, generalised",medgemma-4b-it,-1,Expert
HP:0002761,exact,layperson,Hypermobility of all joints,medgemma-4b-it,-1,Expert
HP:0002761,exact,uk,Generalised joint laxity,medgemma-4b-it,-1,Expert
HP:0011173,exact,direct,Focal hypokinetic seizure,medgemma-4b-it,-1,Expert
HP:0011173,exact,direct,Hypokinetic seizure,medgemma-4b-it,-1,Expert
HP:0011173,exact,direct,Localised seizure with behavioral arrest,medgemma-4b-it,-1,Expert
HP:0011173,exact,direct,Localized seizure with behavioral arrest,medgemma-4b-it,-1,Expert
HP:0011173,exact,direct,Partial hypokinetic seizure,medgemma-4b-it,-1,Expert
HP:0011173,exact,direct,Partial seizure with behavior arrest,medgemma-4b-it,-1,Expert
HP:0011173,exact,uk,Partial seizure with behaviour arrest,medgemma-4b-it,-1,Expert
HP:0011173,exact,uk,Localised seizure with behavioural arrest,medgemma-4b-it,-1,Expert
HP:0011173,exact,plural,Hypokinetic seizures,medgemma-4b-it,-1,Expert
HP:0011173,exact,uk,Focal behaviour arrest seizure,medgemma-4b-it,-1,Expert
HP:0011119,exact,direct,Abnormality of the nasal dorsum,medgemma-4b-it,-1,Expert
HP:0011119,exact,direct,Anomaly of the nasal ridge,medgemma-4b-it,-1,Expert
HP:0011119,narrow,layperson,Malformation of the nasal ridge,medgemma-4b-it,-1,Expert
HP:0011119,narrow,layperson,Malformation of the nasal dorsum,medgemma-4b-it,-1,Expert
HP:0011119,narrow,layperson,Malformation of the dorsum of nose,medgemma-4b-it,-1,Expert
HP:0011119,narrow,layperson,Deformity of the nasal ridge,medgemma-4b-it,-1,Expert
HP:0011119,narrow,,Deformity of the nasal dorsum,medgemma-4b-it,-1,Expert
HP:0011119,narrow,,Deformity of the dorsum of the nose,medgemma-4b-it,-1,Expert
HP:0011119,narrow,layperson,Crooked nasal ridge,medgemma-4b-it,-1,Expert
HP:0011119,narrow,layperson,Crooked nasal dorsum,medgemma-4b-it,-1,Expert
HP:0011119,narrow,layperson,Crooked dorsum of nose,medgemma-4b-it,-1,Expert
HP:0011119,narrow,,Abnormal morphology of dorsum of nose,medgemma-4b-it,-1,Expert
HP:0011119,exact,layperson,Abnormality of the nasal ridge,medgemma-4b-it,-1,Expert
HP:0011119,exact,,Abnormality of the dorsum of nose,medgemma-4b-it,-1,Expert
HP:0000319,exact,direct,Flat philtrum,medgemma-4b-it,-1,Expert
HP:0000319,exact,direct,Indistinct philtrum,medgemma-4b-it,-1,Expert
HP:0000319,exact,direct,"Philtrum, smooth",medgemma-4b-it,-1,Expert
HP:0000319,exact,direct,Simple philtrum,medgemma-4b-it,-1,Expert
HP:0000319,exact,,Shallow philtrum,medgemma-4b-it,-1,Expert
HP:0000319,exact,,Decreased depth of philtrum,medgemma-4b-it,-1,Expert
HP:0010807,exact,layperson,Open bite between upper and lower teeth,medgemma-4b-it,-1,Expert
HP:0010807,exact,layperson,Absence of overlap of upper and lower teeth,medgemma-4b-it,-1,Expert
HP:0010628,exact,direct,Cranial nerve VII palsy,medgemma-4b-it,-1,Expert
HP:0010628,exact,direct,Facial nerve palsy,medgemma-4b-it,-1,Expert
HP:0010628,exact,direct,Facial nerve paralysis,medgemma-4b-it,-1,Expert
HP:0010628,exact,direct,"Facial palsy, unilateral or bilateral",medgemma-4b-it,-1,Expert
HP:0010628,exact,direct,Seventh cranial nerve palsy,medgemma-4b-it,-1,Expert
HP:0010628,exact,direct,VII th cranial nerve palsy,medgemma-4b-it,-1,Expert
HP:0010628,related,direct,Facial muscle weakness of muscles innervated by CN VII,medgemma-4b-it,-1,Expert
HP:0010628,exact,layperson,Bell's palsy,medgemma-4b-it,-1,Expert
HP:0000301,exact,layperson,Facial muscle issue,medgemma-4b-it,-1,Expert
HP:0000301,exact,layperson,Abnormality of facial muscles,medgemma-4b-it,-1,Expert
HP:0003498,exact,direct,"Short stature, disproportionate",medgemma-4b-it,-1,Expert
HP:0003498,related,,"Short stature, severe disproportionate",medgemma-4b-it,-1,Expert
HP:0002996,exact,layperson,Restricted elbow motion,medgemma-4b-it,-1,Expert
HP:0002996,exact,layperson,Limited elbow mobility,medgemma-4b-it,-1,Expert
HP:0002996,exact,layperson,Decreased elbow mobility,medgemma-4b-it,-1,Expert
HP:0004440,exact,direct,Craniosynostosis of coronal suture,medgemma-4b-it,-1,Expert
HP:0004440,exact,,Coronal suture synostosis,medgemma-4b-it,-1,Expert
HP:0004440,exact,,Coronal suture craniosynostosis,medgemma-4b-it,-1,Expert
HP:0002860,broad,,Squamous cell cancer,medgemma-4b-it,-1,Expert
HP:0000448,related,,Nasal hypertrophy,medgemma-4b-it,-1,Expert
HP:0000448,related,,Nasal hyperplasia,medgemma-4b-it,-1,Expert
HP:0000448,related,,Hypertrophy of nose,medgemma-4b-it,-1,Expert
HP:0000448,related,,Hyperplasia of nose,medgemma-4b-it,-1,Expert
HP:0000448,exact,layperson,Pronounced nose,medgemma-4b-it,-1,Expert
HP:0000448,exact,layperson,Large nose,medgemma-4b-it,-1,Expert
HP:0000448,exact,layperson,Increased size of nose,medgemma-4b-it,-1,Expert
HP:0000448,exact,layperson,Increased nasal size,medgemma-4b-it,-1,Expert
HP:0000448,exact,layperson,Disproportionately large nose,medgemma-4b-it,-1,Expert
HP:0000448,exact,layperson,Big nose,medgemma-4b-it,-1,Lay-person
HP:0002069,exact,direct,Bilateral convulsive seizures,medgemma-4b-it,-1,Expert
HP:0002069,exact,direct,Generalised tonic-clonic seizure (without specification of onset),medgemma-4b-it,-1,Expert
HP:0002069,exact,direct,Generalized convulsion,medgemma-4b-it,-1,Expert
HP:0002069,exact,direct,Generalized tonic-clonic seizure (without specification of onset),medgemma-4b-it,-1,Expert
HP:0002069,exact,direct,Grand mal,medgemma-4b-it,-1,Expert
HP:0002069,exact,direct,"Seizures, tonic-clonic",medgemma-4b-it,-1,Expert
HP:0002069,exact,plural,Tonic-clonic convulsions,medgemma-4b-it,-1,Expert
HP:0002069,exact,,Tonic-clonic convulsion,medgemma-4b-it,-1,Expert
HP:0002069,exact,layperson,Grand mal seizures,medgemma-4b-it,-1,Expert
HP:0002069,exact,uk,Generalised convulsion,medgemma-4b-it,-1,Expert
HP:0006152,exact,direct,Proximal interphalangeal joint synostoses,medgemma-4b-it,-1,Expert
HP:0006152,exact,layperson,Fused innermost hinge joints,medgemma-4b-it,-1,Expert
HP:0000185,exact,,Cleft velum,medgemma-4b-it,-1,Expert
HP:0000185,exact,,Cleft of soft palate,medgemma-4b-it,-1,Expert
HP:0000185,exact,,Cleft muscular palate,medgemma-4b-it,-1,Expert
HP:0009063,exact,direct,"Muscle weakness, distal, progressive",medgemma-4b-it,-1,Expert
HP:0009063,exact,direct,"Muscle weakness, progressive, distal",medgemma-4b-it,-1,Expert
HP:0011927,related,layperson,Very short digits,medgemma-4b-it,-1,Expert
HP:0004313,exact,direct,Decreased antibody level in blood,medgemma-4b-it,-1,Expert
HP:0004313,exact,direct,Decreased immunoglobulin level,medgemma-4b-it,-1,Expert
HP:0004313,exact,direct,Decreased serum immunoglobulin,medgemma-4b-it,-1,Expert
HP:0004313,exact,direct,Hypogammaglobulinemia,medgemma-4b-it,-1,Expert
HP:0004313,exact,direct,Immunoglobulin deficiency,medgemma-4b-it,-1,Expert
HP:0004313,exact,direct,Reduced immunoglobulin levels,medgemma-4b-it,-1,Expert
HP:0004313,exact,layperson,Decreased circulating antibody level,medgemma-4b-it,-1,Expert
HP:0011120,related,layperson,Saddle nose deformity,medgemma-4b-it,-1,Expert
HP:0011120,exact,layperson,Ski jump nose,medgemma-4b-it,-1,Expert
HP:0011120,exact,,Saddle shaped nasal dorsum,medgemma-4b-it,-1,Expert
HP:0011120,exact,layperson,Saddle nose,medgemma-4b-it,-1,Expert
HP:0011120,exact,,Concave nasal dorsum,medgemma-4b-it,-1,Expert
HP:0011120,exact,,Concave dorsum of nose,medgemma-4b-it,-1,Expert
HP:0011120,exact,layperson,Boxer's nose deformity,medgemma-4b-it,-1,Expert
HP:0011120,exact,layperson,Boxer's nasal deformity,medgemma-4b-it,-1,Expert
HP:0034353,exact,direct,Extremity spasticity,medgemma-4b-it,-1,Expert
HP:0034353,exact,direct,Limb spasticity,medgemma-4b-it,-1,Expert
HP:0034353,exact,direct,Spastic extremities,medgemma-4b-it,-1,Expert
HP:0034353,exact,direct,Spastic limb,medgemma-4b-it,-1,Expert
HP:0034353,exact,direct,Spastic limbs,medgemma-4b-it,-1,Expert
HP:0034353,exact,direct,Spasticity of extremities,medgemma-4b-it,-1,Expert
HP:0034353,exact,direct,Spasticity of extremity,medgemma-4b-it,-1,Expert
HP:0034353,exact,direct,Spasticity of limbs,medgemma-4b-it,-1,Expert
HP:0002283,exact,direct,Diffuse brain atrophy,medgemma-4b-it,-1,Expert
HP:0002283,exact,direct,Generalized brain atrophy,medgemma-4b-it,-1,Expert
HP:0002283,exact,direct,Generalized cerebral atrophy,medgemma-4b-it,-1,Expert
HP:0002283,exact,layperson,Generalized brain degeneration,medgemma-4b-it,-1,Expert
HP:0002283,exact,uk,Generalised cerebral atrophy,medgemma-4b-it,-1,Expert
HP:0002283,exact,uk,Generalised brain degeneration,medgemma-4b-it,-1,Expert
HP:0002283,exact,uk,Generalised brain atrophy,medgemma-4b-it,-1,Expert
HP:0430135,exact,direct,Abnormal circulating hepatic transaminase activity,medgemma-4b-it,-1,Expert
HP:0012763,exact,uk,Paroxysmal dyspnoea,medgemma-4b-it,-1,Expert
HP:0000168,exact,direct,Gingival abnormality,medgemma-4b-it,-1,Expert
HP:0000168,exact,layperson,Abnormality of the gums,medgemma-4b-it,-1,Expert
HP:0010295,exact,,Lingual aplasia/hypoplasia,medgemma-4b-it,-1,Expert
HP:0001900,exact,direct,Increased hemoglobin,medgemma-4b-it,-1,Expert
HP:0001900,exact,direct,Increased hemoglobin concentration,medgemma-4b-it,-1,Expert
HP:0001900,exact,uk,Increased haemoglobin concentration,medgemma-4b-it,-1,Expert
HP:0001900,exact,uk,Increased haemoglobin,medgemma-4b-it,-1,Expert
HP:0001900,exact,abbreviation,Increased Hb concentration,medgemma-4b-it,-1,Expert
HP:0001900,exact,abbreviation,Increased Hb,medgemma-4b-it,-1,Expert
HP:0012724,exact,uk,Upper eyelid oedema,medgemma-4b-it,-1,Expert
HP:0012724,exact,layperson,Swelling of upper eyelid,medgemma-4b-it,-1,Expert
HP:0012724,exact,layperson,Puffiness of upper eyelid,medgemma-4b-it,-1,Expert
HP:0012724,exact,layperson,Fullness of upper eyelid,medgemma-4b-it,-1,Expert
HP:0012724,exact,,Cellulitis of upper eyelid,medgemma-4b-it,-1,Expert
HP:0006703,exact,layperson,Absent/underdeveloped lungs,medgemma-4b-it,-1,Expert
HP:0006703,exact,layperson,Absent/small lungs,medgemma-4b-it,-1,Expert
HP:0008772,exact,layperson,Absent/underdeveloped external ear,medgemma-4b-it,-1,Expert
HP:0008772,exact,layperson,Absent/small external ear,medgemma-4b-it,-1,Expert
HP:0009836,exact,direct,Broad distal phalanges,medgemma-4b-it,-1,Expert
HP:0009836,exact,direct,Broad distal phalanges of the hand,medgemma-4b-it,-1,Expert
HP:0009836,exact,direct,Broad distal phalanx,medgemma-4b-it,-1,Expert
HP:0009836,exact,direct,Broad terminal phalanges,medgemma-4b-it,-1,Expert
HP:0009836,exact,direct,"Broad, square ends of distal phalanges",medgemma-4b-it,-1,Expert
HP:0009836,exact,direct,Spatulate terminal phalanges,medgemma-4b-it,-1,Expert
HP:0009836,exact,layperson,Broad outermost finger bone,medgemma-4b-it,-1,Expert
HP:0002705,exact,direct,High narrow palate,medgemma-4b-it,-1,Expert
HP:0002705,exact,direct,Narrow and high arched palate,medgemma-4b-it,-1,Expert
HP:0002705,exact,direct,"Narrow, high-arched palate",medgemma-4b-it,-1,Expert
HP:0002705,exact,direct,"Narrow, highly arched palate",medgemma-4b-it,-1,Expert
HP:0002705,exact,layperson,"Narrow, highly arched roof of mouth",medgemma-4b-it,-1,Expert
HP:0002705,exact,layperson,"Narrow, high-arched roof of mouth",medgemma-4b-it,-1,Expert
HP:0002705,exact,,High vaulted palate,medgemma-4b-it,-1,Expert
HP:0002705,exact,,Gothic palate,medgemma-4b-it,-1,Expert
HP:0001991,exact,direct,Aplastic/hypoplastic toe phalanges,medgemma-4b-it,-1,Expert
HP:0001991,related,,Absent/hypoplastic toes,medgemma-4b-it,-1,Expert
HP:0001991,exact,layperson,Absent/underdeveloped toe,medgemma-4b-it,-1,Expert
HP:0001991,exact,layperson,Absent/small toe,medgemma-4b-it,-1,Expert
HP:0001204,exact,direct,Symphalangism affecting the distal phalanges of the hand,medgemma-4b-it,-1,Expert
HP:0001204,exact,direct,Synostosis of distal phalanges,medgemma-4b-it,-1,Expert
HP:0001204,exact,direct,Terminal symphalangism,medgemma-4b-it,-1,Expert
HP:0001204,exact,layperson,Fused outermost bones of hand,medgemma-4b-it,-1,Expert
HP:0007269,exact,layperson,Spinal muscle wasting,medgemma-4b-it,-1,Expert
HP:0007269,exact,layperson,Spinal muscle degeneration,medgemma-4b-it,-1,Expert
HP:0002460,exact,direct,Distal limb muscle weakness,medgemma-4b-it,-1,Expert
HP:0002460,exact,direct,Distal limb weakness,medgemma-4b-it,-1,Expert
HP:0002460,exact,direct,Distal muscular weakness,medgemma-4b-it,-1,Expert
HP:0002460,exact,direct,Distal paresis,medgemma-4b-it,-1,Expert
HP:0002460,exact,direct,"Muscle weakness, distal",medgemma-4b-it,-1,Expert
HP:0002460,exact,direct,"Muscle weakness, distal limbs, due to neuronopathy",medgemma-4b-it,-1,Expert
HP:0002460,exact,direct,Weakness of distal muscles,medgemma-4b-it,-1,Expert
HP:0002460,related,,Distal limb muscle weakness due to peripheral neuropathy,medgemma-4b-it,-1,Expert
HP:0002460,exact,layperson,Weakness of outermost muscles,medgemma-4b-it,-1,Expert
HP:0011343,exact,direct,"Global developmental delay, moderate",medgemma-4b-it,-1,Expert
HP:0011343,related,,"Psychomotor retardation, moderate",medgemma-4b-it,-1,Expert
HP:0005323,related,,Friedreich's disease,medgemma-4b-it,-1,Expert
HP:0005323,related,,Facial hemihyperplasia,medgemma-4b-it,-1,Expert
HP:0005323,exact,layperson,Overgrowth of half of face,medgemma-4b-it,-1,Expert
HP:0005323,exact,layperson,Increase in size of half of face,medgemma-4b-it,-1,Expert
HP:0005323,exact,layperson,Hypertrophy of half of face,medgemma-4b-it,-1,Expert
HP:0005323,exact,layperson,Hemifacial enlargement,medgemma-4b-it,-1,Expert
HP:0005323,exact,,Facial hemihypertophy,medgemma-4b-it,-1,Expert
HP:0005323,exact,layperson,Enlargement of half of face,medgemma-4b-it,-1,Expert
HP:0001363,exact,direct,Craniosyostosis,medgemma-4b-it,-1,Expert
HP:0001363,exact,direct,Early fusion of cranial sutures,medgemma-4b-it,-1,Expert
HP:0001363,exact,direct,Premature closure of cranial sutures,medgemma-4b-it,-1,Expert
HP:0001363,related,direct,Craniostenosis,medgemma-4b-it,-1,Expert
HP:0001363,exact,,Premature suture closure,medgemma-4b-it,-1,Expert
HP:0001363,exact,,Cranial suture synostosis,medgemma-4b-it,-1,Expert
HP:0001363,broad,layperson,Deformity of the skull,medgemma-4b-it,-1,Expert
HP:0006308,related,direct,Alveolar bone loss,medgemma-4b-it,-1,Expert
HP:0006308,related,layperson,Flattening of gum ridges,medgemma-4b-it,-1,Expert
HP:0006308,related,,Flattening of alveolar ridges,medgemma-4b-it,-1,Expert
HP:0006308,related,,Flattening of alveolar processes of jaw,medgemma-4b-it,-1,Expert
HP:0006308,related,,Flattening of alveolar margin,medgemma-4b-it,-1,Expert
HP:0006308,exact,layperson,Shrinking of gum ridges,medgemma-4b-it,-1,Expert
HP:0006308,exact,,Shrinking of alveolar ridges,medgemma-4b-it,-1,Expert
HP:0006308,exact,,Resorption of alveolar ridges,medgemma-4b-it,-1,Expert
HP:0006308,exact,,Resorption of alveolar processes of jaw,medgemma-4b-it,-1,Expert
HP:0006308,exact,,Resorption of alveolar margins,medgemma-4b-it,-1,Expert
HP:0006308,exact,,Atrophy of alveolar processes of jaw,medgemma-4b-it,-1,Expert
HP:0006308,exact,,Atrophy of alveolar margins,medgemma-4b-it,-1,Expert
HP:0009748,exact,layperson,Prominent ear lobules,medgemma-4b-it,-1,Expert
HP:0009748,exact,layperson,Prominent ear lobes,medgemma-4b-it,-1,Expert
HP:0009748,exact,layperson,Fleshy earlobes,medgemma-4b-it,-1,Expert
HP:0009748,exact,layperson,Fleshy earlobe,medgemma-4b-it,-1,Expert
HP:0007700,exact,direct,Anterior chamber cleavage defect,medgemma-4b-it,-1,Expert
HP:0007700,exact,direct,Anterior chamber cleavage disorder,medgemma-4b-it,-1,Expert
HP:0007700,exact,direct,Anterior chamber malformation,medgemma-4b-it,-1,Expert
HP:0007700,exact,direct,Anterior chamber mesodermal anomalies,medgemma-4b-it,-1,Expert
HP:0007700,exact,direct,Anterior segment developmental abnormality,medgemma-4b-it,-1,Expert
HP:0007700,exact,direct,Anterior segment dysgenesis,medgemma-4b-it,-1,Expert
HP:0007700,exact,direct,Anterior segment mesencyhmal dysgenesis,medgemma-4b-it,-1,Expert
HP:0007700,exact,direct,Anterior segment ocular dysgenesis,medgemma-4b-it,-1,Expert
HP:0000520,exact,direct,Anterior bulging of the globe,medgemma-4b-it,-1,Expert
HP:0000520,exact,direct,Anterior bulging of the globe of eye,medgemma-4b-it,-1,Expert
HP:0000520,exact,direct,Exophthalmos,medgemma-4b-it,-1,Expert
HP:0000520,exact,direct,Ocular proptosis,medgemma-4b-it,-1,Expert
HP:0000520,exact,direct,Protrusio bulbi,medgemma-4b-it,-1,Expert
HP:0000520,exact,layperson,Protruding eyes,medgemma-4b-it,-1,Expert
HP:0000520,exact,layperson,Prominent globes,medgemma-4b-it,-1,Expert
HP:0000520,exact,layperson,Prominent eyes,medgemma-4b-it,-1,Expert
HP:0000520,exact,layperson,Eyeballs bulging out,medgemma-4b-it,-1,Expert
HP:0000520,exact,layperson,Bulging eye,medgemma-4b-it,-1,Expert
HP:0012385,exact,layperson,Permanent flexion of the finger or toe,medgemma-4b-it,-1,Expert
HP:0000250,exact,layperson,Dense skull cap,medgemma-4b-it,-1,Expert
HP:0000430,exact,direct,"Ala nasi, underdeveloped",medgemma-4b-it,-1,Expert
HP:0000430,exact,direct,Alar cartilage hypoplasia,medgemma-4b-it,-1,Expert
HP:0000430,exact,direct,Hypoplastic alae nasae,medgemma-4b-it,-1,Expert
HP:0000430,exact,direct,Hypoplastic alae nasi,medgemma-4b-it,-1,Expert
HP:0000430,exact,direct,Hypoplastic alar cartilage,medgemma-4b-it,-1,Expert
HP:0000430,exact,direct,Hypoplastic alar nasae,medgemma-4b-it,-1,Expert
HP:0000430,exact,direct,Hypoplastic nares,medgemma-4b-it,-1,Expert
HP:0000430,exact,direct,Hypoplastic nasal alae,medgemma-4b-it,-1,Expert
HP:0000430,exact,direct,Hypoplastic nasal wings,medgemma-4b-it,-1,Expert
HP:0000430,exact,direct,Hypoplastic nostrils,medgemma-4b-it,-1,Expert
HP:0000430,exact,direct,Nasal cartilage hypoplasia,medgemma-4b-it,-1,Expert
HP:0000430,exact,direct,Thin hypoplastic alae nasi,medgemma-4b-it,-1,Expert
HP:0000430,exact,layperson,Underdeveloped tissue around nostril,medgemma-4b-it,-1,Expert
HP:0000430,exact,,Small nasal alae,medgemma-4b-it,-1,Expert
HP:0000430,exact,,Decreased size of nasal alae,medgemma-4b-it,-1,Expert
HP:0007573,related,layperson,Late onset baby eczema,medgemma-4b-it,-1,Lay-person
HP:0003764,exact,direct,Naevus,medgemma-4b-it,-1,Expert
HP:0003764,related,direct,Naevi,medgemma-4b-it,-1,Expert
HP:0003764,related,direct,Nevi,medgemma-4b-it,-1,Expert
HP:0003764,exact,layperson,Mole,medgemma-4b-it,-1,Expert
HP:5201016,exact,direct,Submucosal cleft palate,medgemma-4b-it,-1,Expert
HP:5201016,exact,direct,Submucous clefting,medgemma-4b-it,-1,Expert
HP:0001268,exact,layperson,Progressive cognitive decline,medgemma-4b-it,-1,Expert
HP:0001268,exact,layperson,Intellectual deterioration,medgemma-4b-it,-1,Expert
HP:0001268,exact,layperson,"Cognitive decline, progressive",medgemma-4b-it,-1,Expert
HP:0001268,exact,layperson,Cognitive decline,medgemma-4b-it,-1,Expert
HP:0011362,exact,direct,Abnormality of hair density,medgemma-4b-it,-1,Expert
HP:0000267,related,layperson,Malformation of head shape,medgemma-4b-it,-1,Expert
HP:0000267,related,,Malformation of cranium shape,medgemma-4b-it,-1,Expert
HP:0000267,related,,Malformation of cranial vault shape,medgemma-4b-it,-1,Expert
HP:0000267,related,layperson,Abnormality of head shape,medgemma-4b-it,-1,Expert
HP:0000267,related,,Abnormality of cranium shape,medgemma-4b-it,-1,Expert
HP:0000267,related,,Abnormality of cranial vault shape,medgemma-4b-it,-1,Expert
HP:0000267,exact,,Cranial vault asymmetry,medgemma-4b-it,-1,Expert
HP:0000267,exact,,Asymmetry of cranium,medgemma-4b-it,-1,Expert
HP:0000267,broad,layperson,Uneven head shape,medgemma-4b-it,-1,Expert
HP:0000267,broad,layperson,Asymmetry of head,medgemma-4b-it,-1,Expert
HP:0012240,related,direct,Increased muscle lipid droplets,medgemma-4b-it,-1,Expert
HP:0010042,exact,layperson,Absent/underdeveloped 4th long bone of hand,medgemma-4b-it,-1,Expert
HP:0010042,exact,layperson,Absent/small 4th long bone of hand,medgemma-4b-it,-1,Expert
HP:0009746,exact,layperson,Wide septum of nose,medgemma-4b-it,-1,Expert
HP:0009746,exact,layperson,Wide nasal septum,medgemma-4b-it,-1,Expert
HP:0009746,exact,layperson,Thick septum of nose,medgemma-4b-it,-1,Expert
HP:0009746,exact,layperson,Broad septum of nose,medgemma-4b-it,-1,Expert
HP:0009746,exact,layperson,Broad nasal septum,medgemma-4b-it,-1,Expert
HP:0004207,exact,direct,Abnormality of the 5th finger,medgemma-4b-it,-1,Expert
HP:0004207,exact,layperson,Abnormality of the pinky finger,medgemma-4b-it,-1,Expert
HP:0004207,exact,layperson,Abnormality of the pinkie finger,medgemma-4b-it,-1,Expert
HP:0004207,exact,layperson,Abnormality of the little finger,medgemma-4b-it,-1,Expert
HP:0000159,narrow,layperson,Malformation of lip,medgemma-4b-it,-1,Expert
HP:0000159,narrow,layperson,Deformity of lip,medgemma-4b-it,-1,Expert
HP:0000159,narrow,layperson,Anomaly of lip,medgemma-4b-it,-1,Expert
HP:0000159,exact,layperson,Lip abnormality,medgemma-4b-it,-1,Expert
HP:0000159,exact,layperson,Abnormality of the lip,medgemma-4b-it,-1,Expert
HP:0000159,exact,layperson,Abnormal lip,medgemma-4b-it,-1,Expert
HP:6001054,exact,direct,Pigeon-toed,medgemma-4b-it,-1,Expert
HP:0000349,exact,direct,Pointed frontal hairline,medgemma-4b-it,-1,Expert
HP:0000349,exact,layperson,V-shaped frontal hairline,medgemma-4b-it,-1,Expert
HP:0000349,exact,layperson,Pointed hairline at front of head,medgemma-4b-it,-1,Expert
HP:0000349,exact,layperson,Hairline point,medgemma-4b-it,-1,Expert
HP:0000349,exact,layperson,Hairline peak,medgemma-4b-it,-1,Expert
HP:0008180,exact,direct,Mildly increased creatine kinase,medgemma-4b-it,-1,Expert
HP:0008180,exact,direct,Moderately increased serum creatine kinase,medgemma-4b-it,-1,Expert
HP:0008180,exact,abbreviation,Moderately elevated serum CPK,medgemma-4b-it,-1,Expert
HP:0008180,exact,abbreviation,Moderately elevated serum CK,medgemma-4b-it,-1,Expert
HP:0008180,exact,,Mildly increased serum creatine kinase,medgemma-4b-it,-1,Expert
HP:0008180,exact,abbreviation,Mildly elevated serum phospho-CK,medgemma-4b-it,-1,Expert
HP:0008180,exact,abbreviation,Mildly elevated serum CPK,medgemma-4b-it,-1,Expert
HP:0008180,exact,abbreviation,Mildly elevated serum CK,medgemma-4b-it,-1,Expert
HP:0008180,exact,,Mildly elevated creatine phosphokinase,medgemma-4b-it,-1,Expert
HP:0008180,exact,abbreviation,Mildly elevated CPK,medgemma-4b-it,-1,Expert
HP:0007431,exact,direct,Congenital ichthyosis,medgemma-4b-it,-1,Expert
HP:0007431,exact,direct,"Ichthyosis, congenital",medgemma-4b-it,-1,Expert
HP:0006481,exact,direct,Abnormality of deciduous teeth,medgemma-4b-it,-1,Expert
HP:0006481,exact,layperson,Abnormality of milk teeth,medgemma-4b-it,-1,Expert
HP:0006481,exact,layperson,Abnormality of baby teeth,medgemma-4b-it,-1,Expert
HP:0001087,exact,,Pediatric glaucoma,medgemma-4b-it,-1,Expert
HP:0001087,exact,uk,Paediatric glaucoma,medgemma-4b-it,-1,Expert
HP:0001087,exact,,Infantile glaucoma,medgemma-4b-it,-1,Expert
HP:0001087,exact,,Childhood glaucoma,medgemma-4b-it,-1,Expert
HP:0010755,related,layperson,Deviation of the upper jaw,medgemma-4b-it,-1,Expert
HP:0010755,related,,Deviation of the maxilla,medgemma-4b-it,-1,Expert
HP:0010755,exact,layperson,Uneven upper jaw,medgemma-4b-it,-1,Expert
HP:0010755,exact,,Uneven maxilla,medgemma-4b-it,-1,Expert
HP:0010755,exact,,Unequal sides of maxilla,medgemma-4b-it,-1,Expert
HP:0010755,exact,layperson,Tilted upper jaw,medgemma-4b-it,-1,Expert
HP:0010755,exact,,Tilted maxilla,medgemma-4b-it,-1,Expert
HP:0010755,exact,,Crooked maxilla,medgemma-4b-it,-1,Expert
HP:0010755,exact,layperson,Canted upper jaw,medgemma-4b-it,-1,Expert
HP:0010755,exact,,Canted maxilla,medgemma-4b-it,-1,Expert
HP:0010755,exact,,Asymmetry of right and left side of the maxilla,medgemma-4b-it,-1,Expert
HP:0010755,broad,layperson,Crooked upper jaw,medgemma-4b-it,-1,Expert
HP:0010755,broad,layperson,Asymmetry of upper jaw,medgemma-4b-it,-1,Expert
HP:0010755,broad,layperson,Asymmetry of the upper jaw,medgemma-4b-it,-1,Expert
HP:0008948,exact,direct,Proximal muscle atrophy in upper limbs,medgemma-4b-it,-1,Expert
HP:0008948,exact,direct,Proximal upper limb muscle atrophy,medgemma-4b-it,-1,Expert
HP:0001308,exact,direct,Tongue fasciculation,medgemma-4b-it,-1,Expert
HP:0001308,exact,direct,Tongue fasciculations/fibrillations,medgemma-4b-it,-1,Expert
HP:0001308,exact,layperson,Twitching of the tongue,medgemma-4b-it,-1,Expert
HP:0001308,exact,layperson,Tongue twitching,medgemma-4b-it,-1,Expert
HP:0001308,exact,,Lingual twitching,medgemma-4b-it,-1,Expert
HP:0001308,exact,,Lingual fibrillations,medgemma-4b-it,-1,Expert
HP:0001308,exact,,Lingual fasciculations,medgemma-4b-it,-1,Expert
HP:0002922,exact,direct,Cerebrospinal fluid protein increased,medgemma-4b-it,-1,Expert
HP:0002922,exact,direct,Cerebrospinal fluid with increased protein,medgemma-4b-it,-1,Expert
HP:0002922,exact,direct,Elevated cerebrospinal fluid protein,medgemma-4b-it,-1,Expert
HP:0002922,exact,direct,Elevated csf protein,medgemma-4b-it,-1,Expert
HP:0002922,exact,direct,Hyperproteinorrhachia,medgemma-4b-it,-1,Expert
HP:0002922,exact,direct,Increased CSF protein,medgemma-4b-it,-1,Expert
HP:0002922,exact,direct,Increased protein in csf,medgemma-4b-it,-1,Expert
HP:0002922,exact,direct,Spinal fluid protein elevated,medgemma-4b-it,-1,Expert
HP:0003828,exact,direct,Variable severity,medgemma-4b-it,-1,Expert
HP:0003828,related,,Highly variable severity,medgemma-4b-it,-1,Expert
HP:0001476,exact,direct,Delayed closure anterior fontanel,medgemma-4b-it,-1,Expert
HP:0001476,exact,direct,Delayed closure of anterior fontanelle,medgemma-4b-it,-1,Expert
HP:0001476,exact,direct,Late closure of large anterior fontanel,medgemma-4b-it,-1,Expert
HP:0001476,exact,direct,Persistent anterior fontanelle,medgemma-4b-it,-1,Expert
HP:0001476,exact,layperson,Later than typical closing of soft spot of skull,medgemma-4b-it,-1,Expert
HP:0001476,exact,,Late closure of the bregma sutures,medgemma-4b-it,-1,Expert
HP:0001476,exact,,Late closure of anterior fontanelle,medgemma-4b-it,-1,Expert
HP:0001476,exact,,Delayed closure of the bregma sutures,medgemma-4b-it,-1,Expert
HP:0001476,broad,layperson,Late closure of soft spot on the skull,medgemma-4b-it,-1,Expert
HP:0001476,broad,layperson,Delayed closure of the soft spot on the skull,medgemma-4b-it,-1,Expert
HP:0040095,exact,uk,Outer ear tumour,medgemma-4b-it,-1,Expert
HP:0040095,exact,layperson,Outer ear tumor,medgemma-4b-it,-1,Expert
HP:0006487,exact,direct,Camptomelia,medgemma-4b-it,-1,Expert
HP:0006487,exact,direct,Diaphyseal bowing,medgemma-4b-it,-1,Expert
HP:0006487,exact,direct,Diaphyseal bowing of long bones,medgemma-4b-it,-1,Expert
HP:0006487,exact,layperson,Bowing of long bones,medgemma-4b-it,-1,Expert
HP:0006487,exact,layperson,Bowed long bones,medgemma-4b-it,-1,Expert
HP:0001000,exact,layperson,Pigmentation anomaly,medgemma-4b-it,-1,Expert
HP:0001000,exact,layperson,Pigmentary skin changes,medgemma-4b-it,-1,Expert
HP:0001000,exact,layperson,Pigmentary changes,medgemma-4b-it,-1,Expert
HP:0001000,exact,layperson,Abnormality of pigmentation,medgemma-4b-it,-1,Expert
HP:0001000,exact,layperson,Abnormal skin pigmentation,medgemma-4b-it,-1,Expert
HP:0001000,exact,uk,Abnormal skin colour,medgemma-4b-it,-1,Expert
HP:0001000,exact,layperson,Abnormal skin color,medgemma-4b-it,-1,Expert
HP:0001000,exact,layperson,Abnormal pigmentation,medgemma-4b-it,-1,Expert
HP:6001053,exact,direct,Pancake vertebra,medgemma-4b-it,-1,Expert
HP:6001053,exact,direct,Silver dollar vertebra,medgemma-4b-it,-1,Expert
HP:0000274,exact,layperson,Small facies,medgemma-4b-it,-1,Expert
HP:0000274,exact,layperson,Short and narrow face,medgemma-4b-it,-1,Expert
HP:0000274,exact,,Microfacies,medgemma-4b-it,-1,Expert
HP:0000274,exact,,Microface,medgemma-4b-it,-1,Expert
HP:0000274,exact,,Hypoplasia of face,medgemma-4b-it,-1,Expert
HP:0000274,exact,,Facial hypoplasia,medgemma-4b-it,-1,Expert
HP:0003398,related,direct,Abnormality of neuromuscular transmission,medgemma-4b-it,-1,Expert
HP:0011973,exact,direct,Intermittent lack of energy,medgemma-4b-it,-1,Expert
HP:0031331,exact,direct,Abnormal cardiac muscle cell morphology,medgemma-4b-it,-1,Expert
HP:0001635,exact,direct,Cardiac insufficiency,medgemma-4b-it,-1,Expert
HP:0001635,exact,direct,Chronic heart failure,medgemma-4b-it,-1,Expert
HP:0001635,exact,layperson,Heart failure,medgemma-4b-it,-1,Expert
HP:0001635,exact,layperson,Cardiac failures,medgemma-4b-it,-1,Expert
HP:0001635,exact,layperson,Cardiac failure,medgemma-4b-it,-1,Expert
HP:0001635,exact,abbreviation,CHF,medgemma-4b-it,-1,Expert
HP:0000377,exact,direct,Abnormal form of ears,medgemma-4b-it,-1,Expert
HP:0000377,exact,direct,Deformed auricles,medgemma-4b-it,-1,Expert
HP:0000377,exact,direct,Dysplastic ears,medgemma-4b-it,-1,Expert
HP:0000377,exact,direct,Malformation of auricle,medgemma-4b-it,-1,Expert
HP:0000377,exact,direct,Malformed auricles,medgemma-4b-it,-1,Expert
HP:0000377,exact,direct,Malformed external ears,medgemma-4b-it,-1,Expert
HP:0000377,exact,direct,Minor malformation of the auricles,medgemma-4b-it,-1,Expert
HP:0000377,exact,direct,Poorly defined conchae,medgemma-4b-it,-1,Expert
HP:0000377,exact,layperson,Malformed ears,medgemma-4b-it,-1,Expert
HP:0000377,exact,layperson,Deformed ears,medgemma-4b-it,-1,Expert
HP:0000377,exact,layperson,Auricular malformation,medgemma-4b-it,-1,Expert
HP:0000377,exact,layperson,Abnormally shaped ears,medgemma-4b-it,-1,Expert
HP:0012672,exact,direct,Stuporous mutism,medgemma-4b-it,-1,Expert
HP:0007793,exact,direct,Macular retinal pigment epithelial mottling,medgemma-4b-it,-1,Expert
HP:0009720,exact,direct,Facial angiofibromas,medgemma-4b-it,-1,Expert
HP:0009720,exact,direct,Sebaceous adenoma,medgemma-4b-it,-1,Expert
HP:0009720,related,,Sebaceous adenomas,medgemma-4b-it,-1,Expert
HP:0002136,exact,direct,Broad based gait,medgemma-4b-it,-1,Expert
HP:0002136,exact,direct,Wide based gait,medgemma-4b-it,-1,Expert
HP:0002136,exact,direct,Wide-based gait,medgemma-4b-it,-1,Expert
HP:0002136,exact,layperson,Wide based walk,medgemma-4b-it,-1,Expert
HP:0000372,exact,direct,Abnormality of the auditory canal,medgemma-4b-it,-1,Expert
HP:0000372,exact,direct,Auditory canal abnormality,medgemma-4b-it,-1,Expert
HP:0000455,related,layperson,Broad upturned nose,medgemma-4b-it,-1,Expert
HP:0000455,exact,layperson,Wide tip of nose,medgemma-4b-it,-1,Expert
HP:0000455,exact,layperson,"Nasal tip, wide",medgemma-4b-it,-1,Expert
HP:0000455,exact,layperson,"Nasal tip, broad",medgemma-4b-it,-1,Expert
HP:0000455,exact,layperson,Increased width of tip of nose,medgemma-4b-it,-1,Expert
HP:0000455,exact,layperson,Increased width of nasal tip,medgemma-4b-it,-1,Expert
HP:0000455,exact,layperson,Increased breadth of tip of nose,medgemma-4b-it,-1,Expert
HP:0000455,exact,layperson,Increased breadth of nasal tip,medgemma-4b-it,-1,Expert
HP:0000455,exact,layperson,"Broad, upturned nose",medgemma-4b-it,-1,Expert
HP:0000455,exact,layperson,Broad tip of nose,medgemma-4b-it,-1,Expert
HP:0001883,related,,Talipes foot deformities,medgemma-4b-it,-1,Expert
HP:0000602,exact,,Paralysis of extraocular eye movement,medgemma-4b-it,-1,Expert
HP:0000602,exact,layperson,Eye muscle paralysis,medgemma-4b-it,-1,Expert
HP:0007266,exact,direct,Areas of dysmyelination on MRI,medgemma-4b-it,-1,Expert
HP:0007266,exact,direct,Dysmyelination of the brain,medgemma-4b-it,-1,Expert
HP:0007266,related,direct,White matter dysmyelination/demyelination,medgemma-4b-it,-1,Expert
HP:0010702,exact,direct,Elevated immunoglobulin levels,medgemma-4b-it,-1,Expert
HP:0010702,exact,direct,Hypergammaglobulinaemia,medgemma-4b-it,-1,Expert
HP:0010702,exact,direct,Hypergammaglobulinemia,medgemma-4b-it,-1,Expert
HP:0010702,exact,direct,Increased gamma globulin,medgemma-4b-it,-1,Expert
HP:0010702,exact,direct,Increased immunoglobulin level,medgemma-4b-it,-1,Expert
HP:0010702,exact,direct,Increased serum gamma globulin,medgemma-4b-it,-1,Expert
HP:0010702,exact,direct,Raised immunoglobulin levels,medgemma-4b-it,-1,Expert
HP:0010702,exact,layperson,Increased circulating antibody level,medgemma-4b-it,-1,Expert
HP:0010702,exact,layperson,Increased circulating antibody concentration,medgemma-4b-it,-1,Expert
HP:0010702,exact,layperson,Increased antibody level in blood,medgemma-4b-it,-1,Expert
HP:0010666,related,,Hypotrophic anterior nasal spine,medgemma-4b-it,-1,Expert
HP:0010666,related,,Deficiency of anterior nasal spine,medgemma-4b-it,-1,Expert
HP:0010666,narrow,,Decreased length of anterior nasal spine,medgemma-4b-it,-1,Expert
HP:0010666,exact,,Underdevelopment of anterior nasal spine,medgemma-4b-it,-1,Expert
HP:0010666,exact,,Small anterior nasal spine,medgemma-4b-it,-1,Expert
HP:0010666,exact,,Decreased size of anterior nasal spine,medgemma-4b-it,-1,Expert
HP:0010666,exact,,Decreased projection of anterior nasal spine,medgemma-4b-it,-1,Expert
HP:0009931,exact,direct,Increased diameter of nares,medgemma-4b-it,-1,Expert
HP:0009931,exact,direct,Increased width of nares,medgemma-4b-it,-1,Expert
HP:0009931,exact,direct,Large nares,medgemma-4b-it,-1,Expert
HP:0009931,exact,direct,"Naris, broad",medgemma-4b-it,-1,Expert
HP:0009931,exact,direct,"Naris, enlarged",medgemma-4b-it,-1,Expert
HP:0009931,exact,layperson,Wide nostril,medgemma-4b-it,-1,Expert
HP:0009931,exact,layperson,Wide nares,medgemma-4b-it,-1,Expert
HP:0009931,exact,,Increased diameter of nostril,medgemma-4b-it,-1,Expert
HP:0009931,exact,layperson,Enlarged nostril,medgemma-4b-it,-1,Expert
HP:0009931,exact,,Enlarged nares,medgemma-4b-it,-1,Expert
HP:0009931,exact,layperson,Dilated nostril,medgemma-4b-it,-1,Expert
HP:0009931,exact,,Dilated nares,medgemma-4b-it,-1,Expert
HP:0009931,exact,layperson,Broad nostril,medgemma-4b-it,-1,Expert
HP:0000278,exact,direct,Lower jaw retrognathia,medgemma-4b-it,-1,Expert
HP:0000278,exact,direct,Lower jaw retrusion,medgemma-4b-it,-1,Expert
HP:0000278,exact,direct,Mandibular retrognathia,medgemma-4b-it,-1,Expert
HP:0000278,exact,direct,Mandibular retrusion,medgemma-4b-it,-1,Expert
HP:0000278,exact,direct,Receding mandible,medgemma-4b-it,-1,Expert
HP:0000278,exact,direct,Retrusion of lower jaw,medgemma-4b-it,-1,Expert
HP:0000278,narrow,,Retrogenia,medgemma-4b-it,-1,Expert
HP:0000278,exact,layperson,Weak jaw,medgemma-4b-it,-1,Expert
HP:0000278,exact,layperson,Weak chin,medgemma-4b-it,-1,Expert
HP:0000278,exact,,Retrognathia of lower jaw,medgemma-4b-it,-1,Expert
HP:0000278,exact,layperson,Receding lower jaw,medgemma-4b-it,-1,Expert
HP:0000278,exact,layperson,Receding chin,medgemma-4b-it,-1,Expert
HP:0011425,exact,uk,Foetal ultrasound soft marker,medgemma-4b-it,-1,Expert
HP:0009939,exact,direct,Absence of lower jaw,medgemma-4b-it,-1,Expert
HP:0009939,exact,direct,Absence of lower jaw bone,medgemma-4b-it,-1,Expert
HP:0009939,exact,direct,Absence of mandible,medgemma-4b-it,-1,Expert
HP:0009939,exact,direct,Absent mandible,medgemma-4b-it,-1,Expert
HP:0009939,narrow,layperson,Absence of lower jaw bones,medgemma-4b-it,-1,Expert
HP:0009939,exact,layperson,Missing lower jaw,medgemma-4b-it,-1,Expert
HP:0009939,exact,,Failure of development of mandible,medgemma-4b-it,-1,Expert
HP:0009939,exact,layperson,Failure of development of lower jaw,medgemma-4b-it,-1,Expert
HP:0009939,exact,,Aplasia of the lower jaw bone,medgemma-4b-it,-1,Expert
HP:0009939,exact,,Agenesis of the mandible,medgemma-4b-it,-1,Expert
HP:0009939,broad,,Agnathia,medgemma-4b-it,-1,Expert
HP:0010757,exact,layperson,Missing primary palate bone,medgemma-4b-it,-1,Expert
HP:0010757,exact,layperson,Missing premaxilla,medgemma-4b-it,-1,Expert
HP:0010757,exact,,Failure of development of the primary palate bone,medgemma-4b-it,-1,Expert
HP:0010757,exact,,Failure of development of premaxilla,medgemma-4b-it,-1,Expert
HP:0010757,exact,,Aplasia of the primary palate bone,medgemma-4b-it,-1,Expert
HP:0010757,exact,,Aplasia of the intermaxillary bone,medgemma-4b-it,-1,Expert
HP:0010757,exact,layperson,Absence of the primary palate bone,medgemma-4b-it,-1,Expert
HP:0010757,exact,layperson,Absence of the premaxilla,medgemma-4b-it,-1,Expert
HP:0010757,exact,layperson,Absence of the intermaxillary bone,medgemma-4b-it,-1,Expert
HP:0009944,exact,direct,Bifid thumb,medgemma-4b-it,-1,Expert
HP:0009944,exact,direct,Notching of thumb phalanges,medgemma-4b-it,-1,Expert
HP:0009944,exact,direct,Partial duplication of the phalanges of the thumb,medgemma-4b-it,-1,Expert
HP:0009944,exact,layperson,Partial duplication of the thumb bones,medgemma-4b-it,-1,Expert
HP:0001832,exact,layperson,Abnormality of the long bone of foot,medgemma-4b-it,-1,Expert
HP:0000341,exact,direct,Bitemporal narrowing,medgemma-4b-it,-1,Expert
HP:0000341,exact,direct,Bitemporal narrowness,medgemma-4b-it,-1,Expert
HP:0000341,exact,direct,Bitemporal skull narrowing,medgemma-4b-it,-1,Expert
HP:0000341,exact,direct,Intertemporal narrowing,medgemma-4b-it,-1,Expert
HP:0000341,exact,direct,Narrow bitemporal diameter,medgemma-4b-it,-1,Expert
HP:0000341,exact,direct,Narrow bitemporal width,medgemma-4b-it,-1,Expert
HP:0000341,exact,direct,Temporal narrowness,medgemma-4b-it,-1,Expert
HP:0000341,exact,layperson,Decreased width of the forehead,medgemma-4b-it,-1,Expert
HP:0006482,exact,direct,Abnormality of dental morphology,medgemma-4b-it,-1,Expert
HP:0006482,exact,layperson,Misshapened teeth,medgemma-4b-it,-1,Expert
HP:0006482,exact,layperson,Misshapen teeth,medgemma-4b-it,-1,Expert
HP:0006482,exact,layperson,Malformed teeth,medgemma-4b-it,-1,Expert
HP:0006482,exact,,Malformation of teeth,medgemma-4b-it,-1,Expert
HP:0006482,exact,layperson,Dental malformations,medgemma-4b-it,-1,Expert
HP:0006482,exact,layperson,Dental deformity,medgemma-4b-it,-1,Expert
HP:0006482,exact,layperson,Deformity of teeth,medgemma-4b-it,-1,Expert
HP:0006482,exact,layperson,Abnormally shaped teeth,medgemma-4b-it,-1,Expert
HP:0006482,exact,,Abnormality of shape of tooth,medgemma-4b-it,-1,Expert
HP:0006482,exact,layperson,Abnormality of dental shape,medgemma-4b-it,-1,Expert
HP:0010756,exact,,Aplasia/hypoplasia of the primary palate bone,medgemma-4b-it,-1,Expert
HP:0010756,exact,,Aplasia/hypoplasia of the intermaxillary bone,medgemma-4b-it,-1,Expert
HP:0002187,exact,direct,"Intellectual disability, profound",medgemma-4b-it,-1,Expert
HP:0002187,exact,direct,"Mental retardation, profound",medgemma-4b-it,-1,Expert
HP:0002187,exact,direct,Profound mental retardation,medgemma-4b-it,-1,Expert
HP:0002187,exact,layperson,IQ less than 20,medgemma-4b-it,-1,Expert
HP:0100723,exact,direct,Gastrointestinal stromal tumor,medgemma-4b-it,-1,Expert
HP:0100723,related,uk,Gastrointestinal stromal tumours,medgemma-4b-it,-1,Expert
HP:0100723,related,,Gastrointestinal stromal tumors,medgemma-4b-it,-1,Expert
HP:0100723,exact,uk,Gastrointestinal stromal tumour,medgemma-4b-it,-1,Expert
HP:0100723,exact,uk,Gastrointestinal stroma tumour,medgemma-4b-it,-1,Expert
HP:0100723,exact,abbreviation,GIST,medgemma-4b-it,-1,Expert
HP:0100723,exact,uk,GI stroma tumour,medgemma-4b-it,-1,Expert
HP:0100723,exact,abbreviation,GI stroma tumor,medgemma-4b-it,-1,Expert
HP:0040079,exact,layperson,Irregular teeth,medgemma-4b-it,-1,Expert
HP:0004315,exact,direct,Decreased IgG level,medgemma-4b-it,-1,Expert
HP:0004315,exact,direct,Decreased IgG level in blood,medgemma-4b-it,-1,Expert
HP:0004315,exact,direct,Decreased circulating IgG level,medgemma-4b-it,-1,Expert
HP:0004315,exact,direct,Decreased gamma-globin expression,medgemma-4b-it,-1,Expert
HP:0004315,exact,direct,Decreased immunoglobulin G,medgemma-4b-it,-1,Expert
HP:0004315,exact,direct,Decreased serum IgG,medgemma-4b-it,-1,Expert
HP:0004315,exact,direct,IgG deficiency,medgemma-4b-it,-1,Expert
HP:0004315,exact,direct,Reduced IgG levels,medgemma-4b-it,-1,Expert
HP:0010741,exact,direct,Edema of the lower limbs,medgemma-4b-it,-1,Expert
HP:0010741,exact,direct,Leg edema,medgemma-4b-it,-1,Expert
HP:0010741,exact,direct,Peripheral edema of lower extremity,medgemma-4b-it,-1,Expert
HP:0010741,related,direct,Dependant edema,medgemma-4b-it,-1,Expert
HP:0010741,related,uk,Dependant oedema,medgemma-4b-it,-1,Expert
HP:0010741,exact,uk,Peripheral oedema of lower extremity,medgemma-4b-it,-1,Expert
HP:0010741,exact,uk,Pedal oedema,medgemma-4b-it,-1,Expert
HP:0010741,exact,uk,Oedema of the lower limbs,medgemma-4b-it,-1,Expert
HP:0010741,exact,layperson,Lower leg swelling,medgemma-4b-it,-1,Expert
HP:0010741,exact,uk,Leg oedema,medgemma-4b-it,-1,Expert
HP:0010741,exact,layperson,Fluid accumulation in lower limbs,medgemma-4b-it,-1,Expert
HP:0100323,related,direct,Aseptic epiphyseal necrosis,medgemma-4b-it,-1,Expert
HP:0100875,exact,layperson,Large half of tongue,medgemma-4b-it,-1,Expert
HP:0100875,exact,layperson,Increased size of half of the tongue,medgemma-4b-it,-1,Expert
HP:0100875,exact,,Hypertrophy of half of the tongue,medgemma-4b-it,-1,Expert
HP:0100875,exact,,Hemiglossal hypertrophy,medgemma-4b-it,-1,Expert
HP:0100875,broad,,Hyperplasia of half of the tongue,medgemma-4b-it,-1,Expert
HP:0100875,broad,,Hemiglossal hyperplasia,medgemma-4b-it,-1,Expert
HP:0003042,exact,direct,Radiocapitellar dislocation,medgemma-4b-it,-1,Expert
HP:0003042,exact,direct,Radiohumeral dislocation,medgemma-4b-it,-1,Expert
HP:0003042,exact,direct,Ulnohumeral dislocation,medgemma-4b-it,-1,Expert
HP:0003042,exact,layperson,Elbow dislocations,medgemma-4b-it,-1,Expert
HP:0003042,exact,layperson,Dislocations of the elbows,medgemma-4b-it,-1,Expert
HP:0003557,exact,direct,Increased fiber size variation,medgemma-4b-it,-1,Expert
HP:0003557,exact,direct,Increased variability in muscle fiber size,medgemma-4b-it,-1,Expert
HP:0003557,exact,direct,Increased variation in fiber size,medgemma-4b-it,-1,Expert
HP:0003557,exact,direct,Increased variation in muscle fiber size,medgemma-4b-it,-1,Expert
HP:0003557,exact,direct,Variation in muscle fiber size,medgemma-4b-it,-1,Expert
HP:0003557,exact,uk,Variation in muscle fibre size,medgemma-4b-it,-1,Expert
HP:0003557,exact,uk,Increased variation in muscle fibre size,medgemma-4b-it,-1,Expert
HP:0003557,exact,uk,Increased variation in fibre size,medgemma-4b-it,-1,Expert
HP:0003557,exact,uk,Increased variability in muscle fibre size,medgemma-4b-it,-1,Expert
HP:0003557,exact,uk,Increased variability in muscle fibre diameter,medgemma-4b-it,-1,Expert
HP:0003557,exact,uk,Increased fibre size variation,medgemma-4b-it,-1,Expert
HP:0002225,exact,direct,sparse to absent pubic hair,medgemma-4b-it,-1,Expert
HP:0002225,exact,layperson,Decreased sexual hair,medgemma-4b-it,-1,Expert
HP:0011072,related,,Tooth with dentin dysplasia type i,medgemma-4b-it,-1,Expert
HP:0011072,exact,layperson,Teeth without roots,medgemma-4b-it,-1,Expert
HP:0011072,exact,layperson,Missing tooth root,medgemma-4b-it,-1,Expert
HP:0011072,exact,,Aplasia of tooth root,medgemma-4b-it,-1,Expert
HP:0011072,exact,,Agenesis of tooth root,medgemma-4b-it,-1,Expert
HP:0011072,exact,layperson,Absence of tooth root,medgemma-4b-it,-1,Expert
HP:0006889,exact,layperson,"Mental retardation, borderline",medgemma-4b-it,-1,Expert
HP:0006889,exact,layperson,"Intellectual disability, borderline",medgemma-4b-it,-1,Expert
HP:0001511,exact,direct,Fetal growth restriction,medgemma-4b-it,-1,Expert
HP:0001511,exact,direct,In utero growth retardation,medgemma-4b-it,-1,Expert
HP:0001511,exact,direct,Intrauterine growth failure,medgemma-4b-it,-1,Expert
HP:0001511,exact,direct,Intrauterine growth restriction,medgemma-4b-it,-1,Expert
HP:0001511,exact,direct,"Intrauterine growth retardation, IUGR",medgemma-4b-it,-1,Expert
HP:0001511,exact,direct,Intrauterine retardation,medgemma-4b-it,-1,Expert
HP:0001511,exact,direct,Prenatal growth failure,medgemma-4b-it,-1,Expert
HP:0001511,exact,direct,Prenatal onset growth retardation,medgemma-4b-it,-1,Expert
HP:0001511,exact,direct,Prenatal-onset growth retardation,medgemma-4b-it,-1,Expert
HP:0001511,exact,direct,Small for gestational age infant,medgemma-4b-it,-1,Expert
HP:0001511,exact,layperson,Prenatal growth retardation,medgemma-4b-it,-1,Expert
HP:0001511,exact,layperson,Prenatal growth deficiency,medgemma-4b-it,-1,Expert
HP:0001511,exact,abbreviation,IUGR,medgemma-4b-it,-1,Expert
HP:0001511,exact,abbreviation,FGR,medgemma-4b-it,-1,Expert
HP:0040192,exact,direct,amine precursor uptake and decarboxylation tumors,medgemma-4b-it,-1,Expert
HP:0040192,exact,uk,amine precursor uptake and decarboxylation tumours,medgemma-4b-it,-1,Expert
HP:0030676,exact,direct,Devil ear,medgemma-4b-it,-1,Expert
HP:0002282,exact,direct,Heterotopia,medgemma-4b-it,-1,Expert
HP:0002282,exact,direct,Neuronal heterotopia,medgemma-4b-it,-1,Expert
HP:0002282,exact,plural,Heterotopias,medgemma-4b-it,-1,Expert
HP:0002282,exact,uk,Grey matter heterotopias,medgemma-4b-it,-1,Expert
HP:0002282,exact,uk,Grey matter heterotopia,medgemma-4b-it,-1,Expert
HP:0002282,exact,plural,Gray matter heterotopias,medgemma-4b-it,-1,Expert
HP:0002718,exact,direct,Frequent pyogenic infections,medgemma-4b-it,-1,Expert
HP:0002718,exact,direct,Recurrent pyogenic infections,medgemma-4b-it,-1,Expert
HP:0002718,exact,direct,Susceptibility to pyogenic infection,medgemma-4b-it,-1,Expert
HP:0002718,related,layperson,Prone to bacterial infection,medgemma-4b-it,-1,Expert
HP:0002718,exact,layperson,Recurrent major bacterial infections,medgemma-4b-it,-1,Expert
HP:0002718,exact,layperson,Increased susceptibility to bacterial infections,medgemma-4b-it,-1,Expert
HP:0002718,exact,layperson,Frequent bacterial infections,medgemma-4b-it,-1,Expert
HP:0002718,exact,layperson,"Bacterial infections, recurrent",medgemma-4b-it,-1,Expert
HP:0004914,exact,direct,Episodic infantile hypoglycemia,medgemma-4b-it,-1,Expert
HP:0004914,exact,layperson,Recurrent low blood sugar in infant,medgemma-4b-it,-1,Expert
HP:0007373,exact,,Motor neuron degeneration,medgemma-4b-it,-1,Expert
HP:0010972,exact,direct,"Anemia, dyserythropoietic",medgemma-4b-it,-1,Expert
HP:0010972,exact,direct,Defective erythropoiesis,medgemma-4b-it,-1,Expert
HP:0010972,exact,direct,Dyserythropoietic anemia,medgemma-4b-it,-1,Expert
HP:0010972,exact,direct,Ineffective erythropoiesis,medgemma-4b-it,-1,Expert
HP:0010972,exact,uk,Dyserythropoietic anaemia,medgemma-4b-it,-1,Expert
HP:0010972,exact,uk,Anaemia of inadequate production,medgemma-4b-it,-1,Expert
HP:0000118,exact,direct,Organ abnormality,medgemma-4b-it,-1,Expert
HP:0100266,exact,direct,Carpal and tarsal fusions,medgemma-4b-it,-1,Expert
HP:0100266,exact,direct,Coalescence of carpal and tarsal bones,medgemma-4b-it,-1,Expert
HP:0100266,exact,direct,Fusion of carpal and tarsal bones,medgemma-4b-it,-1,Expert
HP:0100266,exact,layperson,Wrist bone/ankle bone fusions,medgemma-4b-it,-1,Expert
HP:0001642,exact,direct,Pulmonary stenosis,medgemma-4b-it,-1,Expert
HP:0001642,exact,direct,Pulmonary valve stenosis,medgemma-4b-it,-1,Expert
HP:0001642,exact,direct,Pulmonic valve stenosis,medgemma-4b-it,-1,Expert
HP:0001642,exact,layperson,Narrowing of pulmonic valve,medgemma-4b-it,-1,Expert
HP:0009589,exact,direct,Bilateral acoustic neuromas,medgemma-4b-it,-1,Expert
HP:0007941,exact,direct,Limited extraocular movement,medgemma-4b-it,-1,Expert
HP:0004306,exact,direct,Abnormality of the endocardium,medgemma-4b-it,-1,Expert
HP:0004306,exact,direct,Abnormality of the endomycoardium,medgemma-4b-it,-1,Expert
HP:0011252,exact,layperson,Hidden ear,medgemma-4b-it,-1,Expert
HP:0011252,exact,layperson,Buried ear,medgemma-4b-it,-1,Expert
HP:0000787,exact,direct,Renal calculi,medgemma-4b-it,-1,Expert
HP:0000787,exact,direct,Renal stones,medgemma-4b-it,-1,Expert
HP:0000787,exact,layperson,Kidney stones,medgemma-4b-it,-1,Expert
HP:0010609,exact,direct,Acrochorda,medgemma-4b-it,-1,Expert
HP:0005750,exact,direct,Contractures of the joints of the lower limbs,medgemma-4b-it,-1,Expert
HP:0005750,exact,direct,"Contractures, lower limbs",medgemma-4b-it,-1,Expert
HP:5200338,exact,direct,Pyromania,medgemma-4b-it,-1,Expert
HP:0100490,exact,direct,Camptodactyly of hands,medgemma-4b-it,-1,Expert
HP:0100490,exact,direct,Camptodactyly of proximal interphalangeal joint,medgemma-4b-it,-1,Expert
HP:0100490,exact,direct,Contractures of the proximal interphalangeal joints of the fingers,medgemma-4b-it,-1,Expert
HP:0100490,exact,direct,Flexion contractures of proximal interphalangeal joints,medgemma-4b-it,-1,Expert
HP:0100490,exact,direct,Proximal interphalangeal finger joint contractures,medgemma-4b-it,-1,Expert
HP:0100490,exact,layperson,Permanent flexion of the finger,medgemma-4b-it,-1,Expert
HP:0200039,exact,direct,Pustula,medgemma-4b-it,-1,Expert
HP:0200039,exact,direct,Pustular lesion,medgemma-4b-it,-1,Expert
HP:0200039,exact,direct,Skin pustule,medgemma-4b-it,-1,Expert
HP:0200039,exact,plural,Skin pustules,medgemma-4b-it,-1,Expert
HP:0200039,exact,plural,Pustules,medgemma-4b-it,-1,Expert
HP:0200039,exact,layperson,Pimple,medgemma-4b-it,-1,Expert
HP:0006089,exact,layperson,Excessive sweating of hands,medgemma-4b-it,-1,Expert
HP:0200047,exact,direct,Inflammation of cartilage of pinna,medgemma-4b-it,-1,Expert
HP:0001347,exact,direct,Increased deep tendon reflexes,medgemma-4b-it,-1,Expert
HP:0001347,exact,layperson,Increased reflexes,medgemma-4b-it,-1,Expert
HP:0009439,exact,direct,Brachymesophalangy III (finger),medgemma-4b-it,-1,Expert
HP:0009439,exact,direct,Hypoplastic/small middle phalanx of the 3rd finger,medgemma-4b-it,-1,Expert
HP:0009439,exact,layperson,Short middle bone of middle finger,medgemma-4b-it,-1,Expert
HP:0005490,exact,direct,"Macrocephaly, postnatal",medgemma-4b-it,-1,Expert
HP:0004528,exact,direct,"Hypotrichosis, generalized",medgemma-4b-it,-1,Expert
HP:0004528,exact,uk,"Hypotrichosis, generalised",medgemma-4b-it,-1,Expert
HP:0004528,exact,uk,Generalised hypotrichosis,medgemma-4b-it,-1,Expert
HP:0001776,exact,direct,Bilateral clubfeet,medgemma-4b-it,-1,Expert
HP:0001776,exact,direct,Bilateral clubfoot,medgemma-4b-it,-1,Expert
HP:0001776,exact,layperson,Club foot on both sides,medgemma-4b-it,-1,Expert
HP:0009920,exact,direct,Congenital melanosis bulbi,medgemma-4b-it,-1,Expert
HP:0009920,exact,direct,Nevus fuscoceruleus ophthalmomaxillaris,medgemma-4b-it,-1,Expert
HP:0009920,exact,direct,Nevus of Ito,medgemma-4b-it,-1,Expert
HP:0009920,exact,direct,Oculodermal melanocytosis,medgemma-4b-it,-1,Expert
HP:0009920,exact,uk,Naevus fuscoceruleus ophthalmomaxillaris,medgemma-4b-it,-1,Expert
HP:0009920,exact,layperson,Mongolian spot,medgemma-4b-it,-1,Expert
HP:0009920,exact,obsolete,Mongolian spot,medgemma-4b-it,-1,Expert
HP:0006477,broad,direct,Abnormality of the alveolar ridges,medgemma-4b-it,-1,Expert
HP:0006477,exact,direct,Defect in alveolar ridge,medgemma-4b-it,-1,Expert
HP:0006477,related,,Abnormality of alveolar processes of jaw,medgemma-4b-it,-1,Expert
HP:0006477,exact,layperson,Abnormality of gum ridge,medgemma-4b-it,-1,Expert
HP:0006477,exact,,Abnormality of dentoalveolar ridges,medgemma-4b-it,-1,Expert
HP:0006477,exact,,Abnormality of alveolar margin,medgemma-4b-it,-1,Expert
HP:0003065,exact,direct,Hypoplastic patellae,medgemma-4b-it,-1,Expert
HP:0003065,exact,direct,Small patella,medgemma-4b-it,-1,Expert
HP:0003065,exact,direct,Small patellae,medgemma-4b-it,-1,Expert
HP:0003065,exact,layperson,Underdeveloped kneecap,medgemma-4b-it,-1,Expert
HP:0003065,exact,layperson,Small kneecap,medgemma-4b-it,-1,Expert
HP:0011153,exact,direct,Localized motor seizure,medgemma-4b-it,-1,Expert
HP:0011153,exact,direct,Partial motor seizure,medgemma-4b-it,-1,Expert
HP:0011153,exact,direct,Segmental motor seizure,medgemma-4b-it,-1,Expert
HP:0011153,exact,plural,Partial motor seizures,medgemma-4b-it,-1,Expert
HP:0011153,exact,,Localized motor seizures,medgemma-4b-it,-1,Expert
HP:0011153,exact,uk,Localised motor seizures,medgemma-4b-it,-1,Expert
HP:0011153,exact,uk,Localised motor seizure,medgemma-4b-it,-1,Expert
HP:0011153,exact,plural,Focal motor seizures,medgemma-4b-it,-1,Expert
HP:0002793,exact,layperson,Unusual breathing patterns,medgemma-4b-it,-1,Expert
HP:0002793,exact,layperson,Abnormal respiratory patterns,medgemma-4b-it,-1,Expert
HP:0000601,exact,direct,Ocular hypotelorism,medgemma-4b-it,-1,Expert
HP:0000601,exact,,Decreased orbital separation,medgemma-4b-it,-1,Expert
HP:0000601,exact,,Decreased interpupillary distance,medgemma-4b-it,-1,Expert
HP:0000601,exact,,Decreased distance between eyes,medgemma-4b-it,-1,Expert
HP:0000601,exact,,Decreased distance between eye sockets,medgemma-4b-it,-1,Expert
HP:0000601,exact,layperson,Closely spaced eyes,medgemma-4b-it,-1,Expert
HP:0000601,exact,layperson,Abnormally close eyes,medgemma-4b-it,-1,Expert
HP:0006682,exact,direct,Premature ventricular beat,medgemma-4b-it,-1,Expert
HP:0006682,exact,direct,Ventricular ectopics,medgemma-4b-it,-1,Expert
HP:0006682,exact,direct,Ventricular premature beat,medgemma-4b-it,-1,Expert
HP:0006682,related,layperson,Skipped heartbeat,medgemma-4b-it,-1,Lay-person
HP:0006682,related,layperson,Missed heartbeat,medgemma-4b-it,-1,Lay-person
HP:0006682,exact,plural,Ventricular extrasystoles,medgemma-4b-it,-1,Expert
HP:0006682,exact,plural,Premature ventricular contractions,medgemma-4b-it,-1,Expert
HP:0006682,exact,layperson,Extra heart beat,medgemma-4b-it,-1,Lay-person
HP:0100259,exact,direct,"Polydactyly, postaxial",medgemma-4b-it,-1,Expert
HP:0100259,exact,direct,Postaxial hexadactyly,medgemma-4b-it,-1,Expert
HP:0008956,exact,direct,Amyotrophy involving the thigh,medgemma-4b-it,-1,Expert
HP:0008956,exact,direct,Amyotrophy of the thigh musculature,medgemma-4b-it,-1,Expert
HP:0008956,exact,direct,Proximal lower limb muscle atrophy,medgemma-4b-it,-1,Expert
HP:0008956,exact,direct,Thigh muscle atrophy,medgemma-4b-it,-1,Expert
HP:0008956,exact,layperson,Wasting of thigh muscle,medgemma-4b-it,-1,Expert
HP:0001357,narrow,,Positional plagiocephaly,medgemma-4b-it,-1,Expert
HP:0001357,narrow,layperson,Flattening of head,medgemma-4b-it,-1,Expert
HP:0001357,narrow,,Deformational plagiocephaly,medgemma-4b-it,-1,Expert
HP:0001357,exact,layperson,Rhomboid shaped skull,medgemma-4b-it,-1,Expert
HP:0001357,exact,,Rhomboid shaped cranium,medgemma-4b-it,-1,Expert
HP:0001357,exact,layperson,Flattening of skull,medgemma-4b-it,-1,Expert
HP:0001357,exact,,Flattening of cranium,medgemma-4b-it,-1,Expert
HP:0001357,exact,,Flattening of cranial vault,medgemma-4b-it,-1,Expert
HP:0001357,exact,layperson,Flat head syndrome,medgemma-4b-it,-1,Expert
HP:0001357,broad,layperson,Rhomboid shaped head,medgemma-4b-it,-1,Expert
HP:0001357,broad,,Flat head,medgemma-4b-it,-1,Lay-person
HP:0001357,broad,layperson,Asymmetry of the posterior skull,medgemma-4b-it,-1,Expert
HP:0001357,broad,layperson,Asymmetry of the posterior head,medgemma-4b-it,-1,Expert
HP:0001357,broad,,Asymmetry of the posterior cranium,medgemma-4b-it,-1,Expert
HP:0100755,exact,layperson,Abnormal spit,medgemma-4b-it,-1,Expert
HP:0002197,exact,direct,Generalized onset seizure,medgemma-4b-it,-1,Expert
HP:0002197,exact,direct,Primary generalized seizure,medgemma-4b-it,-1,Expert
HP:0002197,exact,uk,Primary generalised seizure,medgemma-4b-it,-1,Expert
HP:0002197,exact,plural,Generalized-onset seizures,medgemma-4b-it,-1,Expert
HP:0002197,exact,plural,Generalized seizures,medgemma-4b-it,-1,Expert
HP:0002197,exact,uk,Generalised-onset seizure,medgemma-4b-it,-1,Expert
HP:0002197,exact,uk,Generalised seizures,medgemma-4b-it,-1,Expert
HP:0002197,exact,uk,Generalised onset seizure,medgemma-4b-it,-1,Expert
HP:0025780,related,direct,Abnormal energy,medgemma-4b-it,-1,Expert
HP:0025780,related,direct,Abnormal motivation,medgemma-4b-it,-1,Expert
HP:0100245,exact,uk,Desmoid tumours,medgemma-4b-it,-1,Expert
HP:0100245,exact,plural,Desmoid tumors,medgemma-4b-it,-1,Expert
HP:0009276,exact,direct,4th finger camptodactyly,medgemma-4b-it,-1,Expert
HP:0009276,exact,direct,Camptodactyly of the 4th finger,medgemma-4b-it,-1,Expert
HP:0009276,exact,direct,Camptodactyly of the ring finger,medgemma-4b-it,-1,Expert
HP:0004437,exact,direct,Hyperostosis of cranial vault,medgemma-4b-it,-1,Expert
HP:0004437,exact,,Increased ossification of cranial bones,medgemma-4b-it,-1,Expert
HP:0004437,exact,,Hyperostosis of cranial bones,medgemma-4b-it,-1,Expert
HP:0004437,broad,layperson,Thick skull bones,medgemma-4b-it,-1,Expert
HP:0004437,broad,layperson,Overgrowth of skull bones,medgemma-4b-it,-1,Expert
HP:0004437,broad,,Hypertrophy of cranial bones,medgemma-4b-it,-1,Expert
HP:0004437,broad,layperson,Excessive growth of skull bones,medgemma-4b-it,-1,Expert
HP:0004437,broad,layperson,Enlargement of skull bones,medgemma-4b-it,-1,Expert
HP:0011354,exact,layperson,Generalised abnormality of skin,medgemma-4b-it,-1,Expert
HP:0001256,related,layperson,"Mental retardation, mild",medgemma-4b-it,-1,Expert
HP:0001256,exact,layperson,Mild mental retardation,medgemma-4b-it,-1,Expert
HP:0001256,exact,layperson,Mild and nonprogressive mental retardation,medgemma-4b-it,-1,Expert
HP:0001256,exact,layperson,"Mental retardation, borderline-mild",medgemma-4b-it,-1,Expert
HP:0001256,exact,layperson,"Intellectual disability, mild",medgemma-4b-it,-1,Expert
HP:0012720,exact,direct,Nasal neoplasm,medgemma-4b-it,-1,Expert
HP:0012720,exact,direct,Neoplasia of the nose,medgemma-4b-it,-1,Expert
HP:0012720,exact,uk,Tumour of the nose,medgemma-4b-it,-1,Expert
HP:0012720,exact,layperson,Tumor of the nose,medgemma-4b-it,-1,Expert
HP:0012720,exact,layperson,Nose cancer,medgemma-4b-it,-1,Expert
HP:0012720,exact,uk,Nasal tumour,medgemma-4b-it,-1,Expert
HP:0012720,exact,layperson,Nasal tumor,medgemma-4b-it,-1,Expert
HP:0001640,exact,layperson,Increased heart size,medgemma-4b-it,-1,Expert
HP:0001640,exact,layperson,Enlarged heart,medgemma-4b-it,-1,Expert
HP:0003015,exact,direct,"Flared, widened metaphyses",medgemma-4b-it,-1,Expert
HP:0003015,exact,direct,Metaphyseal flaring,medgemma-4b-it,-1,Expert
HP:0003015,exact,direct,Metaphyseal flaring of long bones,medgemma-4b-it,-1,Expert
HP:0003015,exact,direct,Metaphyseal splaying,medgemma-4b-it,-1,Expert
HP:0003015,exact,direct,Metaphyses flared,medgemma-4b-it,-1,Expert
HP:0003015,exact,direct,Splayed metaphyses,medgemma-4b-it,-1,Expert
HP:0003015,exact,direct,marked metaphyseal flaring of long bones,medgemma-4b-it,-1,Expert
HP:0003015,exact,layperson,Flared wide portion of long bone,medgemma-4b-it,-1,Expert
HP:0011831,exact,direct,"Nasal tip, deviated",medgemma-4b-it,-1,Expert
HP:0011831,narrow,layperson,Distortion of the nasal tip,medgemma-4b-it,-1,Expert
HP:0011831,exact,layperson,Deviated tip of nose,medgemma-4b-it,-1,Expert
HP:0011831,exact,layperson,Crooked tip of nose,medgemma-4b-it,-1,Expert
HP:0011831,exact,layperson,Crooked nasal tip,medgemma-4b-it,-1,Expert
HP:0011831,exact,layperson,Asymmetry of tip of nose,medgemma-4b-it,-1,Expert
HP:0011831,exact,layperson,Asymmetry of nasal tip,medgemma-4b-it,-1,Expert
HP:0200102,related,layperson,Sparse to absent eyelashes,medgemma-4b-it,-1,Expert
HP:0200102,related,layperson,Partial to total absence of eyelashes,medgemma-4b-it,-1,Expert
HP:0033009,exact,direct,Elevated fecal coproporphyrin 1,medgemma-4b-it,-1,Expert
HP:0033009,exact,direct,Elevated stool coproporphyrin 1,medgemma-4b-it,-1,Expert
HP:0033009,exact,direct,High fecal coproporphyrin 1,medgemma-4b-it,-1,Expert
HP:0033009,exact,direct,High stool coproporphyrin 1,medgemma-4b-it,-1,Expert
HP:0033009,exact,uk,Increased faecal coproporphyrin 1,medgemma-4b-it,-1,Expert
HP:0033009,exact,uk,High faecal coproporphyrin 1,medgemma-4b-it,-1,Expert
HP:0033009,exact,uk,Elevated faecal coproporphyrin 1,medgemma-4b-it,-1,Expert
HP:0004406,exact,direct,Recurrent epistaxes,medgemma-4b-it,-1,Expert
HP:0004406,exact,direct,Recurrent epistaxis,medgemma-4b-it,-1,Expert
HP:0004406,exact,layperson,"Spontaneous, recurrent nosebleed",medgemma-4b-it,-1,Expert
HP:0004406,exact,layperson,Recurring nosebleed,medgemma-4b-it,-1,Expert
HP:0010039,exact,layperson,Absent/underdeveloped 3rd long bone of hand,medgemma-4b-it,-1,Expert
HP:0010039,exact,layperson,Absent/small 3rd long bone of hand,medgemma-4b-it,-1,Expert
HP:0011121,exact,direct,Abnormality of skin morphology,medgemma-4b-it,-1,Expert
HP:0011121,exact,layperson,Abnormal skin structure,medgemma-4b-it,-1,Expert
HP:0100803,exact,direct,Abnormality of the periungual region,medgemma-4b-it,-1,Expert
HP:0008944,exact,direct,Lower leg amyotrophy,medgemma-4b-it,-1,Expert
HP:0008944,exact,direct,"Muscle atrophy, lower limb, distal",medgemma-4b-it,-1,Expert
HP:0008944,related,direct,Lower limb atrophy,medgemma-4b-it,-1,Expert
HP:0008944,related,direct,Lower limb muscle hypotrophy,medgemma-4b-it,-1,Expert
HP:0008944,exact,,Lower limb degeneration,medgemma-4b-it,-1,Expert
HP:5200050,exact,uk,Checking behaviours,medgemma-4b-it,-1,Expert
HP:5200050,exact,,Checking behaviors,medgemma-4b-it,-1,Expert
HP:0000492,exact,layperson,Abnormality of the eyelids,medgemma-4b-it,-1,Expert
HP:0000492,exact,layperson,Abnormality of the eyelid,medgemma-4b-it,-1,Expert
HP:0005432,related,direct,Newborn gammaglobulin deficiency,medgemma-4b-it,-1,Expert
HP:0041246,exact,direct,bone sternum,medgemma-4b-it,-1,Expert
HP:0000426,related,layperson,Convex nasal bridge,medgemma-4b-it,-1,Expert
HP:0000426,related,layperson,Convex bridge of nose,medgemma-4b-it,-1,Expert
HP:0000426,exact,layperson,Protruding nasal bridge,medgemma-4b-it,-1,Expert
HP:0000426,exact,layperson,Protruding bridge of nose,medgemma-4b-it,-1,Expert
HP:0000426,exact,layperson,Prominent nasal root,medgemma-4b-it,-1,Expert
HP:0000426,exact,layperson,Prominent bridge of nose,medgemma-4b-it,-1,Expert
HP:0000426,exact,layperson,High nasal bridge,medgemma-4b-it,-1,Expert
HP:0000426,exact,layperson,Elevated nasal bridge,medgemma-4b-it,-1,Expert
HP:0001045,exact,uk,Blotchy loss of skin colour,medgemma-4b-it,-1,Expert
HP:0001045,exact,layperson,Blotchy loss of skin color,medgemma-4b-it,-1,Expert
HP:0006897,exact,direct,Cranial nerve VI palsy,medgemma-4b-it,-1,Expert
HP:0006897,exact,direct,Sixth nerve palsy,medgemma-4b-it,-1,Expert
HP:0006897,exact,,Lateral rectus muscle denervation paresis,medgemma-4b-it,-1,Expert
HP:0006897,exact,,Abducens nerve paresis,medgemma-4b-it,-1,Expert
HP:0006897,exact,,Abducens nerve paralysis,medgemma-4b-it,-1,Expert
HP:0006897,exact,,Abducens nerve palsy,medgemma-4b-it,-1,Expert
HP:0011405,exact,direct,Short-limb dwarfism identifiable during childhood,medgemma-4b-it,-1,Expert
HP:0012170,exact,direct,Onychophagia,medgemma-4b-it,-1,Expert
HP:0012170,exact,direct,Onychophagy,medgemma-4b-it,-1,Expert
HP:0012368,exact,,Flat facies,medgemma-4b-it,-1,Expert
HP:0012368,exact,layperson,Flat facial shape,medgemma-4b-it,-1,Expert
HP:0012368,exact,,Flat facial profile,medgemma-4b-it,-1,Expert
HP:0009843,exact,direct,Absent/hypoplastic middle phalanges,medgemma-4b-it,-1,Expert
HP:0009843,exact,direct,Aplasia/hypoplasia of middle phalanges,medgemma-4b-it,-1,Expert
HP:0009843,exact,direct,Aplastic/hypoplastic middle phalanges,medgemma-4b-it,-1,Expert
HP:0009843,exact,direct,Hypoplastic/aplastic middle phalanx,medgemma-4b-it,-1,Expert
HP:0009843,exact,direct,Short to absent middle phalanges,medgemma-4b-it,-1,Expert
HP:0009843,exact,direct,Short/absent middle phalanges,medgemma-4b-it,-1,Expert
HP:0009843,exact,layperson,Absent/underdeveloped middle finger bone of the hand,medgemma-4b-it,-1,Expert
HP:0009843,exact,layperson,Absent/small middle finger bone of the hand,medgemma-4b-it,-1,Expert
HP:0005261,exact,direct,Hemarthroses,medgemma-4b-it,-1,Expert
HP:0005261,exact,direct,Spontaneous joint hemorrhage,medgemma-4b-it,-1,Expert
HP:0005261,exact,uk,Spontaneous joint haemorrhage,medgemma-4b-it,-1,Expert
HP:0005261,exact,layperson,Hemarthrosis,medgemma-4b-it,-1,Expert
HP:0005261,exact,layperson,Bleeding within a joint,medgemma-4b-it,-1,Expert
HP:0002046,exact,layperson,Intolerance to heat and fevers,medgemma-4b-it,-1,Expert
HP:0200006,exact,layperson,Slanting of the opening between the eyelids,medgemma-4b-it,-1,Expert
HP:0000964,related,direct,Dermatitis,medgemma-4b-it,-1,Expert
HP:0000964,exact,layperson,Eczema,medgemma-4b-it,-1,Expert
HP:0000670,exact,direct,Caries,medgemma-4b-it,-1,Expert
HP:0000670,exact,direct,Dental caries,medgemma-4b-it,-1,Expert
HP:0000670,exact,direct,Early dental caries,medgemma-4b-it,-1,Expert
HP:0000670,exact,direct,Frequent caries,medgemma-4b-it,-1,Expert
HP:0000670,related,layperson,Rotting teeth,medgemma-4b-it,-1,Expert
HP:0000670,related,layperson,Dental decay,medgemma-4b-it,-1,Expert
HP:0000670,exact,layperson,Tooth decay,medgemma-4b-it,-1,Expert
HP:0000670,exact,layperson,Tooth cavities,medgemma-4b-it,-1,Expert
HP:0000670,exact,layperson,Dental cavities,medgemma-4b-it,-1,Expert
HP:0000670,exact,,Cariosity of teeth,medgemma-4b-it,-1,Expert
HP:0012671,exact,direct,Aboulia,medgemma-4b-it,-1,Expert
HP:0030235,exact,abbreviation,Extremely high CPK level,medgemma-4b-it,-1,Expert
HP:0030235,exact,abbreviation,Extremely elevated serum CK level,medgemma-4b-it,-1,Expert
HP:0030235,exact,abbreviation,Extremely elevated phospho-CK serum level,medgemma-4b-it,-1,Expert
HP:0030235,exact,,Extremely elevated creatine phosphokinase,medgemma-4b-it,-1,Expert
HP:0030235,exact,abbreviation,Extremely elevated CPK,medgemma-4b-it,-1,Expert
HP:0025186,exact,direct,Marcus Gunn jaw-winking syndrome,medgemma-4b-it,-1,Expert
HP:0025186,exact,direct,Pterygoid-levator synkinesis,medgemma-4b-it,-1,Expert
HP:0025186,exact,direct,Trigemino-oculomotor synkinesis,medgemma-4b-it,-1,Expert
HP:0009556,exact,direct,Aplasia of the tibia,medgemma-4b-it,-1,Expert
HP:0009556,exact,layperson,Absent shinbone,medgemma-4b-it,-1,Expert
HP:0009556,exact,layperson,Absent shankbone,medgemma-4b-it,-1,Expert
HP:0000512,exact,direct,Abnormal ERG,medgemma-4b-it,-1,Expert
HP:0000512,exact,direct,Abnormal electroretinography,medgemma-4b-it,-1,Expert
HP:0000512,exact,direct,ERG abnormal,medgemma-4b-it,-1,Expert
HP:0002215,broad,direct,Sparse axillary and pubic hair,medgemma-4b-it,-1,Expert
HP:0002215,broad,direct,"Sparse scalp, axillary, and pubic hair",medgemma-4b-it,-1,Expert
HP:0002215,exact,direct,sparse to absent axillary hair,medgemma-4b-it,-1,Expert
HP:0002215,exact,layperson,Little underarm hair,medgemma-4b-it,-1,Lay-person
HP:0002215,exact,layperson,Limited armpit hair,medgemma-4b-it,-1,Expert
HP:0000276,exact,layperson,Vertical overgrowth of face,medgemma-4b-it,-1,Expert
HP:0000276,exact,,Vertical hyperplasia of face,medgemma-4b-it,-1,Expert
HP:0000276,exact,,Vertical excess of face,medgemma-4b-it,-1,Expert
HP:0000276,exact,layperson,Vertical enlargement of face,medgemma-4b-it,-1,Expert
HP:0000276,exact,layperson,Vertical elongation of face,medgemma-4b-it,-1,Expert
HP:0000276,exact,,Vertical Facial Excess,medgemma-4b-it,-1,Expert
HP:0000276,exact,,Long facies,medgemma-4b-it,-1,Expert
HP:0000276,exact,,Increased vertical dimension of face,medgemma-4b-it,-1,Expert
HP:0000276,exact,layperson,Increased length of face,medgemma-4b-it,-1,Expert
HP:0000276,exact,layperson,Increased height of face,medgemma-4b-it,-1,Expert
HP:0000276,exact,layperson,Elongation of face,medgemma-4b-it,-1,Expert
HP:0002089,exact,direct,Hypoplastic lung,medgemma-4b-it,-1,Expert
HP:0002089,exact,direct,Hypoplastic lungs,medgemma-4b-it,-1,Expert
HP:0002089,exact,direct,Lung hypoplasia,medgemma-4b-it,-1,Expert
HP:0002089,exact,layperson,Underdeveloped lung,medgemma-4b-it,-1,Expert
HP:0002089,exact,layperson,Small lung,medgemma-4b-it,-1,Expert
HP:0002089,exact,layperson,Poorly developed lungs,medgemma-4b-it,-1,Expert
HP:0004443,exact,direct,Lambdoid suture craniosynostosis,medgemma-4b-it,-1,Expert
HP:0004443,exact,,Lambdoid suture synostosis,medgemma-4b-it,-1,Expert
HP:0011328,related,direct,Anomaly of the fontanelles,medgemma-4b-it,-1,Expert
HP:0011314,exact,direct,Abnormality of long bone morphology,medgemma-4b-it,-1,Expert
HP:0011314,exact,direct,Abnormality of the tubular bones,medgemma-4b-it,-1,Expert
HP:0011314,exact,layperson,Abnormal shape of long bone,medgemma-4b-it,-1,Expert
HP:0006379,exact,direct,Proximal tibial hypopolasia,medgemma-4b-it,-1,Expert
HP:0002745,exact,,leukokeratosis,medgemma-4b-it,-1,Expert
HP:0002745,exact,,Oral white plaque,medgemma-4b-it,-1,Expert
HP:0002745,exact,layperson,Oral white patch,medgemma-4b-it,-1,Expert
HP:0002745,exact,,Oral leukoplasia,medgemma-4b-it,-1,Expert
HP:0002745,exact,,Oral leukokeratosis,medgemma-4b-it,-1,Expert
HP:0002745,exact,,Oral leucoplakia,medgemma-4b-it,-1,Expert
HP:0002745,exact,,Oral idiopathic white patch,medgemma-4b-it,-1,Expert
HP:0002745,exact,,Oral idiopathic leukoplakia,medgemma-4b-it,-1,Expert
HP:0002745,exact,,Oral idiopathic keratosis,medgemma-4b-it,-1,Expert
HP:0001558,exact,direct,Decreased fetal activity,medgemma-4b-it,-1,Expert
HP:0001558,exact,direct,Decreased fetal movements,medgemma-4b-it,-1,Expert
HP:0001558,exact,direct,Decreased movement in utero,medgemma-4b-it,-1,Expert
HP:0001558,exact,direct,Dminished fetal movement,medgemma-4b-it,-1,Expert
HP:0001558,exact,direct,Fetal hypokinesia,medgemma-4b-it,-1,Expert
HP:0001558,exact,direct,Reduced fetal movement,medgemma-4b-it,-1,Expert
HP:0001558,exact,direct,Reduced fetal movements,medgemma-4b-it,-1,Expert
HP:0001558,exact,uk,Reduced foetal movements,medgemma-4b-it,-1,Expert
HP:0001558,exact,uk,Reduced foetal movement,medgemma-4b-it,-1,Expert
HP:0001558,exact,uk,Less than 10 foetal movements in 12 hours,medgemma-4b-it,-1,Expert
HP:0001558,exact,layperson,Less than 10 fetal movements in 12 hours,medgemma-4b-it,-1,Expert
HP:0001558,exact,uk,Foetal hypokinesia,medgemma-4b-it,-1,Expert
HP:0001558,exact,uk,Dminished foetal movement,medgemma-4b-it,-1,Expert
HP:0001558,exact,uk,Decreased foetal movements,medgemma-4b-it,-1,Expert
HP:0001558,exact,uk,Decreased foetal movement,medgemma-4b-it,-1,Expert
HP:0001558,exact,uk,Decreased foetal activity,medgemma-4b-it,-1,Expert
HP:0100338,exact,,Paramedian cleft palate,medgemma-4b-it,-1,Expert
HP:0004209,exact,direct,Bilateral fifth digit clinodactyly,medgemma-4b-it,-1,Expert
HP:0004209,exact,direct,Bilateral fifth finger clinodactyly,medgemma-4b-it,-1,Expert
HP:0004209,exact,direct,Clinodactyly of fifth digit,medgemma-4b-it,-1,Expert
HP:0004209,exact,direct,Clinodactyly of the little finger,medgemma-4b-it,-1,Expert
HP:0004209,exact,direct,Fifth finger clinodactyly,medgemma-4b-it,-1,Expert
HP:0004209,exact,layperson,Permanent curving of the pinkie finger,medgemma-4b-it,-1,Expert
HP:0004209,broad,layperson,Curvature of pinky finger,medgemma-4b-it,-1,Expert
HP:0004209,broad,layperson,Curvature of pinkie finger,medgemma-4b-it,-1,Expert
HP:0004209,broad,layperson,Curvature of little finger,medgemma-4b-it,-1,Expert
HP:0000682,exact,direct,Abnormality of dental enamel,medgemma-4b-it,-1,Expert
HP:0000682,narrow,layperson,Malformation of tooth enamel,medgemma-4b-it,-1,Expert
HP:0000682,narrow,layperson,Malformation of dental enamel,medgemma-4b-it,-1,Expert
HP:0000682,narrow,,Dystrophic tooth enamel,medgemma-4b-it,-1,Expert
HP:0000682,narrow,layperson,Defective tooth enamel,medgemma-4b-it,-1,Expert
HP:0000682,exact,layperson,Enamel abnormality,medgemma-4b-it,-1,Expert
HP:0000682,exact,layperson,Enamel abnormalities,medgemma-4b-it,-1,Expert
HP:0000682,exact,layperson,Abnormal tooth enamel,medgemma-4b-it,-1,Expert
HP:0000590,exact,direct,"External ophthalmoplegia, progressive",medgemma-4b-it,-1,Expert
HP:0031097,exact,direct,Abnormal circulating thyrotropin concentration,medgemma-4b-it,-1,Expert
HP:0031097,exact,direct,Abnormal thyrotropin level,medgemma-4b-it,-1,Expert
HP:0031097,exact,abbreviation,Abnormal TSH level,medgemma-4b-it,-1,Expert
HP:0004319,exact,direct,Decreased aldosterone,medgemma-4b-it,-1,Expert
HP:0004319,exact,direct,Decreased aldosterone production,medgemma-4b-it,-1,Expert
HP:0004319,exact,direct,Decreased serum aldosterone,medgemma-4b-it,-1,Expert
HP:0004319,exact,direct,Hypoaldosteronism,medgemma-4b-it,-1,Expert
HP:0004319,exact,direct,Mineralocorticoid insufficiency,medgemma-4b-it,-1,Expert
HP:0004319,exact,layperson,Low blood aldosterone level,medgemma-4b-it,-1,Expert
HP:0009808,exact,direct,Abnormality involving the diaphyses of the upper limbs,medgemma-4b-it,-1,Expert
HP:0009808,exact,direct,Diaphyseal abnormality of the upper limbs,medgemma-4b-it,-1,Expert
HP:0009808,exact,layperson,Abnormality of shaft of long bone of the upper limbs,medgemma-4b-it,-1,Expert
HP:0040008,narrow,layperson,Missing facial bones,medgemma-4b-it,-1,Expert
HP:0040008,exact,layperson,Failure of development of facial bones,medgemma-4b-it,-1,Expert
HP:0040008,exact,,Aplasia of facial skeleton,medgemma-4b-it,-1,Expert
HP:0040008,exact,,Agenesis of facial bones,medgemma-4b-it,-1,Expert
HP:0040008,exact,layperson,Absence of facial bones,medgemma-4b-it,-1,Expert
HP:0040008,broad,layperson,Failure of development of facial skeleton,medgemma-4b-it,-1,Expert
HP:0005484,exact,direct,Deceleration of head growth,medgemma-4b-it,-1,Expert
HP:0005484,exact,direct,"Microcephaly, acquired",medgemma-4b-it,-1,Expert
HP:0005484,exact,direct,"Microcephaly, postnatal",medgemma-4b-it,-1,Expert
HP:0005484,exact,direct,Postnatal deceleration of head circumference,medgemma-4b-it,-1,Expert
HP:0005484,exact,direct,Postnatal microcephaly,medgemma-4b-it,-1,Expert
HP:0005484,exact,,Acquired microcephaly,medgemma-4b-it,-1,Expert
HP:0005484,broad,layperson,Development of small head that was not present at birth,medgemma-4b-it,-1,Expert
HP:0002463,exact,,Language disorder,medgemma-4b-it,-1,Expert
HP:0033257,exact,direct,Delayed ability to cruise,medgemma-4b-it,-1,Expert
HP:0005792,exact,direct,Humeral hypoplasia,medgemma-4b-it,-1,Expert
HP:0005792,exact,direct,Humeral shortening,medgemma-4b-it,-1,Expert
HP:0005792,exact,direct,Hypoplastic humerus,medgemma-4b-it,-1,Expert
HP:0005792,exact,direct,Short humeri,medgemma-4b-it,-1,Expert
HP:0005792,exact,layperson,Short upper arms,medgemma-4b-it,-1,Expert
HP:0005792,exact,layperson,Short long bone of upper arm,medgemma-4b-it,-1,Expert
HP:0005278,related,,Hypotrophic tip of nose,medgemma-4b-it,-1,Expert
HP:0005278,related,,Hypotrophic nasal tip,medgemma-4b-it,-1,Expert
HP:0005278,related,layperson,Deficient nasal tip,medgemma-4b-it,-1,Expert
HP:0005278,narrow,,Aplasia of nasal tip,medgemma-4b-it,-1,Expert
HP:0005278,exact,layperson,Underdevelopment of tip of nose,medgemma-4b-it,-1,Expert
HP:0005278,exact,layperson,Underdevelopment of nasal tip,medgemma-4b-it,-1,Expert
HP:0005278,exact,layperson,Small tip of nose,medgemma-4b-it,-1,Expert
HP:0005278,exact,layperson,Small nasal tip,medgemma-4b-it,-1,Expert
HP:0005278,exact,,Hypoplasia of tip of nose,medgemma-4b-it,-1,Expert
HP:0005278,exact,layperson,Decreased size of tip of nose,medgemma-4b-it,-1,Expert
HP:0005278,exact,layperson,Decreased size of nasal tip,medgemma-4b-it,-1,Expert
HP:0006118,related,direct,Brachytelephalangy,medgemma-4b-it,-1,Expert
HP:0006118,exact,layperson,Shortening of all outermost bones of the fingers,medgemma-4b-it,-1,Expert
HP:0000799,exact,layperson,Fatty kidney,medgemma-4b-it,-1,Expert
HP:0006209,exact,layperson,Partial-complete absence of 5th digital bone,medgemma-4b-it,-1,Expert
HP:0012166,exact,direct,Compulsive skin picking,medgemma-4b-it,-1,Expert
HP:0012166,exact,direct,Dermatillomania,medgemma-4b-it,-1,Expert
HP:0410240,exact,direct,Abnormal IgA level in blood,medgemma-4b-it,-1,Expert
HP:0410240,exact,direct,Abnormal circulating IgA level,medgemma-4b-it,-1,Expert
HP:0034348,exact,direct,Infundibular pulmonary stenosis,medgemma-4b-it,-1,Expert
HP:0034348,exact,direct,Infundibular pulmonic stenosis,medgemma-4b-it,-1,Expert
HP:0034348,exact,direct,Subvalvar pulmonary stenosis,medgemma-4b-it,-1,Expert
HP:0034348,exact,direct,Subvalvar pulmonic stenosis,medgemma-4b-it,-1,Expert
HP:0034348,exact,direct,Subvalvular pulmonary stenosis,medgemma-4b-it,-1,Expert
HP:0034348,exact,direct,Subvalvular pulmonic stenosis,medgemma-4b-it,-1,Expert
HP:0000243,exact,layperson,Wedge shaped skull,medgemma-4b-it,-1,Expert
HP:0000243,exact,,Wedge shaped cranium,medgemma-4b-it,-1,Expert
HP:0000243,exact,layperson,Triangular skull shape,medgemma-4b-it,-1,Expert
HP:0000243,exact,,Triangular cranium shape,medgemma-4b-it,-1,Expert
HP:0000243,broad,layperson,Wedge shaped head,medgemma-4b-it,-1,Expert
HP:0000243,broad,layperson,Triangular head shape,medgemma-4b-it,-1,Expert
HP:0008605,exact,layperson,Deformed external ear on one side,medgemma-4b-it,-1,Expert
HP:0004442,exact,direct,"Craniosynostosis, sagittal",medgemma-4b-it,-1,Expert
HP:0004442,exact,direct,"Craniosynostosis, sagittal suture",medgemma-4b-it,-1,Expert
HP:0004442,exact,,Sagittal suture synostosis,medgemma-4b-it,-1,Expert
HP:0004442,exact,layperson,Midline skull joint closes early,medgemma-4b-it,-1,Expert
HP:0004442,exact,layperson,Early closure of midline skull joint,medgemma-4b-it,-1,Expert
HP:0007628,related,,Hypotrophic mandibular condyle,medgemma-4b-it,-1,Expert
HP:0007628,related,,Hypotrophic condylar process of mandible,medgemma-4b-it,-1,Expert
HP:0007628,narrow,,Small condylar neck of mandible,medgemma-4b-it,-1,Expert
HP:0007628,narrow,,Small condylar head of mandible,medgemma-4b-it,-1,Expert
HP:0007628,narrow,,Hypoplasia of condylar neck of mandible,medgemma-4b-it,-1,Expert
HP:0007628,narrow,,Hypoplasia of condylar head of mandible,medgemma-4b-it,-1,Expert
HP:0007628,exact,,Small mandibular condyle,medgemma-4b-it,-1,Expert
HP:0007628,exact,,Hypoplasia of subcondylar region of mandible,medgemma-4b-it,-1,Expert
HP:0007628,exact,,Hypoplasia of mandibular condyle,medgemma-4b-it,-1,Expert
HP:0007628,exact,,Hypoplasia of condylar process of mandible,medgemma-4b-it,-1,Expert
HP:0007628,exact,,Decreased size of mandibular condyle,medgemma-4b-it,-1,Expert
HP:0007628,exact,,Decreased size of condylar process of mandible,medgemma-4b-it,-1,Expert
HP:0002198,exact,direct,Enlarged fourth ventricle,medgemma-4b-it,-1,Expert
HP:0000403,exact,direct,Frequent otitis media,medgemma-4b-it,-1,Expert
HP:0000403,exact,direct,Multiple episodes of otitis media,medgemma-4b-it,-1,Expert
HP:0000403,exact,direct,Recurrent episodes of otitis media,medgemma-4b-it,-1,Expert
HP:0000403,exact,direct,Susceptibility to otitis media,medgemma-4b-it,-1,Expert
HP:0000403,exact,layperson,Recurrent middle ear infection,medgemma-4b-it,-1,Expert
HP:0000403,exact,,"Otitis media, recurrent",medgemma-4b-it,-1,Expert
HP:0012808,narrow,layperson,Malformation of nasal base,medgemma-4b-it,-1,Expert
HP:0012808,narrow,layperson,Malformation of base of nose,medgemma-4b-it,-1,Expert
HP:0012808,narrow,layperson,Deformity of nasal base,medgemma-4b-it,-1,Expert
HP:0012808,narrow,layperson,Deformity of base of nose,medgemma-4b-it,-1,Expert
HP:0012808,exact,,Anomaly of nasal base,medgemma-4b-it,-1,Expert
HP:0012808,exact,,Anomaly of base of nose,medgemma-4b-it,-1,Expert
HP:0012808,exact,layperson,Abnormality of base of nose,medgemma-4b-it,-1,Expert
HP:0012808,exact,layperson,Abnormal nasal base,medgemma-4b-it,-1,Expert
HP:0002194,exact,direct,Delayed attainment of gross motor milestones,medgemma-4b-it,-1,Expert
HP:0002194,exact,direct,Delayed attainment of gross motor skills,medgemma-4b-it,-1,Expert
HP:0002194,exact,direct,Delayed development of gross motor milestones,medgemma-4b-it,-1,Expert
HP:0002194,exact,direct,Delayed development of gross motor skills,medgemma-4b-it,-1,Expert
HP:0002194,exact,direct,Delayed gross motor milestones,medgemma-4b-it,-1,Expert
HP:0002194,exact,direct,Delayed gross motor skills,medgemma-4b-it,-1,Expert
HP:0002194,exact,direct,"Developmental delay, gross motor",medgemma-4b-it,-1,Expert
HP:0002194,exact,direct,Gross motor delay,medgemma-4b-it,-1,Expert
HP:0002194,exact,direct,Limited gross motor development,medgemma-4b-it,-1,Expert
HP:0002194,exact,direct,Limited gross motor skills,medgemma-4b-it,-1,Expert
HP:0002194,exact,layperson,Delayed motor skills,medgemma-4b-it,-1,Expert
HP:0010048,exact,direct,Absent metacarpal,medgemma-4b-it,-1,Expert
HP:0010048,exact,direct,Absent metacarpals,medgemma-4b-it,-1,Expert
HP:0010048,exact,layperson,Absent long bone of hand,medgemma-4b-it,-1,Expert
HP:0011545,exact,direct,Discordant connection of the cardiac segments,medgemma-4b-it,-1,Expert
HP:0011545,exact,uk,Abnormal connexion of the cardiac segments,medgemma-4b-it,-1,Expert
HP:0100826,exact,uk,Nail tumour,medgemma-4b-it,-1,Expert
HP:0100826,exact,layperson,Nail tumor,medgemma-4b-it,-1,Expert
HP:0001935,exact,uk,Microcytic anaemia,medgemma-4b-it,-1,Expert
HP:0011675,exact,direct,Arrhythmias,medgemma-4b-it,-1,Expert
HP:0011675,exact,direct,Cardiac arrhythmia,medgemma-4b-it,-1,Expert
HP:0011675,exact,direct,Cardiac arrhythmias,medgemma-4b-it,-1,Expert
HP:0011675,exact,direct,Cardiac rhythm disturbances,medgemma-4b-it,-1,Expert
HP:0011675,exact,layperson,Irregular heartbeat,medgemma-4b-it,-1,Expert
HP:0011675,exact,layperson,Irregular heart beat,medgemma-4b-it,-1,Expert
HP:0011675,exact,layperson,Heart rhythm disorders,medgemma-4b-it,-1,Expert
HP:0011675,exact,layperson,Abnormal heart rate,medgemma-4b-it,-1,Expert
HP:0003025,exact,direct,"Frayed, irregular metaphyses",medgemma-4b-it,-1,Expert
HP:0003025,exact,direct,"Frayed, irregular, metaphyses",medgemma-4b-it,-1,Expert
HP:0003025,exact,direct,Irregular metaphyses,medgemma-4b-it,-1,Expert
HP:0003025,exact,direct,Metaphyseal fraying,medgemma-4b-it,-1,Expert
HP:0003025,exact,direct,Metaphyseal irregularities,medgemma-4b-it,-1,Expert
HP:0003025,exact,layperson,Irregular wide portion of a long bone,medgemma-4b-it,-1,Expert
HP:0001713,exact,direct,Abnormality of cardiac ventricle,medgemma-4b-it,-1,Expert
HP:0031964,exact,direct,Alanine aminotransferase increased,medgemma-4b-it,-1,Expert
HP:0031964,exact,direct,Elevated serum alanine aminotransferase,medgemma-4b-it,-1,Expert
HP:0031964,exact,direct,Elevated serum glutamic-pyruvic transaminase,medgemma-4b-it,-1,Expert
HP:0031964,exact,abbreviation,Elevated serum ALT,medgemma-4b-it,-1,Expert
HP:0009890,exact,layperson,High frontal hairline,medgemma-4b-it,-1,Expert
HP:0100851,broad,direct,Emotional dysregulation,medgemma-4b-it,-1,Expert
HP:0100851,broad,direct,Mood disturbance,medgemma-4b-it,-1,Expert
HP:0100851,broad,direct,Psychological distress,medgemma-4b-it,-1,Expert
HP:0000177,narrow,layperson,Malformation of the upper lip,medgemma-4b-it,-1,Expert
HP:0000177,narrow,layperson,Deformity of the upper lip,medgemma-4b-it,-1,Expert
HP:0000177,narrow,layperson,Anomaly of the upper lip,medgemma-4b-it,-1,Expert
HP:0000177,exact,layperson,Abnormality of upper lip,medgemma-4b-it,-1,Expert
HP:0000597,exact,direct,Extraocular muscle palsy,medgemma-4b-it,-1,Expert
HP:0000597,exact,direct,Extraocular muscle paralysis,medgemma-4b-it,-1,Expert
HP:0000597,exact,layperson,Weakness of muscles controlling eye movement,medgemma-4b-it,-1,Expert
HP:0000597,exact,,Weakness of extraocular eye movement,medgemma-4b-it,-1,Expert
HP:0006323,exact,direct,Premature deciduous tooth loss,medgemma-4b-it,-1,Expert
HP:0006323,exact,direct,Premature loss of deciduous teeth,medgemma-4b-it,-1,Expert
HP:0006323,narrow,,Premature exfoliation of primary teeth,medgemma-4b-it,-1,Expert
HP:0006323,narrow,,Premature exfoliation of deciduous teeth,medgemma-4b-it,-1,Expert
HP:0006323,exact,layperson,Premature loss of baby teeth,medgemma-4b-it,-1,Expert
HP:0006323,exact,,Early loss of primary teeth,medgemma-4b-it,-1,Expert
HP:0006323,exact,,Early loss of deciduous teeth,medgemma-4b-it,-1,Expert
HP:0006323,exact,layperson,Early loss of baby teeth,medgemma-4b-it,-1,Expert
HP:0001671,exact,direct,Abnormality of the cardiac septa,medgemma-4b-it,-1,Expert
HP:0001671,exact,direct,Heart septal defect,medgemma-4b-it,-1,Expert
HP:0001671,exact,plural,Septal defects,medgemma-4b-it,-1,Expert
HP:0410334,exact,direct,Allergy to fungi,medgemma-4b-it,-1,Expert
HP:0410334,exact,direct,IgE-mediated fungi allergy,medgemma-4b-it,-1,Expert
HP:0410334,exact,direct,Immunoglobulin E-mediated fungi allergy,medgemma-4b-it,-1,Expert
HP:0410334,exact,layperson,Fungus allergy,medgemma-4b-it,-1,Expert
HP:0410334,exact,layperson,Fungal allergy,medgemma-4b-it,-1,Expert
HP:0001250,exact,direct,Epileptic seizure,medgemma-4b-it,-1,Expert
HP:0001250,related,layperson,Epilepsy,medgemma-4b-it,-1,Expert
HP:0001250,exact,layperson,Seizures,medgemma-4b-it,-1,Expert
HP:0001250,exact,plural,Seizures,medgemma-4b-it,-1,Expert
HP:0030526,exact,direct,Severe peripheral visual field loss,medgemma-4b-it,-1,Expert
HP:0033010,exact,direct,Elevated fecal coproporphyrin 3,medgemma-4b-it,-1,Expert
HP:0033010,exact,direct,Elevated stool coproporphyrin 3,medgemma-4b-it,-1,Expert
HP:0033010,exact,direct,High fecal coproporphyrin 3,medgemma-4b-it,-1,Expert
HP:0033010,exact,direct,High stool coproporphyrin 3,medgemma-4b-it,-1,Expert
HP:0033010,exact,uk,Increased faecal coproporphyrin 3,medgemma-4b-it,-1,Expert
HP:0033010,exact,uk,High faecal coproporphyrin 3,medgemma-4b-it,-1,Expert
HP:0033010,exact,uk,Elevated faecal coproporphyrin 3,medgemma-4b-it,-1,Expert
HP:0012292,exact,layperson,Upper and lower gums fused together,medgemma-4b-it,-1,Expert
HP:0012292,exact,,Synechia of the gums,medgemma-4b-it,-1,Expert
HP:0012292,exact,layperson,Partial fusion of the gums,medgemma-4b-it,-1,Expert
HP:0012292,exact,,Gingival synechia,medgemma-4b-it,-1,Expert
HP:0012292,exact,,Fusion of the gingiva,medgemma-4b-it,-1,Expert
HP:0007404,exact,direct,Nonepidermolytic palmoplantar keratoderma,medgemma-4b-it,-1,Expert
HP:0012799,exact,layperson,Weakness of one side of the face,medgemma-4b-it,-1,Expert
HP:0012799,exact,,Unilateral facial weakness,medgemma-4b-it,-1,Expert
HP:0012799,exact,,Unilateral facial paralysis,medgemma-4b-it,-1,Expert
HP:0012799,exact,,Unilateral facial muscle weakness,medgemma-4b-it,-1,Expert
HP:0012799,exact,,Unilateral facial muscle paralysis,medgemma-4b-it,-1,Expert
HP:0012799,exact,layperson,Paralysis of one side of the face,medgemma-4b-it,-1,Expert
HP:0012799,exact,layperson,Facial droop,medgemma-4b-it,-1,Expert
HP:0001649,related,layperson,Rapid heart beat,medgemma-4b-it,-1,Expert
HP:0001649,related,layperson,Increased heart rate,medgemma-4b-it,-1,Expert
HP:0001649,related,layperson,Elevated heart rate,medgemma-4b-it,-1,Expert
HP:0001649,exact,layperson,Racing heart,medgemma-4b-it,-1,Expert
HP:0001649,exact,layperson,Heart racing,medgemma-4b-it,-1,Expert
HP:0001649,exact,layperson,Fast heart rate,medgemma-4b-it,-1,Expert
HP:0008845,exact,direct,"Dwarfism, short limb mesomelic",medgemma-4b-it,-1,Expert
HP:0008845,exact,direct,"Short stature, disproportionate mesomelic",medgemma-4b-it,-1,Expert
HP:0008845,exact,direct,"Short stature, mesomelic",medgemma-4b-it,-1,Expert
HP:0008845,exact,obsolete,Mesomelic dwarfism,medgemma-4b-it,-1,Expert
HP:5200337,exact,direct,Kleptomania,medgemma-4b-it,-1,Expert
HP:0011154,exact,plural,Focal autonomic seizures,medgemma-4b-it,-1,Expert
HP:0006956,exact,direct,Dilatation of lateral cerebral ventricles,medgemma-4b-it,-1,Expert
HP:0006956,exact,direct,Dilation of lateral ventricles,medgemma-4b-it,-1,Expert
HP:0006956,exact,direct,Enlarged lateral ventricles,medgemma-4b-it,-1,Expert
HP:0007378,exact,direct,Gastrointestinal tract neoplasia,medgemma-4b-it,-1,Expert
HP:0007378,exact,direct,Gastrointestinal tract neoplasm,medgemma-4b-it,-1,Expert
HP:0007378,exact,abbreviation,Neoplasm of the GI tract,medgemma-4b-it,-1,Expert
HP:0007378,exact,uk,Gastrointestinal tract tumour,medgemma-4b-it,-1,Expert
HP:0007378,exact,layperson,Gastrointestinal tract tumor,medgemma-4b-it,-1,Expert
HP:0007378,exact,uk,GI tract tumour,medgemma-4b-it,-1,Expert
HP:0007378,exact,abbreviation,GI tract tumor,medgemma-4b-it,-1,Expert
HP:0007378,exact,layperson,GI tract tumor,medgemma-4b-it,-1,Expert
HP:0006286,exact,,Yellow-brown tooth shade,medgemma-4b-it,-1,Expert
HP:0006286,exact,uk,Yellow-brown discoloured teeth,medgemma-4b-it,-1,Expert
HP:0006286,exact,layperson,Yellow-brown discolored teeth,medgemma-4b-it,-1,Expert
HP:0033757,exact,direct,Fatty pancreas,medgemma-4b-it,-1,Expert
HP:0033757,exact,direct,Non-alcoholic fatty pancreatic disease,medgemma-4b-it,-1,Expert
HP:0033757,exact,direct,Pancreatic fatty infiltration,medgemma-4b-it,-1,Expert
HP:0033757,exact,direct,Pancreatic fatty replacement,medgemma-4b-it,-1,Expert
HP:0033757,exact,direct,Pancreatic lipomatosis,medgemma-4b-it,-1,Expert
HP:0033757,exact,direct,Pancreatic lipomatous pseudohypertrophy,medgemma-4b-it,-1,Expert
HP:0009280,exact,direct,Hypoplastic/small 4th finger,medgemma-4b-it,-1,Expert
HP:0009280,exact,layperson,Short ring finger,medgemma-4b-it,-1,Expert
HP:0006045,exact,layperson,Short pointed digital bones,medgemma-4b-it,-1,Expert
HP:0009883,exact,direct,Bifid terminal phalanges,medgemma-4b-it,-1,Expert
HP:0009883,exact,direct,Partial/complete duplication of the distal phalanges of the hand,medgemma-4b-it,-1,Expert
HP:0009883,exact,layperson,Notched outermost bone of hand,medgemma-4b-it,-1,Expert
HP:0009883,exact,layperson,Duplication of the outermost bone of hand,medgemma-4b-it,-1,Expert
HP:0003431,exact,direct,Decreased motor NCV,medgemma-4b-it,-1,Expert
HP:0003431,exact,direct,Decreased motor nerve conduction velocities,medgemma-4b-it,-1,Expert
HP:0003431,exact,direct,Reduced motor nerve conduction velocity,medgemma-4b-it,-1,Expert
HP:0009461,exact,direct,Hypoplastic/small 3rd finger,medgemma-4b-it,-1,Expert
HP:0009461,exact,layperson,Short middle finger,medgemma-4b-it,-1,Expert
HP:0011849,related,layperson,Abnormal bone maturation,medgemma-4b-it,-1,Expert
HP:0000253,exact,direct,"Microcephaly, postnatal, progressive",medgemma-4b-it,-1,Expert
HP:0000253,exact,layperson,Progressively abnormally small skull,medgemma-4b-it,-1,Expert
HP:0000253,exact,layperson,Progressively abnormally small cranium,medgemma-4b-it,-1,Expert
HP:0000253,exact,,"Microcephaly, progressive",medgemma-4b-it,-1,Expert
HP:0003141,exact,direct,Hyperbetalipoproteinemia,medgemma-4b-it,-1,Expert
HP:0003141,exact,direct,Increased beta-lipoproteins,medgemma-4b-it,-1,Expert
HP:0003141,exact,direct,Increased circulating low-density lipoprotein cholesterol,medgemma-4b-it,-1,Expert
HP:0003141,exact,direct,Increased circulating low-density lipoprotein levels,medgemma-4b-it,-1,Expert
HP:0003141,exact,abbreviation,Increased plasma LDL levels,medgemma-4b-it,-1,Expert
HP:0003141,exact,layperson,Increased circulating LDL level,medgemma-4b-it,-1,Expert
HP:0003141,exact,abbreviation,Increased LDLc concentration,medgemma-4b-it,-1,Expert
HP:0003141,exact,abbreviation,Increased LDL cholesterol,medgemma-4b-it,-1,Expert
HP:0003141,exact,layperson,Increased LDL cholesterol,medgemma-4b-it,-1,Expert
HP:0000325,exact,direct,Inverted triangular face,medgemma-4b-it,-1,Expert
HP:0000325,exact,direct,Triangular facies,medgemma-4b-it,-1,Expert
HP:0000325,exact,layperson,Triangular facial shape,medgemma-4b-it,-1,Expert
HP:0000325,exact,layperson,Face with broad temples and narrow chin,medgemma-4b-it,-1,Expert
HP:0003687,exact,direct,Central nuclei,medgemma-4b-it,-1,Expert
HP:0003687,exact,direct,Centralized nuclei,medgemma-4b-it,-1,Expert
HP:0003687,exact,direct,Centralized sarcomeric nuclei,medgemma-4b-it,-1,Expert
HP:0003687,exact,uk,Centrally nucleated skeletal muscle fibres,medgemma-4b-it,-1,Expert
HP:0003687,exact,uk,Centralised sarcomeric nuclei,medgemma-4b-it,-1,Expert
HP:0003687,exact,uk,Centralised nuclei,medgemma-4b-it,-1,Expert
HP:0011064,exact,layperson,Abnormal number of front teeth,medgemma-4b-it,-1,Expert
HP:0000326,exact,direct,Abnormality of the maxilla,medgemma-4b-it,-1,Expert
HP:0000326,narrow,layperson,Malformation of the upper jaw bones,medgemma-4b-it,-1,Expert
HP:0000326,narrow,,Malformation of the maxilla,medgemma-4b-it,-1,Expert
HP:0000326,narrow,layperson,Deformity of the upper jaw bones,medgemma-4b-it,-1,Expert
HP:0000326,narrow,layperson,Deformity of the maxilla,medgemma-4b-it,-1,Expert
HP:0000326,narrow,,Anomaly of the maxilla,medgemma-4b-it,-1,Expert
HP:0000326,exact,layperson,Abnormality of the upper jaw bones,medgemma-4b-it,-1,Expert
HP:0000326,exact,layperson,Abnormality of the upper jaw bone,medgemma-4b-it,-1,Expert
HP:6000855,exact,direct,Cold sensitivity,medgemma-4b-it,-1,Expert
HP:6000145,exact,direct,Boot shaped cardiac silhouette,medgemma-4b-it,-1,Expert
HP:0011149,exact,plural,Absence seizures with eyelid myoclonia,medgemma-4b-it,-1,Expert
HP:0012810,exact,layperson,Wide base of nose,medgemma-4b-it,-1,Expert
HP:0012810,exact,layperson,Increased width of nasal base,medgemma-4b-it,-1,Expert
HP:0012810,exact,layperson,Increased width of base of nose,medgemma-4b-it,-1,Expert
HP:0012810,exact,layperson,Broad nasal base,medgemma-4b-it,-1,Expert
HP:0012810,exact,layperson,Broad base of nose,medgemma-4b-it,-1,Expert
HP:0000884,exact,direct,Sternal protrusion,medgemma-4b-it,-1,Expert
HP:0004225,exact,direct,Abnormality of the distal phalanx of the little finger,medgemma-4b-it,-1,Expert
HP:0004225,exact,direct,Abnormality of the terminal phalanx of the little finger,medgemma-4b-it,-1,Expert
HP:0004225,exact,layperson,Abnormality of the outermost pinky finger bone,medgemma-4b-it,-1,Expert
HP:0004225,exact,layperson,Abnormality of the outermost pinkie finger bone,medgemma-4b-it,-1,Expert
HP:0004225,exact,layperson,Abnormality of the outermost little finger bone,medgemma-4b-it,-1,Expert
HP:0000995,exact,direct,Melanocytic naevus,medgemma-4b-it,-1,Expert
HP:0000995,exact,direct,Melanocytic nevi,medgemma-4b-it,-1,Expert
HP:0000995,exact,direct,Nevocellular nevi,medgemma-4b-it,-1,Expert
HP:0000995,exact,direct,Pigmented naevi,medgemma-4b-it,-1,Expert
HP:0000995,exact,direct,Pigmented nevi,medgemma-4b-it,-1,Expert
HP:0000995,exact,layperson,Beauty mark,medgemma-4b-it,-1,Lay-person
HP:0000995,broad,layperson,Noncancerous mole,medgemma-4b-it,-1,Expert
HP:0002061,exact,direct,Lower extremities spasticity,medgemma-4b-it,-1,Expert
HP:0002061,exact,direct,Lower extremity spasticity,medgemma-4b-it,-1,Expert
HP:0002061,exact,direct,Spastic lower extremities,medgemma-4b-it,-1,Expert
HP:0002061,exact,direct,Spastic lower extremity,medgemma-4b-it,-1,Expert
HP:0002061,exact,direct,Spastic lower limb,medgemma-4b-it,-1,Expert
HP:0002061,exact,direct,Spastic lower limbs,medgemma-4b-it,-1,Expert
HP:0002061,exact,direct,Spasticity in lower extremities,medgemma-4b-it,-1,Expert
HP:0002061,exact,direct,Spasticity in lower extremity,medgemma-4b-it,-1,Expert
HP:0002061,exact,direct,Spasticity in lower limb,medgemma-4b-it,-1,Expert
HP:0002061,exact,direct,Spasticity in lower limbs,medgemma-4b-it,-1,Expert
HP:0002061,exact,direct,Spasticity of lower extremities,medgemma-4b-it,-1,Expert
HP:0002061,exact,direct,Spasticity of lower extremity,medgemma-4b-it,-1,Expert
HP:0002061,exact,direct,Spasticity of lower limb,medgemma-4b-it,-1,Expert
HP:0002061,exact,direct,Spasticity of lower limbs,medgemma-4b-it,-1,Expert
HP:0025769,exact,direct,Formal thought disorder,medgemma-4b-it,-1,Expert
HP:0025769,related,direct,Disorganized speech or communication,medgemma-4b-it,-1,Expert
HP:0025769,exact,plural,Disordered formal thought processes,medgemma-4b-it,-1,Expert
HP:0010831,exact,direct,Abnormality of proprioception,medgemma-4b-it,-1,Expert
HP:0100750,exact,direct,Pulmonary atelectasis,medgemma-4b-it,-1,Expert
HP:0100750,exact,layperson,Partial or complete collapse of part or entire lung,medgemma-4b-it,-1,Expert
HP:0004481,exact,direct,"Macrocephaly, progressive",medgemma-4b-it,-1,Expert
HP:0004481,exact,layperson,Progressively abnormally enlarging skull,medgemma-4b-it,-1,Expert
HP:0004481,exact,layperson,Progressively abnormally enlarging cranium,medgemma-4b-it,-1,Expert
HP:0031844,broad,direct,Abnormal positive emotional state,medgemma-4b-it,-1,Expert
HP:0031844,broad,direct,Emotional high,medgemma-4b-it,-1,Expert
HP:0031844,broad,direct,Emotional hyperexcitability,medgemma-4b-it,-1,Expert
HP:0031844,broad,direct,Exhilaration,medgemma-4b-it,-1,Expert
HP:0031844,broad,direct,Extreme hedonic state,medgemma-4b-it,-1,Expert
HP:0031844,broad,direct,Extreme positive valence,medgemma-4b-it,-1,Expert
HP:0031844,broad,direct,High emotions,medgemma-4b-it,-1,Expert
HP:0031844,broad,direct,High mood,medgemma-4b-it,-1,Expert
HP:0031844,broad,direct,Hyperthymia,medgemma-4b-it,-1,Expert
HP:0031844,broad,direct,Hyperthymic state,medgemma-4b-it,-1,Expert
HP:0031844,broad,direct,Jubilation,medgemma-4b-it,-1,Expert
HP:0031844,broad,direct,Revved,medgemma-4b-it,-1,Expert
HP:0031844,exact,direct,Euphoric mood,medgemma-4b-it,-1,Expert
HP:0031844,exact,direct,Extreme elation,medgemma-4b-it,-1,Expert
HP:0031844,exact,direct,Inappropriate elation,medgemma-4b-it,-1,Expert
HP:0031844,related,direct,Abnormally elevated mood,medgemma-4b-it,-1,Expert
HP:0031844,related,direct,Elevated positive affect,medgemma-4b-it,-1,Expert
HP:0031844,related,direct,Enhanced pleasure response,medgemma-4b-it,-1,Expert
HP:0031844,related,direct,Excessive joyfulness,medgemma-4b-it,-1,Expert
HP:0031844,related,direct,Inappropriately happy,medgemma-4b-it,-1,Expert
HP:0031844,related,direct,Pathological cheerfulness,medgemma-4b-it,-1,Expert
HP:0031844,related,direct,Pathological emotional elevation,medgemma-4b-it,-1,Expert
HP:0003034,exact,direct,Craniodiaphyseal osteosclerosis,medgemma-4b-it,-1,Expert
HP:0003034,exact,direct,Diaphyseal osteosclerosis,medgemma-4b-it,-1,Expert
HP:0003034,exact,layperson,Increased bone density in shaft of long bone,medgemma-4b-it,-1,Expert
HP:0001850,exact,direct,Abnormal tarsals,medgemma-4b-it,-1,Expert
HP:0001850,exact,layperson,Abnormal ankle bones,medgemma-4b-it,-1,Expert
HP:0001284,exact,direct,Absent deep tendon reflexes,medgemma-4b-it,-1,Expert
HP:0001284,exact,direct,Deep tendon reflexes absent,medgemma-4b-it,-1,Expert
HP:0001284,exact,direct,Loss of deep tendon reflexes,medgemma-4b-it,-1,Expert
HP:0001284,exact,direct,Lost deep tendon reflexes,medgemma-4b-it,-1,Expert
HP:0001284,exact,layperson,Absent tendon reflexes,medgemma-4b-it,-1,Expert
HP:0001284,broad,layperson,Absent reflexes,medgemma-4b-it,-1,Expert
HP:0001627,exact,direct,Abnormality of cardiac morphology,medgemma-4b-it,-1,Expert
HP:0001627,exact,direct,Cardiac abnormality,medgemma-4b-it,-1,Expert
HP:0001627,exact,direct,Cardiac anomalies,medgemma-4b-it,-1,Expert
HP:0001627,exact,direct,Cardiac anomaly,medgemma-4b-it,-1,Expert
HP:0001627,exact,direct,Congenital heart defect,medgemma-4b-it,-1,Expert
HP:0001627,exact,direct,Congenital heart defects,medgemma-4b-it,-1,Expert
HP:0001627,exact,layperson,Heart defect,medgemma-4b-it,-1,Expert
HP:0001627,exact,layperson,Abnormally shaped heart,medgemma-4b-it,-1,Expert
HP:0001627,exact,layperson,Abnormality of the heart,medgemma-4b-it,-1,Expert
HP:0000306,narrow,layperson,Malformation of the chin,medgemma-4b-it,-1,Expert
HP:0000306,narrow,layperson,Deformity of the chin,medgemma-4b-it,-1,Expert
HP:0000306,narrow,layperson,Anomaly of the chin,medgemma-4b-it,-1,Expert
HP:0000306,narrow,,Abnormality of the menton,medgemma-4b-it,-1,Expert
HP:0009901,broad,direct,Cauliflower ear,medgemma-4b-it,-1,Expert
HP:0001762,exact,direct,Clubbing of feet,medgemma-4b-it,-1,Expert
HP:0001762,exact,direct,Equinovarus,medgemma-4b-it,-1,Expert
HP:0001762,exact,direct,"Foot, talipes equinovarus",medgemma-4b-it,-1,Expert
HP:0001762,exact,direct,Pes equinovarus,medgemma-4b-it,-1,Expert
HP:0001762,exact,direct,Pes equinus,medgemma-4b-it,-1,Expert
HP:0001762,narrow,direct,Fetal foot inversion,medgemma-4b-it,-1,Expert
HP:0001762,narrow,uk,Foetal foot inversion,medgemma-4b-it,-1,Expert
HP:0001762,exact,layperson,Clubfoot,medgemma-4b-it,-1,Expert
HP:0001762,exact,layperson,Clubfeet,medgemma-4b-it,-1,Expert
HP:0001762,exact,layperson,Club foot,medgemma-4b-it,-1,Expert
HP:0001762,exact,layperson,Club feet,medgemma-4b-it,-1,Expert
HP:0011267,exact,direct,Third-degree microtia,medgemma-4b-it,-1,Expert
HP:0011267,broad,layperson,Abnormal shape/structure of ear,medgemma-4b-it,-1,Expert
HP:0002750,exact,direct,Delayed bone age,medgemma-4b-it,-1,Expert
HP:0002750,exact,direct,Delayed bone age before puberty,medgemma-4b-it,-1,Expert
HP:0002750,exact,direct,Retarded bone age,medgemma-4b-it,-1,Expert
HP:0002750,exact,direct,Skeletal maturation retardation,medgemma-4b-it,-1,Expert
HP:0002750,related,direct,Retarded ossification,medgemma-4b-it,-1,Expert
HP:0002750,exact,layperson,Delayed skeletal development,medgemma-4b-it,-1,Expert
HP:0002750,exact,layperson,Delayed bone maturation,medgemma-4b-it,-1,Expert
HP:0004331,exact,direct,Deficient skull ossification,medgemma-4b-it,-1,Expert
HP:0004331,exact,direct,Poorly mineralized skull,medgemma-4b-it,-1,Expert
HP:0004331,exact,direct,Poorly ossified skull bones,medgemma-4b-it,-1,Expert
HP:0004331,related,layperson,Decreased mineralization of skull,medgemma-4b-it,-1,Expert
HP:0004331,related,layperson,Decreased calcification of skull,medgemma-4b-it,-1,Expert
HP:0004331,exact,,Poorly ossified skull,medgemma-4b-it,-1,Expert
HP:0004331,exact,,Ossification defect of skull,medgemma-4b-it,-1,Expert
HP:0004331,exact,,Hypoossification of skull,medgemma-4b-it,-1,Expert
HP:0004331,exact,layperson,Decreased bone formation of skull,medgemma-4b-it,-1,Expert
HP:0040096,exact,uk,Inner ear tumour,medgemma-4b-it,-1,Expert
HP:0040096,exact,layperson,Inner ear tumor,medgemma-4b-it,-1,Expert
HP:0000708,exact,layperson,Psychiatric disturbances,medgemma-4b-it,-1,Expert
HP:0000708,exact,layperson,Psychiatric disorders,medgemma-4b-it,-1,Expert
HP:0000708,exact,layperson,Behavioural/Psychiatric abnormality,medgemma-4b-it,-1,Expert
HP:0000708,exact,,Behavioural symptoms,medgemma-4b-it,-1,Expert
HP:0000708,exact,uk,Behavioural problems,medgemma-4b-it,-1,Expert
HP:0000708,exact,uk,Behavioural disturbances,medgemma-4b-it,-1,Expert
HP:0000708,exact,uk,Behavioural disorders,medgemma-4b-it,-1,Expert
HP:0000708,exact,uk,Behavioural changes,medgemma-4b-it,-1,Expert
HP:0000708,exact,uk,Behavioural abnormality,medgemma-4b-it,-1,Expert
HP:0000708,exact,layperson,Behavioral/psychiatric abnormalities,medgemma-4b-it,-1,Expert
HP:0000708,exact,,Behavioral symptoms,medgemma-4b-it,-1,Expert
HP:0000708,exact,layperson,Behavioral problems,medgemma-4b-it,-1,Expert
HP:0000708,exact,layperson,Behavioral disturbances,medgemma-4b-it,-1,Expert
HP:0000708,exact,layperson,Behavioral disorders,medgemma-4b-it,-1,Expert
HP:0000708,exact,layperson,Behavioral changes,medgemma-4b-it,-1,Expert
HP:0000708,exact,layperson,Behavioral abnormality,medgemma-4b-it,-1,Expert
HP:0003812,exact,direct,Highly variable clinical phenotype,medgemma-4b-it,-1,Expert
HP:0003812,exact,direct,Highly variable phenotype,medgemma-4b-it,-1,Expert
HP:0003812,exact,direct,Highly variable phenotype and severity,medgemma-4b-it,-1,Expert
HP:0003812,exact,direct,"Highly variable phenotype, even within families",medgemma-4b-it,-1,Expert
HP:0003812,exact,direct,Variable phenotype,medgemma-4b-it,-1,Expert
HP:0003812,exact,direct,Variable phenotypic severity,medgemma-4b-it,-1,Expert
HP:0003812,exact,,Clinical heterogeneity,medgemma-4b-it,-1,Expert
HP:0009536,exact,direct,Hypoplastic index finger phalanges,medgemma-4b-it,-1,Expert
HP:0009536,exact,direct,Hypoplastic/small index finger,medgemma-4b-it,-1,Expert
HP:0009536,exact,direct,Short index finger phalanges,medgemma-4b-it,-1,Expert
HP:0009536,exact,layperson,Short index fingers,medgemma-4b-it,-1,Expert
HP:0009536,exact,layperson,Short index finger,medgemma-4b-it,-1,Expert
HP:0032887,exact,direct,Generalised atonic seizure,medgemma-4b-it,-1,Expert
HP:0000429,exact,direct,Abnormality of the nasal ala,medgemma-4b-it,-1,Expert
HP:0000429,exact,direct,Abnormality of the nasal alae,medgemma-4b-it,-1,Expert
HP:0000429,narrow,,Malformation of the nasal alar cartilage,medgemma-4b-it,-1,Expert
HP:0000429,narrow,,Malformation of the nasal ala,medgemma-4b-it,-1,Expert
HP:0000429,narrow,,Deformity of the nasal alar cartilage,medgemma-4b-it,-1,Expert
HP:0000429,narrow,,Deformity of the nasal ala,medgemma-4b-it,-1,Expert
HP:0000429,narrow,,Abnormality of the nasal alar cartilage,medgemma-4b-it,-1,Expert
HP:0006938,exact,layperson,Decreased vibration sense in feet,medgemma-4b-it,-1,Expert
HP:0006938,exact,layperson,Decreased vibration sense at ankles,medgemma-4b-it,-1,Expert
HP:0000077,exact,direct,Renal anomalies,medgemma-4b-it,-1,Expert
HP:0000077,exact,direct,Renal anomaly,medgemma-4b-it,-1,Expert
HP:0000077,exact,layperson,Abnormal kidney,medgemma-4b-it,-1,Expert
HP:0010701,exact,direct,Abnormal immunoglobulin concentration,medgemma-4b-it,-1,Expert
HP:0010701,exact,direct,Abnormal immunoglobulin level,medgemma-4b-it,-1,Expert
HP:0010701,exact,direct,Abnormal serum immunoglobulin concentration,medgemma-4b-it,-1,Expert
HP:0010701,exact,direct,Abnormal serum level of immunoglobulin,medgemma-4b-it,-1,Expert
HP:0010701,exact,direct,Immunoglobulin abnormality,medgemma-4b-it,-1,Expert
HP:0010701,exact,,Abnormal serum immunoglobulin levels,medgemma-4b-it,-1,Expert
HP:0008768,exact,uk,Inappropriate sexual behaviour,medgemma-4b-it,-1,Expert
HP:0008768,exact,layperson,Inappropriate sexual behavior,medgemma-4b-it,-1,Expert
HP:0002540,exact,direct,Non-ambulatory,medgemma-4b-it,-1,Expert
HP:0000419,exact,,Anomaly of septum of nose,medgemma-4b-it,-1,Expert
HP:0000419,exact,,Anomaly of nasal septum,medgemma-4b-it,-1,Expert
HP:0000419,exact,layperson,Abnormality of the nasal septum,medgemma-4b-it,-1,Expert
HP:0000419,exact,layperson,Abnormality of septum of nose,medgemma-4b-it,-1,Expert
HP:0010948,exact,direct,Abnormality of the fetal cardiovascular system,medgemma-4b-it,-1,Expert
HP:0010948,exact,direct,Abnormality of the fetal circulation system,medgemma-4b-it,-1,Expert
HP:0010948,exact,uk,Abnormality of the foetal circulation system,medgemma-4b-it,-1,Expert
HP:0010948,exact,uk,Abnormality of the foetal cardiovascular system,medgemma-4b-it,-1,Expert
HP:0010758,exact,layperson,Abnormality of the primary palate bone,medgemma-4b-it,-1,Expert
HP:0010758,exact,layperson,Abnormality of the premaxillary bone,medgemma-4b-it,-1,Expert
HP:0010758,exact,,Abnormality of the intermaxillary segment of the maxilla,medgemma-4b-it,-1,Expert
HP:0010758,exact,layperson,Abnormality of the intermaxillary bone,medgemma-4b-it,-1,Expert
HP:0011863,exact,direct,Sternal ossification center abnormalities,medgemma-4b-it,-1,Expert
HP:0011863,exact,uk,Sternal ossification centre abnormalities,medgemma-4b-it,-1,Expert
HP:0011863,exact,layperson,Abnormal maturation of breastbone,medgemma-4b-it,-1,Expert
HP:3000077,exact,direct,Abnormality of mandible condylar process,medgemma-4b-it,-1,Expert
HP:0001637,exact,direct,Abnormality of the myocardium,medgemma-4b-it,-1,Expert
HP:0000290,narrow,layperson,Malformation of the forehead,medgemma-4b-it,-1,Expert
HP:0000290,narrow,layperson,Deformity of the forehead,medgemma-4b-it,-1,Expert
HP:0000290,narrow,layperson,Anomaly of the forehead,medgemma-4b-it,-1,Expert
HP:0000290,exact,,Abnormality of the frontal region of the face,medgemma-4b-it,-1,Expert
HP:0000290,exact,layperson,Abnormality of the forehead,medgemma-4b-it,-1,Expert
HP:0012444,exact,layperson,Brain wasting,medgemma-4b-it,-1,Expert
HP:0012444,exact,layperson,Brain degeneration,medgemma-4b-it,-1,Expert
HP:0009140,exact,layperson,Fusion involving the bones of the feet,medgemma-4b-it,-1,Expert
HP:0010109,exact,direct,Hypoplastic big toes,medgemma-4b-it,-1,Expert
HP:0010109,exact,direct,Hypoplastic hallux,medgemma-4b-it,-1,Expert
HP:0010109,exact,direct,Short halluces,medgemma-4b-it,-1,Expert
HP:0010109,exact,direct,Small hallux,medgemma-4b-it,-1,Expert
HP:0010109,exact,layperson,Short big toe,medgemma-4b-it,-1,Expert
HP:0006304,narrow,,Diastema between incisors,medgemma-4b-it,-1,Expert
HP:0006304,narrow,,Diastema between front teeth,medgemma-4b-it,-1,Expert
HP:0006304,exact,layperson,Widely spaced front teeth,medgemma-4b-it,-1,Expert
HP:0006304,exact,layperson,Gap between front teeth,medgemma-4b-it,-1,Expert
HP:0006304,exact,,Anterior diastema of teeth,medgemma-4b-it,-1,Expert
HP:0003882,exact,layperson,Slender long bone of upper arm,medgemma-4b-it,-1,Expert
HP:0002850,exact,direct,Decreased IgM,medgemma-4b-it,-1,Expert
HP:0002850,exact,direct,Decreased IgM level,medgemma-4b-it,-1,Expert
HP:0002850,exact,direct,IgM deficiency,medgemma-4b-it,-1,Expert
HP:0002850,exact,direct,Reduced IgM levels,medgemma-4b-it,-1,Expert
HP:0001844,exact,direct,Abnormalities of the hallux,medgemma-4b-it,-1,Expert
HP:0001844,exact,direct,Abnormality of the hallux,medgemma-4b-it,-1,Expert
HP:0001844,exact,layperson,Abnormality of the big toe,medgemma-4b-it,-1,Expert
HP:0011150,exact,direct,Myoclonic absence,medgemma-4b-it,-1,Expert
HP:0011150,exact,plural,Myoclonic absences,medgemma-4b-it,-1,Expert
HP:0032855,exact,direct,Photically induced myoclonic-tonic-clonic seizure,medgemma-4b-it,-1,Expert
HP:0003397,exact,uk,Generalised hypotonia due to defect at the neuromuscular junction,medgemma-4b-it,-1,Expert
HP:0007495,exact,layperson,Precociously senile appearance,medgemma-4b-it,-1,Expert
HP:0004724,exact,layperson,Calcium kidney stone,medgemma-4b-it,-1,Expert
HP:0004724,exact,abbreviation,Ca2+ nephrolithiasis,medgemma-4b-it,-1,Expert
HP:0004724,exact,abbreviation,Ca2+ kidney stone,medgemma-4b-it,-1,Expert
HP:0004724,exact,abbreviation,Ca nephrolithiasis,medgemma-4b-it,-1,Expert
HP:0004724,exact,abbreviation,Ca kidney stone,medgemma-4b-it,-1,Expert
HP:0002307,exact,,Sialorrhea,medgemma-4b-it,-1,Expert
HP:0002307,exact,layperson,Dribbling,medgemma-4b-it,-1,Expert
HP:0009601,exact,direct,Absent or hypoplastic thumbs,medgemma-4b-it,-1,Expert
HP:0009601,exact,direct,Absent/hypoplastic thumb,medgemma-4b-it,-1,Expert
HP:0009601,exact,direct,Absent/hypoplastic thumbs,medgemma-4b-it,-1,Expert
HP:0009601,exact,direct,Aplasia/hypoplasia of thumbs,medgemma-4b-it,-1,Expert
HP:0009601,exact,direct,Aplastic/hypoplastic thumbs,medgemma-4b-it,-1,Expert
HP:0009601,exact,direct,Hypoplastic to aplastic thumbs,medgemma-4b-it,-1,Expert
HP:0009601,exact,direct,Hypoplastic/absent thumb,medgemma-4b-it,-1,Expert
HP:0009601,exact,direct,Thumb aplasia/hypoplasia,medgemma-4b-it,-1,Expert
HP:0009601,exact,layperson,Absent/underdeveloped thumb,medgemma-4b-it,-1,Expert
HP:0009601,exact,layperson,Absent/small thumb,medgemma-4b-it,-1,Expert
HP:0011175,exact,direct,Versive seizure,medgemma-4b-it,-1,Expert
HP:0011175,exact,plural,Versive seizures,medgemma-4b-it,-1,Expert
HP:0005050,exact,direct,Anterior/lateral radial head dislocation,medgemma-4b-it,-1,Expert
HP:0000363,exact,direct,Abnormal lobe of ear,medgemma-4b-it,-1,Expert
HP:0000363,exact,direct,Abnormality of auricular lobule,medgemma-4b-it,-1,Expert
HP:0000363,exact,direct,Abnormality of lobulus auriculae,medgemma-4b-it,-1,Expert
HP:0000363,exact,layperson,Abnormality of earlobe,medgemma-4b-it,-1,Expert
HP:0000363,exact,layperson,Abnormality of ear lobe,medgemma-4b-it,-1,Expert
HP:0000363,exact,layperson,Abnormal earlobe,medgemma-4b-it,-1,Expert
HP:0002691,exact,,Obtuse basal angle of skull base,medgemma-4b-it,-1,Expert
HP:0002691,exact,,Increased basal angle of skull base,medgemma-4b-it,-1,Expert
HP:0002691,broad,layperson,Flattening of the skull base,medgemma-4b-it,-1,Expert
HP:0003473,exact,direct,Fatigable weakness of limb muscles,medgemma-4b-it,-1,Expert
HP:0003473,exact,direct,Generalized muscle weakness due to defect at the neuromuscular junction,medgemma-4b-it,-1,Expert
HP:0003473,exact,direct,Myasthenia,medgemma-4b-it,-1,Expert
HP:0003473,exact,direct,Myasthenic weakness,medgemma-4b-it,-1,Expert
HP:0003473,exact,direct,Proximal muscle weakness due to defect at the neuromuscular junction,medgemma-4b-it,-1,Expert
HP:0003473,exact,uk,Generalised muscle weakness due to defect at the neuromuscular junction,medgemma-4b-it,-1,Expert
HP:0009660,exact,direct,Hypoplastic thumb phalanges,medgemma-4b-it,-1,Expert
HP:0009660,exact,direct,Hypoplastic/small phalanges of the thumb,medgemma-4b-it,-1,Expert
HP:0009660,exact,direct,Short thumb phalanges,medgemma-4b-it,-1,Expert
HP:0009660,exact,layperson,Short thumb bone,medgemma-4b-it,-1,Expert
HP:0006349,exact,direct,Absent permanent teeth,medgemma-4b-it,-1,Expert
HP:0006349,exact,direct,No permanent dentition,medgemma-4b-it,-1,Expert
HP:0006349,exact,layperson,Missing permanent teeth,medgemma-4b-it,-1,Expert
HP:0006349,exact,,Failure of development of secondary teeth,medgemma-4b-it,-1,Expert
HP:0006349,exact,layperson,Failure of development of permanent teeth,medgemma-4b-it,-1,Expert
HP:0006349,exact,,Agenesis of secondary dentition,medgemma-4b-it,-1,Expert
HP:0006349,exact,,Agenesis of permanent dentition,medgemma-4b-it,-1,Expert
HP:0006349,exact,,Absence of secondary dentition,medgemma-4b-it,-1,Expert
HP:0006349,exact,layperson,Absence of permanent teeth,medgemma-4b-it,-1,Expert
HP:0006349,exact,layperson,Absence of adult teeth,medgemma-4b-it,-1,Expert
HP:0002693,exact,layperson,Abnormality of the skull base,medgemma-4b-it,-1,Expert
HP:0002693,exact,,Abnormality of cranial base,medgemma-4b-it,-1,Expert
HP:0008517,exact,layperson,Absent/underdeveloped sacrum,medgemma-4b-it,-1,Expert
HP:0008517,exact,layperson,Absent/small sacrum,medgemma-4b-it,-1,Expert
HP:0003710,exact,layperson,Muscle cramps with exertion,medgemma-4b-it,-1,Expert
HP:0003710,exact,layperson,Muscle cramps on exertion,medgemma-4b-it,-1,Expert
HP:0003710,exact,layperson,Muscle cramps on exercise,medgemma-4b-it,-1,Expert
HP:0003710,exact,layperson,Muscle cramps following exercise,medgemma-4b-it,-1,Expert
HP:0003710,exact,layperson,Exercise-induced muscle cramping,medgemma-4b-it,-1,Expert
HP:0040133,exact,direct,Abnormal plasma ferritin,medgemma-4b-it,-1,Expert
HP:0040133,exact,layperson,Abnormal serum ferritin,medgemma-4b-it,-1,Expert
HP:0000685,exact,direct,Hypoplastic teeth,medgemma-4b-it,-1,Expert
HP:0000685,broad,layperson,Underdevelopment of teeth,medgemma-4b-it,-1,Expert
HP:0000685,broad,layperson,Decreased size of teeth,medgemma-4b-it,-1,Expert
HP:0001903,exact,direct,Anaemia,medgemma-4b-it,-1,Expert
HP:0001903,related,direct,Decreased hemoglobin,medgemma-4b-it,-1,Expert
HP:0001903,related,uk,Decreased haemoglobin,medgemma-4b-it,-1,Expert
HP:0001903,exact,layperson,Low number of red blood cells or hemoglobin,medgemma-4b-it,-1,Expert
HP:0001903,exact,uk,Low number of red blood cells or haemoglobin,medgemma-4b-it,-1,Expert
HP:0005033,exact,direct,Distal shortening of ulna,medgemma-4b-it,-1,Expert
HP:0005033,exact,direct,Hypoplastic distal ulna,medgemma-4b-it,-1,Expert
HP:0011095,related,layperson,Upper teeth sticking out forward,medgemma-4b-it,-1,Expert
HP:0011095,related,,Protrusion of the maxillary incisors,medgemma-4b-it,-1,Expert
HP:0011095,related,layperson,Buck teeth,medgemma-4b-it,-1,Lay-person
HP:0011095,exact,layperson,Protrusion of upper teeth in front of lower teeth,medgemma-4b-it,-1,Expert
HP:0011095,exact,,Abnormality of horizontal incisor relationship,medgemma-4b-it,-1,Expert
HP:0000698,exact,direct,Peg shaped teeth,medgemma-4b-it,-1,Expert
HP:0000698,exact,direct,Peg tooth,medgemma-4b-it,-1,Expert
HP:0000698,exact,direct,Peg-shaped teeth,medgemma-4b-it,-1,Expert
HP:0000698,related,direct,Conical teeth,medgemma-4b-it,-1,Expert
HP:0000698,related,layperson,Pointed tooth,medgemma-4b-it,-1,Expert
HP:0000698,related,layperson,Peg shaped tooth,medgemma-4b-it,-1,Expert
HP:0000698,exact,layperson,Shark tooth,medgemma-4b-it,-1,Expert
HP:0000698,exact,,Conoid tooth,medgemma-4b-it,-1,Expert
HP:0000698,exact,layperson,Cone shaped tooth,medgemma-4b-it,-1,Expert
HP:0000973,exact,direct,Cutaneous laxity,medgemma-4b-it,-1,Expert
HP:0000973,exact,direct,Elastolysis,medgemma-4b-it,-1,Expert
HP:0000973,exact,direct,Hypoelastic skin,medgemma-4b-it,-1,Expert
HP:0000973,exact,direct,Lax skin,medgemma-4b-it,-1,Expert
HP:0000973,exact,direct,Loose skin,medgemma-4b-it,-1,Expert
HP:0000973,exact,direct,Skin laxity,medgemma-4b-it,-1,Expert
HP:0000973,exact,layperson,Loose and inelastic skin,medgemma-4b-it,-1,Expert
HP:0000973,exact,,Inelastic skin,medgemma-4b-it,-1,Expert
HP:0000973,exact,,Generalized elastolysis,medgemma-4b-it,-1,Expert
HP:0000973,exact,uk,Generalised elastolysis,medgemma-4b-it,-1,Expert
HP:0000973,exact,,Dermatomegaly,medgemma-4b-it,-1,Expert
HP:0000973,exact,,Dermatochalasia,medgemma-4b-it,-1,Expert
HP:0000973,exact,,Chalazoderma,medgemma-4b-it,-1,Expert
HP:0000973,broad,layperson,Hanging skin,medgemma-4b-it,-1,Expert
HP:6001360,exact,direct,Gait with exaggerated lumbar lordosis,medgemma-4b-it,-1,Expert
HP:0430029,exact,layperson,Primary palate bone excess,medgemma-4b-it,-1,Expert
HP:0430029,exact,layperson,Premaxillary excess,medgemma-4b-it,-1,Expert
HP:0430029,exact,layperson,Large primary palate bone,medgemma-4b-it,-1,Expert
HP:0430029,exact,layperson,Large premaxilla,medgemma-4b-it,-1,Expert
HP:0430029,exact,,Increased size of the primary palate bone,medgemma-4b-it,-1,Expert
HP:0430029,exact,,Increased size of premaxilla,medgemma-4b-it,-1,Expert
HP:0430029,exact,,Hyperplasia of the primary palate bone,medgemma-4b-it,-1,Expert
HP:0430029,exact,,Hyperplasia of the intermaxillary bone,medgemma-4b-it,-1,Expert
HP:0001770,exact,direct,Syndactyly of feet,medgemma-4b-it,-1,Expert
HP:0001770,exact,direct,Syndactyly of toes,medgemma-4b-it,-1,Expert
HP:0001770,exact,layperson,Webbed toes,medgemma-4b-it,-1,Expert
HP:0001770,exact,layperson,Fused toes,medgemma-4b-it,-1,Expert
HP:0001770,exact,,Foot syndactyly,medgemma-4b-it,-1,Expert
HP:0007126,exact,direct,"Muscle atrophy, proximal",medgemma-4b-it,-1,Expert
HP:0007126,exact,direct,Proximal muscle atrophy,medgemma-4b-it,-1,Expert
HP:0007126,exact,direct,Proximal muscle wasting,medgemma-4b-it,-1,Expert
HP:0007126,exact,direct,Symmetric proximal muscular atrophy,medgemma-4b-it,-1,Expert
HP:0007126,exact,direct,"Symmetrical, proximal limb muscle atrophy",medgemma-4b-it,-1,Expert
HP:0007126,exact,layperson,Wasting of muscles near the body,medgemma-4b-it,-1,Expert
HP:0005152,exact,direct,Arachnocytosis of the myocardium,medgemma-4b-it,-1,Expert
HP:0005152,exact,direct,Foamy myocardial transformation,medgemma-4b-it,-1,Expert
HP:0005152,exact,direct,Focal lipid cardiomyopathy,medgemma-4b-it,-1,Expert
HP:0005152,exact,direct,Infantile cardiomyopathy with histiocytoid changes,medgemma-4b-it,-1,Expert
HP:0005152,exact,direct,Infantile xanthomatous cardiomyopathy,medgemma-4b-it,-1,Expert
HP:0005152,exact,direct,Isolated cardiac lipidosis,medgemma-4b-it,-1,Expert
HP:0005152,exact,direct,Myocardial or conduction system hamartoma,medgemma-4b-it,-1,Expert
HP:0005152,exact,direct,Oncocytic cardiomyopathy,medgemma-4b-it,-1,Expert
HP:0005035,exact,layperson,Short toe bones,medgemma-4b-it,-1,Expert
HP:0000383,exact,direct,Abnormality of periauricular region,medgemma-4b-it,-1,Expert
HP:0000383,narrow,,Malformation of the periauricular region,medgemma-4b-it,-1,Expert
HP:0000383,narrow,,Deformity of the periauricular region,medgemma-4b-it,-1,Expert
HP:0000383,narrow,,Anomaly of the periauricular region,medgemma-4b-it,-1,Expert
HP:0000383,narrow,layperson,Abnormality of the region around the ear,medgemma-4b-it,-1,Expert
HP:0010719,narrow,layperson,Abnormality of hair volume,medgemma-4b-it,-1,Expert
HP:0010719,narrow,layperson,Abnormality of hair curl pattern,medgemma-4b-it,-1,Expert
HP:0010719,narrow,layperson,Abnormality of hair consistency,medgemma-4b-it,-1,Expert
HP:0009019,exact,direct,"Loss of subcutaneous adipose tissue from face, progressive",medgemma-4b-it,-1,Expert
HP:0009019,exact,,Progressive loss of subcutaneous adipose tissue from face,medgemma-4b-it,-1,Expert
HP:0009019,exact,,Progressive loss of facial subcutaneous adipose tissue,medgemma-4b-it,-1,Expert
HP:0009019,exact,layperson,Progressive loss of facial fat,medgemma-4b-it,-1,Expert
HP:0009019,exact,layperson,Facial fat wasting,medgemma-4b-it,-1,Expert
HP:0009019,exact,,Facial fat atrophy,medgemma-4b-it,-1,Expert
HP:0009019,exact,,Atrophy of facial adipose tissue,medgemma-4b-it,-1,Expert
HP:0012786,exact,layperson,Recurrent bladder infections,medgemma-4b-it,-1,Expert
HP:0000474,exact,direct,Excess nuchal skin,medgemma-4b-it,-1,Expert
HP:0000474,exact,direct,Increased nuchal fold,medgemma-4b-it,-1,Expert
HP:0000474,exact,direct,Increased nuchal fold thickness,medgemma-4b-it,-1,Expert
HP:0000474,exact,direct,Thick nuchal fold,medgemma-4b-it,-1,Expert
HP:0000474,exact,layperson,Thickened skin over the neck,medgemma-4b-it,-1,Expert
HP:0000474,exact,layperson,Thickened skin folds of neck,medgemma-4b-it,-1,Expert
HP:0000474,exact,,Thickened nuchal skin,medgemma-4b-it,-1,Expert
HP:0001943,exact,direct,Hypoglycaemia,medgemma-4b-it,-1,Expert
HP:0001943,exact,layperson,Low blood sugar,medgemma-4b-it,-1,Lay-person
HP:0032999,exact,uk,Increased faecal porphyrin,medgemma-4b-it,-1,Expert
HP:0011832,exact,layperson,Thin tip of nose,medgemma-4b-it,-1,Expert
HP:0011832,exact,layperson,Thin nasal tip,medgemma-4b-it,-1,Expert
HP:0011832,exact,layperson,Pinched tip of nose,medgemma-4b-it,-1,Expert
HP:0011832,exact,layperson,Pinched nasal tip,medgemma-4b-it,-1,Expert
HP:0011832,exact,layperson,"Nasal tip, pinched",medgemma-4b-it,-1,Expert
HP:0011832,exact,layperson,"Nasal tip, narrow",medgemma-4b-it,-1,Expert
HP:0011832,exact,layperson,Narrow tip of nose,medgemma-4b-it,-1,Expert
HP:0009240,exact,layperson,Wide outermost pinky finger bone,medgemma-4b-it,-1,Expert
HP:0009240,exact,layperson,Broad outermost pinky finger bone,medgemma-4b-it,-1,Expert
HP:0009240,exact,layperson,Broad outermost pinkie finger bone,medgemma-4b-it,-1,Expert
HP:0009240,exact,layperson,Broad outermost little finger bone,medgemma-4b-it,-1,Expert
HP:0000586,exact,,Small shallow orbits,medgemma-4b-it,-1,Expert
HP:0000586,exact,layperson,Shallow eye sockets,medgemma-4b-it,-1,Expert
HP:0000586,exact,,Decreased depth of orbits,medgemma-4b-it,-1,Expert
HP:0000586,exact,layperson,Decreased depth of eye sockets,medgemma-4b-it,-1,Expert
HP:0006311,exact,uk,Generalised microdontia,medgemma-4b-it,-1,Expert
HP:0006311,exact,layperson,Decreased width of all teeth,medgemma-4b-it,-1,Expert
HP:0006311,exact,layperson,Decreased tooth mass,medgemma-4b-it,-1,Expert
HP:0006311,broad,,Tooth mass insufficiency,medgemma-4b-it,-1,Expert
HP:0006311,broad,,Hypotrophy of all teeth,medgemma-4b-it,-1,Expert
HP:0006311,broad,layperson,Decreased size of all teeth,medgemma-4b-it,-1,Expert
HP:0000286,exact,direct,Epicanthal fold,medgemma-4b-it,-1,Expert
HP:0000286,exact,direct,Epicanthal folds,medgemma-4b-it,-1,Expert
HP:0000286,exact,direct,Epicanthic folds,medgemma-4b-it,-1,Expert
HP:0000286,exact,layperson,Prominent eye folds,medgemma-4b-it,-1,Expert
HP:0000286,exact,,Plica palpebronasalis,medgemma-4b-it,-1,Expert
HP:0000286,exact,,Palpebronasal fold,medgemma-4b-it,-1,Expert
HP:0000286,exact,layperson,Eye folds,medgemma-4b-it,-1,Expert
HP:0004771,exact,uk,Premature greying of body hair,medgemma-4b-it,-1,Expert
HP:0000272,exact,direct,Depressed malar region,medgemma-4b-it,-1,Expert
HP:0000272,exact,direct,Malar hypoplasia,medgemma-4b-it,-1,Expert
HP:0000272,related,,Hypotrophic malar bone,medgemma-4b-it,-1,Expert
HP:0000272,exact,layperson,Zygomatic flattening,medgemma-4b-it,-1,Expert
HP:0000272,exact,,Underdevelopment of malar bone,medgemma-4b-it,-1,Expert
HP:0000272,exact,,Flat cheekbone,medgemma-4b-it,-1,Expert
HP:0000272,exact,,Decreased size of malar bone,medgemma-4b-it,-1,Expert
HP:0003212,exact,direct,Elevated immunoglobulin E,medgemma-4b-it,-1,Expert
HP:0003212,exact,direct,Elevated serum IgE,medgemma-4b-it,-1,Expert
HP:0003212,exact,direct,High immunoglobulin E,medgemma-4b-it,-1,Expert
HP:0003212,exact,direct,Increased circulating IgE level,medgemma-4b-it,-1,Expert
HP:0000121,related,layperson,Increased calcium level in kidney,medgemma-4b-it,-1,Expert
HP:0000121,exact,layperson,Too much calcium deposited in kidneys,medgemma-4b-it,-1,Expert
HP:0000292,exact,direct,Loss of facial subcutaneous adipose tissue,medgemma-4b-it,-1,Expert
HP:0000292,exact,direct,Loss of subcutaneous adipose tissue from face,medgemma-4b-it,-1,Expert
HP:0000292,exact,layperson,Loss of facial fat,medgemma-4b-it,-1,Expert
HP:0000292,exact,,Decreased volume of facial adipose tissue,medgemma-4b-it,-1,Expert
HP:0000292,exact,layperson,Decreased amount of facial fat,medgemma-4b-it,-1,Expert
HP:0000292,exact,,Decreased amount of facial adipose tissue,medgemma-4b-it,-1,Expert
HP:0000411,related,layperson,Protruding ears,medgemma-4b-it,-1,Expert
HP:0000411,exact,layperson,Prominent ears,medgemma-4b-it,-1,Expert
HP:0000411,exact,layperson,Prominent ear,medgemma-4b-it,-1,Expert
HP:0200141,related,layperson,"Small, pointed teeth",medgemma-4b-it,-1,Expert
HP:0200141,related,layperson,"Small, peg shaped teeth",medgemma-4b-it,-1,Expert
HP:0200141,exact,layperson,"Small, cone shaped teeth",medgemma-4b-it,-1,Expert
HP:0200141,exact,,Conical microdontia,medgemma-4b-it,-1,Expert
HP:0006288,exact,direct,Advanced tooth eruption,medgemma-4b-it,-1,Expert
HP:0006288,exact,direct,"Eruption, advanced",medgemma-4b-it,-1,Expert
HP:0006288,exact,direct,Premature eruption of teeth,medgemma-4b-it,-1,Expert
HP:0006288,exact,direct,Premature tooth eruption,medgemma-4b-it,-1,Expert
HP:0006288,exact,,Premature dental eruption,medgemma-4b-it,-1,Expert
HP:0006288,exact,layperson,Early eruption of teeth,medgemma-4b-it,-1,Expert
HP:0006288,exact,,Early dental eruption,medgemma-4b-it,-1,Expert
HP:0006288,exact,,Advanced dental eruption,medgemma-4b-it,-1,Expert
HP:0410005,exact,,Cleft of hard palate,medgemma-4b-it,-1,Expert
HP:0410005,exact,,Cleft bony palate,medgemma-4b-it,-1,Expert
HP:0005288,exact,direct,Abnormal naris morphology,medgemma-4b-it,-1,Expert
HP:0005288,exact,direct,Abnormality of the nares,medgemma-4b-it,-1,Expert
HP:0005288,narrow,layperson,Malformation of the nostrils,medgemma-4b-it,-1,Expert
HP:0005288,narrow,,Malformation of the nares,medgemma-4b-it,-1,Expert
HP:0005288,narrow,layperson,Deformity of the nostrils,medgemma-4b-it,-1,Expert
HP:0005288,narrow,,Deformity of the nares,medgemma-4b-it,-1,Expert
HP:0005288,exact,,Anomaly of the nares,medgemma-4b-it,-1,Expert
HP:0005288,exact,layperson,Abnormality of the nostrils,medgemma-4b-it,-1,Expert
HP:0000617,exact,direct,Abnormal smooth pursuits,medgemma-4b-it,-1,Expert
HP:0000617,exact,direct,Disrupted ocular pursuit movements,medgemma-4b-it,-1,Expert
HP:0000617,exact,direct,Impaired smooth pursuit ocular movements,medgemma-4b-it,-1,Expert
HP:0000617,exact,direct,Irregular visual pursuit movements,medgemma-4b-it,-1,Expert
HP:0011035,exact,direct,Abnormality of renal cortex morphology,medgemma-4b-it,-1,Expert
HP:0010055,exact,direct,Abnormally broad great toes,medgemma-4b-it,-1,Expert
HP:0010055,exact,direct,Broad great toe,medgemma-4b-it,-1,Expert
HP:0010055,exact,direct,Broad great toes,medgemma-4b-it,-1,Expert
HP:0010055,exact,layperson,Wide big toe,medgemma-4b-it,-1,Expert
HP:0010055,exact,,Broad halluces,medgemma-4b-it,-1,Expert
HP:0010055,exact,layperson,Broad big toe,medgemma-4b-it,-1,Expert
HP:0004472,related,,Increased ossification of mandible,medgemma-4b-it,-1,Expert
HP:0004472,related,,Increased ossification of lower jaw,medgemma-4b-it,-1,Expert
HP:0004472,exact,,Increased ossification of mandibular bone,medgemma-4b-it,-1,Expert
HP:0004472,exact,,Hyperostosis of mandibular bone,medgemma-4b-it,-1,Expert
HP:0004472,exact,,Hyperostosis of lower jaw,medgemma-4b-it,-1,Expert
HP:0004472,broad,,Thick mandibular bone,medgemma-4b-it,-1,Expert
HP:0004472,broad,layperson,Thick lower jaw bone,medgemma-4b-it,-1,Expert
HP:0004472,broad,,Overgrowth of mandibular bone,medgemma-4b-it,-1,Expert
HP:0004472,broad,,Excessive growth of mandibular bone,medgemma-4b-it,-1,Expert
HP:0005274,related,,Hypertrophy of tip of nose,medgemma-4b-it,-1,Expert
HP:0005274,related,,Hypertrophy of nasal tip,medgemma-4b-it,-1,Expert
HP:0005274,related,,Hyperplasia of tip of nose,medgemma-4b-it,-1,Expert
HP:0005274,related,,Hyperplasia of nasal tip,medgemma-4b-it,-1,Expert
HP:0005274,narrow,layperson,Bulbous tip of nose,medgemma-4b-it,-1,Expert
HP:0005274,exact,layperson,Pronounced tip of nose,medgemma-4b-it,-1,Expert
HP:0005274,exact,layperson,Pronounced nasal tip,medgemma-4b-it,-1,Expert
HP:0005274,exact,layperson,Prominent tip of nose,medgemma-4b-it,-1,Expert
HP:0005274,exact,layperson,Large tip of nose,medgemma-4b-it,-1,Expert
HP:0005274,exact,layperson,Large nasal tip,medgemma-4b-it,-1,Expert
HP:0011159,exact,direct,Epigastric aura,medgemma-4b-it,-1,Expert
HP:0011159,exact,direct,Localised seizure with epigastric sensation,medgemma-4b-it,-1,Expert
HP:0011159,exact,direct,Localized seizure with epigastric sensation,medgemma-4b-it,-1,Expert
HP:0011159,exact,direct,Partial seizure with epigastric sensation,medgemma-4b-it,-1,Expert
HP:0011159,exact,,Visceral aura,medgemma-4b-it,-1,Expert
HP:0011159,exact,plural,Epigastric auras,medgemma-4b-it,-1,Expert
HP:0011159,exact,,Abdominal aura,medgemma-4b-it,-1,Expert
HP:0011110,exact,layperson,Recurrent inflammation of tonsils,medgemma-4b-it,-1,Expert
HP:0001047,exact,direct,Allergic eczema,medgemma-4b-it,-1,Expert
HP:0001047,exact,direct,"Atopic dermatitis, chronic",medgemma-4b-it,-1,Expert
HP:0001047,exact,direct,Atopic eczema,medgemma-4b-it,-1,Expert
HP:0001047,exact,direct,"Dermatitis, Atopic",medgemma-4b-it,-1,Expert
HP:0001047,exact,direct,Infantile eczema,medgemma-4b-it,-1,Lay-person
HP:0001047,exact,direct,Neurodermatitis,medgemma-4b-it,-1,Expert
HP:0001047,exact,direct,Prurigo Besnier,medgemma-4b-it,-1,Expert
HP:0001047,related,layperson,Baby eczema,medgemma-4b-it,-1,Lay-person
HP:0100887,exact,layperson,Eye size difference,medgemma-4b-it,-1,Expert
HP:0100887,exact,layperson,Abnormality of eyeball size,medgemma-4b-it,-1,Expert
HP:0100833,exact,uk,Small intestine tumour,medgemma-4b-it,-1,Expert
HP:0100833,exact,layperson,Small intestine tumor,medgemma-4b-it,-1,Expert
HP:0007149,exact,direct,Distal upper limb muscle atrophy,medgemma-4b-it,-1,Expert
HP:0012090,exact,direct,Abnormality of pancreas morphology,medgemma-4b-it,-1,Expert
HP:0012090,exact,layperson,Abnormally shaped pancreas,medgemma-4b-it,-1,Expert
HP:0000188,exact,,Vertical deficiency of upper lip,medgemma-4b-it,-1,Expert
HP:0000188,exact,layperson,Shortening of upper lip,medgemma-4b-it,-1,Expert
HP:0000188,exact,layperson,Decreased vertical length of upper lip,medgemma-4b-it,-1,Expert
HP:0000188,exact,,Decreased upper labial length,medgemma-4b-it,-1,Expert
HP:0000188,exact,,Decreased upper labial height,medgemma-4b-it,-1,Expert
HP:0000188,exact,layperson,Decreased height of upper lip,medgemma-4b-it,-1,Expert
HP:0010885,exact,direct,Aseptic bone necrosis,medgemma-4b-it,-1,Expert
HP:0010885,exact,direct,Aseptic necrosis,medgemma-4b-it,-1,Expert
HP:0010885,exact,direct,Bone infarction,medgemma-4b-it,-1,Expert
HP:0010885,exact,direct,Ischemic bone necrosis,medgemma-4b-it,-1,Expert
HP:0010885,exact,direct,Osteochondronecrosis,medgemma-4b-it,-1,Expert
HP:0010885,exact,direct,Osteonecrosis,medgemma-4b-it,-1,Expert
HP:0010885,exact,uk,Ischaemic bone necrosis,medgemma-4b-it,-1,Expert
HP:0010885,exact,layperson,Death of bone due to decreased blood supply,medgemma-4b-it,-1,Expert
HP:0100033,exact,layperson,Tic disorder,medgemma-4b-it,-1,Expert
HP:0008460,exact,layperson,Underdeveloped spinal processes,medgemma-4b-it,-1,Expert
HP:0032199,exact,abbreviation,Abnormal PT,medgemma-4b-it,-1,Expert
HP:0033045,exact,uk,Bipedal oedema,medgemma-4b-it,-1,Expert
HP:0430000,exact,direct,Abnormality of the frontal bone,medgemma-4b-it,-1,Expert
HP:0430000,narrow,,Malformation of the frontal bone,medgemma-4b-it,-1,Expert
HP:0430000,narrow,,Deformity of the frontal bone,medgemma-4b-it,-1,Expert
HP:0430000,narrow,,Anomaly of the frontal bone,medgemma-4b-it,-1,Expert
HP:0430000,narrow,,Abnormal morphology of frontal bone,medgemma-4b-it,-1,Expert
HP:0430000,exact,layperson,Abnormality of the bone of the forehead,medgemma-4b-it,-1,Expert
HP:0002121,exact,direct,Absence seizure,medgemma-4b-it,-1,Expert
HP:0002121,exact,direct,Petit mal,medgemma-4b-it,-1,Expert
HP:0002121,exact,direct,Petit mal seizure,medgemma-4b-it,-1,Expert
HP:0002121,exact,plural,Petit mal seizures,medgemma-4b-it,-1,Expert
HP:0002121,exact,uk,Generalised non-motor seizure,medgemma-4b-it,-1,Expert
HP:0002121,exact,uk,Generalised non-motor (absence) seizure,medgemma-4b-it,-1,Expert
HP:0002121,exact,layperson,Brief seizures with staring spells,medgemma-4b-it,-1,Expert
HP:0002121,exact,plural,Absence seizures,medgemma-4b-it,-1,Expert
HP:0000766,exact,direct,Pectus carinatum or pectus excavatum,medgemma-4b-it,-1,Expert
HP:0000766,exact,direct,Pectus deformities,medgemma-4b-it,-1,Expert
HP:0000766,exact,direct,Pectus deformity,medgemma-4b-it,-1,Expert
HP:0000766,exact,direct,Pectus excavatum or carinatum,medgemma-4b-it,-1,Expert
HP:0000766,exact,direct,Pectus excavatum or pectus carinatum,medgemma-4b-it,-1,Expert
HP:0000766,exact,direct,Pectus excavatum/carinatum,medgemma-4b-it,-1,Expert
HP:0000766,exact,layperson,Sternal anomalies,medgemma-4b-it,-1,Expert
HP:0000766,exact,layperson,Abnormality of the sternum,medgemma-4b-it,-1,Expert
HP:0002495,exact,direct,Hypopallesthesia,medgemma-4b-it,-1,Expert
HP:0002495,exact,layperson,Impaired vibratory sense,medgemma-4b-it,-1,Expert
HP:0002495,exact,layperson,Diminished vibratory sense,medgemma-4b-it,-1,Expert
HP:0002495,exact,layperson,Decreased vibratory sense,medgemma-4b-it,-1,Expert
HP:0002495,exact,layperson,Decreased vibration sense,medgemma-4b-it,-1,Expert
HP:0034770,exact,direct,Reduced lumbar lordosis,medgemma-4b-it,-1,Expert
HP:0001069,exact,direct,"Hyperhidrosis, episodic",medgemma-4b-it,-1,Expert
HP:0001069,exact,layperson,Sporadic excessive sweating,medgemma-4b-it,-1,Expert
HP:0006749,exact,uk,Malignant gastrointestinal tract tumours,medgemma-4b-it,-1,Expert
HP:0006749,exact,uk,Malignant GI tract tumours,medgemma-4b-it,-1,Expert
HP:0006749,exact,abbreviation,Malignant GI tract tumors,medgemma-4b-it,-1,Expert
HP:0004808,exact,direct,Acute myeloblastic leukemia,medgemma-4b-it,-1,Expert
HP:0004808,exact,direct,Acute myelocytic leukemia,medgemma-4b-it,-1,Expert
HP:0004808,exact,direct,Acute myelogenous leukemia,medgemma-4b-it,-1,Expert
HP:0004808,exact,uk,Acute myeloid leukaemia,medgemma-4b-it,-1,Expert
HP:0004808,exact,uk,Acute myelogenous leukaemia,medgemma-4b-it,-1,Expert
HP:0004808,exact,uk,Acute myelocytic leukaemia,medgemma-4b-it,-1,Expert
HP:0004808,exact,uk,Acute myeloblastic leukaemia,medgemma-4b-it,-1,Expert
HP:0004808,exact,abbreviation,AML,medgemma-4b-it,-1,Expert
HP:0002213,exact,direct,Thin hair,medgemma-4b-it,-1,Expert
HP:0002213,exact,direct,Thinned hair,medgemma-4b-it,-1,Expert
HP:0002213,exact,layperson,Thin hair texture,medgemma-4b-it,-1,Expert
HP:0002213,exact,layperson,Thin hair shaft,medgemma-4b-it,-1,Expert
HP:0002213,exact,layperson,Fine hair texture,medgemma-4b-it,-1,Expert
HP:0002213,exact,layperson,Fine hair shaft,medgemma-4b-it,-1,Expert
HP:0011994,exact,direct,Abnormality of the atrial septum,medgemma-4b-it,-1,Expert
HP:0011994,exact,,Abnormal interatrial septum morphology,medgemma-4b-it,-1,Expert
HP:0000171,exact,direct,Decreased size of tongue,medgemma-4b-it,-1,Expert
HP:0000171,exact,direct,Hypoglossia,medgemma-4b-it,-1,Expert
HP:0000171,exact,direct,Hypoplasia of the tongue,medgemma-4b-it,-1,Expert
HP:0000171,exact,direct,Hypoplastic tongue,medgemma-4b-it,-1,Expert
HP:0000171,exact,direct,Lingual hypoplasia,medgemma-4b-it,-1,Expert
HP:0000171,exact,direct,Rudimentary tongue,medgemma-4b-it,-1,Expert
HP:0000171,exact,direct,Small tongue,medgemma-4b-it,-1,Expert
HP:0000171,exact,layperson,Underdevelopment of the tongue,medgemma-4b-it,-1,Expert
HP:0000171,exact,layperson,Abnormally small tongue,medgemma-4b-it,-1,Expert
HP:0000197,exact,direct,Abnormality of parotid gland,medgemma-4b-it,-1,Expert
HP:0000197,exact,,Anomaly of the parotid gland,medgemma-4b-it,-1,Expert
HP:0100776,exact,direct,"Pharyngitis, recurrent",medgemma-4b-it,-1,Expert
HP:0100776,exact,layperson,Recurrent sore throat,medgemma-4b-it,-1,Expert
HP:0100962,exact,layperson,Shyness,medgemma-4b-it,-1,Expert
HP:0000722,exact,,Obsessive-compulsive disorder,medgemma-4b-it,-1,Expert
HP:0000722,exact,uk,Obsessive-compulsive behaviour,medgemma-4b-it,-1,Expert
HP:0000722,exact,layperson,Obsessive-compulsive behavior,medgemma-4b-it,-1,Expert
HP:0000722,exact,,Obsessive compulsive disorder,medgemma-4b-it,-1,Expert
HP:0000722,exact,uk,Obsessive compulsive behaviour,medgemma-4b-it,-1,Expert
HP:0000722,exact,layperson,Obsessive compulsive behavior,medgemma-4b-it,-1,Expert
HP:0000722,exact,abbreviation,OCD,medgemma-4b-it,-1,Expert
HP:0000762,exact,direct,Decreased NCV,medgemma-4b-it,-1,Expert
HP:0000762,exact,direct,Decreased nerve conduction velocities,medgemma-4b-it,-1,Expert
HP:0000762,exact,direct,Delayed nerve conduction velocity,medgemma-4b-it,-1,Expert
HP:0000762,exact,direct,Reduced nerve conduction velocities,medgemma-4b-it,-1,Expert
HP:0000762,exact,direct,Slow nerve conduction velocity,medgemma-4b-it,-1,Expert
HP:0000762,exact,direct,Slowed nerve conduction velocities,medgemma-4b-it,-1,Expert
HP:0001924,exact,direct,Hypersideremic anemia,medgemma-4b-it,-1,Expert
HP:0001924,exact,uk,Sideroblastic anaemia,medgemma-4b-it,-1,Expert
HP:0001924,exact,uk,Hypersideremic anaemia,medgemma-4b-it,-1,Expert
HP:0004322,exact,direct,Height less than 3rd percentile,medgemma-4b-it,-1,Expert
HP:0004322,exact,direct,Stature below 3rd percentile,medgemma-4b-it,-1,Expert
HP:0004322,exact,layperson,Small stature,medgemma-4b-it,-1,Expert
HP:0004322,exact,layperson,Decreased body height,medgemma-4b-it,-1,Expert
HP:0003084,exact,direct,Fractures of the long bones,medgemma-4b-it,-1,Expert
HP:0003084,exact,direct,Increased long bone fracture rate,medgemma-4b-it,-1,Expert
HP:0001273,exact,direct,Abnormal corpus callosum,medgemma-4b-it,-1,Expert
HP:0001273,exact,direct,Abnormality of the corpus callosum,medgemma-4b-it,-1,Expert
HP:0001273,exact,direct,Corpus callosum abnormality,medgemma-4b-it,-1,Expert
HP:0030072,narrow,uk,Tumour of the paranasal sinuses,medgemma-4b-it,-1,Expert
HP:0030072,narrow,,Tumor of the paranasal sinuses,medgemma-4b-it,-1,Expert
HP:0030072,exact,,Neoplasm of the paranasal sinuses,medgemma-4b-it,-1,Expert
HP:0031825,exact,direct,Freezing gait,medgemma-4b-it,-1,Expert
HP:0000528,exact,direct,"Anophthalmia, clinical",medgemma-4b-it,-1,Expert
HP:0000528,exact,direct,"Clinical anophthalmia, unilateral/bilateral",medgemma-4b-it,-1,Expert
HP:0000528,exact,,Ocular absence,medgemma-4b-it,-1,Expert
HP:0000528,exact,,No globe of eye,medgemma-4b-it,-1,Expert
HP:0000528,exact,layperson,No eyeball,medgemma-4b-it,-1,Expert
HP:0000528,exact,,Missing globe of eye,medgemma-4b-it,-1,Expert
HP:0000528,exact,layperson,Missing eyeball,medgemma-4b-it,-1,Expert
HP:0000528,exact,layperson,Failure of development of eyeball,medgemma-4b-it,-1,Expert
HP:0000528,exact,,Absence of globes of eyes,medgemma-4b-it,-1,Expert
HP:0000528,exact,layperson,Absence of eyeballs,medgemma-4b-it,-1,Expert
HP:0007193,exact,direct,Generalized tonic-clonic seizures on awakening,medgemma-4b-it,-1,Expert
HP:0007193,exact,layperson,Morning generalized tonic-clonic seizures,medgemma-4b-it,-1,Expert
HP:0007193,exact,uk,Morning generalised tonic-clonic seizures,medgemma-4b-it,-1,Expert
HP:0007193,exact,uk,Generalised tonic-clonic seizures on awakening,medgemma-4b-it,-1,Expert
HP:0020217,exact,direct,Focal motor aware seizure,medgemma-4b-it,-1,Expert
HP:0010004,exact,direct,Bifid terminal phalanges of the hand,medgemma-4b-it,-1,Expert
HP:0010004,exact,layperson,Partial duplication of the outermost bone of the hand,medgemma-4b-it,-1,Expert
HP:0005108,exact,direct,Abnormality of the intervertebral disk,medgemma-4b-it,-1,Expert
HP:0005108,exact,uk,Abnormality of the intervertebral disc,medgemma-4b-it,-1,Expert
HP:0040103,exact,direct,Acquired medial canal fibrosis,medgemma-4b-it,-1,Expert
HP:0040103,exact,direct,Cutaneous stenosis of the external auditory canal,medgemma-4b-it,-1,Expert
HP:0040103,exact,direct,Medial meatal fibrosis,medgemma-4b-it,-1,Expert
HP:0040103,exact,direct,Obliterative otitis externa,medgemma-4b-it,-1,Expert
HP:0030027,narrow,layperson,Malformation of nasal cartilage,medgemma-4b-it,-1,Expert
HP:0030027,narrow,layperson,Malformation of cartilage of nose,medgemma-4b-it,-1,Expert
HP:0030027,narrow,layperson,Deformity of nasal cartilage,medgemma-4b-it,-1,Expert
HP:0030027,narrow,layperson,Deformity of cartilage of nose,medgemma-4b-it,-1,Expert
HP:0030027,exact,,Anomaly of nasal cartilage,medgemma-4b-it,-1,Expert
HP:0030027,exact,,Anomaly of cartilage of nose,medgemma-4b-it,-1,Expert
HP:0030027,exact,layperson,Abnormality of the nasal cartilage,medgemma-4b-it,-1,Expert
HP:0030027,exact,layperson,Abnormality of cartilage of nose,medgemma-4b-it,-1,Expert
HP:0003324,exact,direct,Generalized weakness,medgemma-4b-it,-1,Expert
HP:0003324,exact,direct,"Muscle weakness, diffuse",medgemma-4b-it,-1,Expert
HP:0003324,exact,direct,"Muscle weakness, generalized",medgemma-4b-it,-1,Expert
HP:0003324,exact,uk,"Muscle weakness, generalised",medgemma-4b-it,-1,Expert
HP:0003324,exact,uk,Generalised weakness,medgemma-4b-it,-1,Expert
HP:0003324,exact,uk,Generalised muscle weakness,medgemma-4b-it,-1,Expert
HP:0001662,exact,direct,Brachycardia,medgemma-4b-it,-1,Expert
HP:0001662,exact,layperson,Slow heartbeats,medgemma-4b-it,-1,Expert
HP:0030525,exact,direct,Moderate peripheral visual field loss,medgemma-4b-it,-1,Expert
HP:0005285,exact,layperson,Missing nasal bridge,medgemma-4b-it,-1,Expert
HP:0005285,exact,layperson,Missing bridge of nose,medgemma-4b-it,-1,Expert
HP:0005285,exact,,Agenesis of nasal bridge,medgemma-4b-it,-1,Expert
HP:0005285,exact,,Agenesis of bridge of nose,medgemma-4b-it,-1,Expert
HP:0005285,exact,layperson,Absent bridge of nose,medgemma-4b-it,-1,Expert
HP:0009891,exact,direct,Depressed supraorbital ridge,medgemma-4b-it,-1,Expert
HP:0009891,exact,direct,Flat supraorbital ridge,medgemma-4b-it,-1,Expert
HP:0009891,exact,direct,Hypoplasia of the supraorbital ridges,medgemma-4b-it,-1,Expert
HP:0009891,exact,direct,Hypoplastic supraorbital ridges,medgemma-4b-it,-1,Expert
HP:0009891,exact,direct,Shallow orbital ridges,medgemma-4b-it,-1,Expert
HP:0009891,exact,direct,Shallow supraorbital ridge,medgemma-4b-it,-1,Expert
HP:0009891,related,layperson,Underdeveloped brows,medgemma-4b-it,-1,Expert
HP:0009891,exact,,Hypoplasia of supraorbital margins,medgemma-4b-it,-1,Expert
HP:0009891,exact,layperson,Flattened bony protrusion above eyes,medgemma-4b-it,-1,Expert
HP:0009891,exact,,Flat supraorbital margins,medgemma-4b-it,-1,Expert
HP:0009891,exact,,Depressed supraorbital margins,medgemma-4b-it,-1,Expert
HP:0001593,exact,,Decreased width of upper lateral incisor,medgemma-4b-it,-1,Expert
HP:0001593,broad,,Small upper lateral incisor,medgemma-4b-it,-1,Expert
HP:0001593,broad,,Small maxillary lateral incisor,medgemma-4b-it,-1,Expert
HP:0001593,broad,,Hypotrophic upper lateral incisor,medgemma-4b-it,-1,Expert
HP:0001593,broad,,Hypotrophic maxillary lateral incisor,medgemma-4b-it,-1,Expert
HP:0001593,broad,,Decreased size of upper lateral incisor,medgemma-4b-it,-1,Expert
HP:0001593,broad,,Decreased size of maxillary lateral incisor,medgemma-4b-it,-1,Expert
HP:0011333,related,,Hypoplasia of depressor angula oris muscle,medgemma-4b-it,-1,Expert
HP:0011333,exact,,Partial unilateral facial paresis,medgemma-4b-it,-1,Expert
HP:6000073,exact,direct,Hygroma renale,medgemma-4b-it,-1,Expert
HP:6000073,exact,direct,Peripelvic lymphangiectasia,medgemma-4b-it,-1,Expert
HP:6000073,exact,direct,Renal lymphangiomatosis,medgemma-4b-it,-1,Expert
HP:0008905,exact,direct,Rhizomelic dwarfism,medgemma-4b-it,-1,Expert
HP:0008905,exact,direct,Rhizomelic limb shortening,medgemma-4b-it,-1,Expert
HP:0008905,exact,direct,Rhizomelic short limbs,medgemma-4b-it,-1,Expert
HP:0008905,exact,direct,Rhizomelic short stature,medgemma-4b-it,-1,Expert
HP:0008905,exact,direct,Rhizomelic shortening,medgemma-4b-it,-1,Expert
HP:0008905,exact,direct,"Short stature, rhizomelic",medgemma-4b-it,-1,Expert
HP:0008905,exact,direct,Symmetrical rhizomelic limb shortening,medgemma-4b-it,-1,Expert
HP:0008905,exact,layperson,Disproportionately short upper portion of limb,medgemma-4b-it,-1,Expert
HP:0010047,exact,direct,Fifth metacarpal hypoplasia,medgemma-4b-it,-1,Expert
HP:0010047,exact,direct,Hypoplastic 5th metacarpal,medgemma-4b-it,-1,Expert
HP:0010047,exact,direct,Short fifth metacarpal,medgemma-4b-it,-1,Expert
HP:0010047,exact,direct,Short fifth metacarpals,medgemma-4b-it,-1,Expert
HP:0010047,exact,layperson,Shortened 5th long bone of hand,medgemma-4b-it,-1,Expert
HP:0004327,exact,uk,Abnormal vitreous humour morphology,medgemma-4b-it,-1,Expert
HP:0032682,exact,direct,Focal non-motor aware seizure,medgemma-4b-it,-1,Expert
HP:0003797,broad,direct,Limb-girdle myopathy,medgemma-4b-it,-1,Expert
HP:0003797,exact,layperson,Wasting of limb-girdle muscle,medgemma-4b-it,-1,Expert
HP:0032677,exact,direct,Generalised onset motor seizure,medgemma-4b-it,-1,Expert
HP:0032677,exact,direct,Generalised-onset motor seizure,medgemma-4b-it,-1,Expert
HP:0032677,exact,direct,Generalized onset motor seizure,medgemma-4b-it,-1,Expert
HP:0003474,exact,direct,Sensory impairment,medgemma-4b-it,-1,Expert
HP:0001289,exact,layperson,Mental disorientation,medgemma-4b-it,-1,Expert
HP:0001289,exact,layperson,Easily confused,medgemma-4b-it,-1,Expert
HP:0001289,exact,layperson,Disorientation,medgemma-4b-it,-1,Expert
HP:0002384,exact,direct,Complex focal seizures,medgemma-4b-it,-1,Expert
HP:0002384,exact,direct,Complex partial seizure,medgemma-4b-it,-1,Expert
HP:0002384,exact,direct,Complex partial seizures,medgemma-4b-it,-1,Expert
HP:0002384,exact,direct,Dyscognitive seizures,medgemma-4b-it,-1,Expert
HP:0002384,exact,direct,Focal dyscognitive seizure,medgemma-4b-it,-1,Expert
HP:0002384,exact,direct,Focal seizure with impairment of awareness,medgemma-4b-it,-1,Expert
HP:0002384,exact,direct,Focal seizure with loss of awareness,medgemma-4b-it,-1,Expert
HP:0002384,exact,direct,Localised dyscognitive seizure,medgemma-4b-it,-1,Expert
HP:0002384,exact,direct,Localised seizure with impaired awareness,medgemma-4b-it,-1,Expert
HP:0002384,exact,direct,Localised seizure with loss of awareness,medgemma-4b-it,-1,Expert
HP:0002384,exact,direct,Localized dyscognitive seizure,medgemma-4b-it,-1,Expert
HP:0002384,exact,direct,Localized seizure with impaired awareness,medgemma-4b-it,-1,Expert
HP:0002384,exact,direct,Localized seizure with loss of awareness,medgemma-4b-it,-1,Expert
HP:0002384,exact,direct,Partial dyscognitive seizure,medgemma-4b-it,-1,Expert
HP:0002384,exact,direct,Partial seizure with impairment of awareness,medgemma-4b-it,-1,Expert
HP:0002384,exact,direct,Partial seizure with loss of awareness,medgemma-4b-it,-1,Expert
HP:0002384,exact,plural,Focal seizures with impairment of consciousness or awareness,medgemma-4b-it,-1,Expert
HP:0002384,exact,plural,Focal impaired awareness seizures,medgemma-4b-it,-1,Expert
HP:0030436,exact,,Fibrofolliculomas,medgemma-4b-it,-1,Expert
HP:0008163,exact,direct,Decreased cortisol production,medgemma-4b-it,-1,Expert
HP:0008163,exact,direct,Glucocorticoid insufficiency,medgemma-4b-it,-1,Expert
HP:0008163,exact,direct,Hypocortisolemia,medgemma-4b-it,-1,Expert
HP:0008163,exact,direct,Low to undetectable plasma cortisol,medgemma-4b-it,-1,Expert
HP:0008163,exact,direct,Plasma cortisol low,medgemma-4b-it,-1,Expert
HP:0008163,related,direct,Hypocortisolism,medgemma-4b-it,-1,Expert
HP:0008163,exact,layperson,Low blood cortisol level,medgemma-4b-it,-1,Expert
HP:0032716,exact,direct,Focal non-motor impaired awareness seizure,medgemma-4b-it,-1,Expert
HP:0002678,related,layperson,Malformation of skull shape,medgemma-4b-it,-1,Expert
HP:0002678,exact,layperson,Asymmetry of skull,medgemma-4b-it,-1,Expert
HP:0002678,broad,layperson,Uneven skull shape,medgemma-4b-it,-1,Expert
HP:0002678,broad,layperson,Unequal skull shape,medgemma-4b-it,-1,Expert
HP:0002678,broad,layperson,Abnormality of skull shape,medgemma-4b-it,-1,Expert
HP:0011044,exact,direct,Abnormal number of secondary dentition,medgemma-4b-it,-1,Expert
HP:0011044,exact,,Abnormal permanent tooth count,medgemma-4b-it,-1,Expert
HP:0011044,exact,layperson,Abnormal number of adult teeth,medgemma-4b-it,-1,Expert
HP:0011044,exact,,Abnormal complement of permanent teeth,medgemma-4b-it,-1,Expert
HP:0007379,exact,direct,Genitourinary tract neoplasm,medgemma-4b-it,-1,Expert
HP:0007379,related,direct,Genitourinary tract neoplasia,medgemma-4b-it,-1,Expert
HP:0007379,exact,abbreviation,Neoplasm of the GU tract,medgemma-4b-it,-1,Expert
HP:0007379,exact,uk,Genitourinary tract tumours,medgemma-4b-it,-1,Expert
HP:0007379,exact,layperson,Genitourinary tract tumors,medgemma-4b-it,-1,Expert
HP:0001989,related,uk,Foetal akinesia,medgemma-4b-it,-1,Expert
HP:0001989,related,,Fetal akinesia,medgemma-4b-it,-1,Expert
HP:0001989,related,uk,Early severe foetal akinesia sequence,medgemma-4b-it,-1,Expert
HP:0001989,related,,Early severe fetal akinesia sequence,medgemma-4b-it,-1,Expert
HP:0001989,exact,uk,Foetal akinesia sequence,medgemma-4b-it,-1,Expert
HP:0007627,related,,Agenesis of condylar process of mandible,medgemma-4b-it,-1,Expert
HP:0007627,related,,Agenesis of condylar neck of mandible,medgemma-4b-it,-1,Expert
HP:0007627,related,,Agenesis of condylar head of mandible,medgemma-4b-it,-1,Expert
HP:0007627,narrow,,Underdevelopment of condylar neck of mandible,medgemma-4b-it,-1,Expert
HP:0007627,narrow,,Underdevelopment of condylar head of mandible,medgemma-4b-it,-1,Expert
HP:0007627,narrow,,Failure of development of the condylar process of mandible,medgemma-4b-it,-1,Expert
HP:0007627,narrow,,Failure of development of condylar neck of mandible,medgemma-4b-it,-1,Expert
HP:0007627,narrow,,Failure of development of condylar head of mandible,medgemma-4b-it,-1,Expert
HP:0007627,narrow,,Absence of the condylar process of mandible,medgemma-4b-it,-1,Expert
HP:0007627,narrow,,Absence of the condylar neck of mandible,medgemma-4b-it,-1,Expert
HP:0007627,narrow,,Absence of the condylar head of mandible,medgemma-4b-it,-1,Expert
HP:0007627,exact,,Underdevelopment of condylar process of mandible,medgemma-4b-it,-1,Expert
HP:0001220,exact,direct,Interphalangeal joint flexion contractures,medgemma-4b-it,-1,Expert
HP:0011169,exact,direct,Generalised clonic seizure,medgemma-4b-it,-1,Expert
HP:0011169,exact,direct,Generalised onset clonic seizure,medgemma-4b-it,-1,Expert
HP:0011169,exact,direct,Generalised-onset clonic seizure,medgemma-4b-it,-1,Expert
HP:0011169,exact,direct,Generalized onset clonic seizure,medgemma-4b-it,-1,Expert
HP:0011169,exact,direct,Generalized-onset clonic seizure,medgemma-4b-it,-1,Expert
HP:0011169,exact,plural,Generalized clonic seizures,medgemma-4b-it,-1,Expert
HP:0011169,exact,plural,Generalised clonic seizures,medgemma-4b-it,-1,Expert
HP:0011169,exact,uk,Generalised clonic seizures,medgemma-4b-it,-1,Expert
HP:0000687,exact,direct,Multiple diastemata,medgemma-4b-it,-1,Expert
HP:0000687,exact,layperson,Widely-spaced teeth,medgemma-4b-it,-1,Expert
HP:0000687,exact,layperson,Wide-spaced teeth,medgemma-4b-it,-1,Expert
HP:0000687,exact,,Generalized spacing of teeth,medgemma-4b-it,-1,Expert
HP:0000687,exact,,Generalized dental spacing,medgemma-4b-it,-1,Expert
HP:0000687,exact,uk,Generalised spacing of teeth,medgemma-4b-it,-1,Expert
HP:0000687,exact,uk,Generalised dental spacing,medgemma-4b-it,-1,Expert
HP:0011029,exact,uk,Internal haemorrhage,medgemma-4b-it,-1,Expert
HP:0011029,exact,layperson,Internal bleeding,medgemma-4b-it,-1,Expert
HP:0000288,exact,direct,Abnormal philtrum,medgemma-4b-it,-1,Expert
HP:0000288,exact,direct,Abnormality of the paralabial region,medgemma-4b-it,-1,Expert
HP:0000288,exact,,Abnormality of the infranasal depression,medgemma-4b-it,-1,Expert
HP:0009185,exact,direct,Camptodactyly of 5th finger,medgemma-4b-it,-1,Expert
HP:0009185,exact,direct,Camptodactyly of the fifth finger,medgemma-4b-it,-1,Expert
HP:0008518,exact,layperson,Absent/underdeveloped vertebral column,medgemma-4b-it,-1,Expert
HP:0008518,exact,layperson,Absent/underdeveloped spine,medgemma-4b-it,-1,Expert
HP:0008518,exact,layperson,Absent/underdeveloped backbone,medgemma-4b-it,-1,Expert
HP:0008518,exact,layperson,Absent/small vertebral column,medgemma-4b-it,-1,Expert
HP:0008518,exact,layperson,Absent/small spine,medgemma-4b-it,-1,Expert
HP:0008518,exact,layperson,Absent/small backbone,medgemma-4b-it,-1,Expert
HP:0000518,exact,direct,Cataracts,medgemma-4b-it,-1,Expert
HP:0000518,exact,direct,Lens opacities,medgemma-4b-it,-1,Expert
HP:0000518,exact,direct,Lens opacity,medgemma-4b-it,-1,Expert
HP:0000518,exact,layperson,Cloudy lens,medgemma-4b-it,-1,Expert
HP:0000518,exact,layperson,Clouding of the lens of the eye,medgemma-4b-it,-1,Expert
HP:0100957,exact,direct,Abnormality of the renal medulla,medgemma-4b-it,-1,Expert
HP:0000179,exact,direct,Thick vermilion border of lower lip,medgemma-4b-it,-1,Expert
HP:0000179,related,layperson,Thick lower lip,medgemma-4b-it,-1,Expert
HP:0000179,related,layperson,Full lower lip,medgemma-4b-it,-1,Expert
HP:0000179,narrow,layperson,Thick red part of the lower lip,medgemma-4b-it,-1,Expert
HP:0000179,narrow,,Prominent lower lip vermilion,medgemma-4b-it,-1,Expert
HP:0000179,exact,layperson,Prominent lower lip,medgemma-4b-it,-1,Expert
HP:0000179,exact,layperson,Plump lower lip,medgemma-4b-it,-1,Expert
HP:0000179,exact,,Increased volume of lower lip vermilion,medgemma-4b-it,-1,Expert
HP:0000179,exact,layperson,Increased volume of lower lip,medgemma-4b-it,-1,Expert
HP:0000179,exact,,Increased height of lower lip vermilion,medgemma-4b-it,-1,Expert
HP:0000179,exact,,Full lower lip vermilion,medgemma-4b-it,-1,Expert
HP:0011468,related,layperson,Muscle spasm of face,medgemma-4b-it,-1,Expert
HP:0011468,related,layperson,Involuntary facial muscle spasms,medgemma-4b-it,-1,Expert
HP:0011468,exact,layperson,Twitching of facial muscles,medgemma-4b-it,-1,Expert
HP:0011468,exact,layperson,Spasms of facial muscles,medgemma-4b-it,-1,Expert
HP:0011468,exact,layperson,Mimic spasms,medgemma-4b-it,-1,Expert
HP:0011468,exact,layperson,Jerking of facial muscles,medgemma-4b-it,-1,Expert
HP:0011468,exact,layperson,Facial spasms,medgemma-4b-it,-1,Expert
HP:0011468,exact,layperson,Cramping of facial muscles,medgemma-4b-it,-1,Expert
HP:0011468,broad,,Myoclonus of facial muscles,medgemma-4b-it,-1,Expert
HP:0001070,related,direct,Stippled pigmentation,medgemma-4b-it,-1,Expert
HP:0001070,exact,uk,Mottled skin colouring,medgemma-4b-it,-1,Expert
HP:0001070,exact,layperson,Mottled skin coloring,medgemma-4b-it,-1,Expert
HP:0011342,exact,direct,"Global developmental delay, mild",medgemma-4b-it,-1,Expert
HP:0011342,related,,"Psychomotor retardation, mild",medgemma-4b-it,-1,Expert
HP:0012811,exact,direct,"Nasal ridge, wide",medgemma-4b-it,-1,Expert
HP:0012811,related,layperson,Broad nasal ridge,medgemma-4b-it,-1,Expert
HP:0012811,exact,,Wide nasal dorsum,medgemma-4b-it,-1,Expert
HP:0012811,exact,,Wide dorsum of nose,medgemma-4b-it,-1,Expert
HP:0012811,exact,layperson,Increased width of nasal ridge,medgemma-4b-it,-1,Expert
HP:0012811,exact,,Increased width of nasal dorsum,medgemma-4b-it,-1,Expert
HP:0012811,exact,,Increased width of dorsum of nose,medgemma-4b-it,-1,Expert
HP:0012811,exact,,Broad nasal dorsum,medgemma-4b-it,-1,Expert
HP:0012811,exact,,Broad dorsum of nose,medgemma-4b-it,-1,Expert
HP:0003236,exact,layperson,Increased serum creatine phosphokinase,medgemma-4b-it,-1,Expert
HP:0003236,exact,layperson,Increased serum creatine kinase,medgemma-4b-it,-1,Expert
HP:0003236,exact,abbreviation,Increased serum CK,medgemma-4b-it,-1,Expert
HP:0003236,exact,layperson,Increased serum CK,medgemma-4b-it,-1,Expert
HP:0003236,exact,layperson,Increased creatine phosphokinase,medgemma-4b-it,-1,Expert
HP:0003236,exact,layperson,Increased creatine kinase,medgemma-4b-it,-1,Expert
HP:0003236,exact,abbreviation,Increased CPK,medgemma-4b-it,-1,Expert
HP:0003236,exact,layperson,Increased CPK,medgemma-4b-it,-1,Expert
HP:0003236,exact,layperson,High serum creatine kinase,medgemma-4b-it,-1,Expert
HP:0003236,exact,layperson,Elevated serum creatine phosphokinase,medgemma-4b-it,-1,Expert
HP:0003236,exact,layperson,Elevated serum creatine kinase,medgemma-4b-it,-1,Expert
HP:0003236,exact,abbreviation,Elevated serum CPK,medgemma-4b-it,-1,Expert
HP:0003236,exact,layperson,Elevated serum CPK,medgemma-4b-it,-1,Expert
HP:0003236,exact,layperson,Elevated creatine kinase,medgemma-4b-it,-1,Expert
HP:0003236,exact,layperson,Elevated circulating creatine phosphokinase,medgemma-4b-it,-1,Expert
HP:0003236,exact,layperson,Elevated blood creatine phosphokinase,medgemma-4b-it,-1,Expert
HP:0011067,narrow,,Mesiodentes,medgemma-4b-it,-1,Expert
HP:0011067,exact,,Midline supernumary tooth,medgemma-4b-it,-1,Expert
HP:0011067,exact,,Median supernumary tooth,medgemma-4b-it,-1,Expert
HP:0011067,broad,,Extra tooth in the midline,medgemma-4b-it,-1,Expert
HP:0011067,broad,layperson,Extra tooth,medgemma-4b-it,-1,Expert
HP:0000215,exact,direct,Thick vermilion border of upper lip,medgemma-4b-it,-1,Expert
HP:0000215,narrow,layperson,Thick red part of the upper lip,medgemma-4b-it,-1,Expert
HP:0000215,narrow,,Prominent upper lip vermilion,medgemma-4b-it,-1,Expert
HP:0000215,exact,layperson,Thick upper lip,medgemma-4b-it,-1,Expert
HP:0000215,exact,layperson,Prominent upper lip,medgemma-4b-it,-1,Expert
HP:0000215,exact,layperson,Plump upper lip,medgemma-4b-it,-1,Expert
HP:0000215,exact,,Increased volume of upper lip vermilion,medgemma-4b-it,-1,Expert
HP:0000215,exact,layperson,Increased volume of upper lip,medgemma-4b-it,-1,Expert
HP:0000215,exact,,Increased height of upper lip vermilion,medgemma-4b-it,-1,Expert
HP:0000215,exact,,Full upper lip vermilion,medgemma-4b-it,-1,Expert
HP:0000215,exact,layperson,Full upper lip,medgemma-4b-it,-1,Expert
HP:0011074,related,,Localized dysplasia of tooth enamel,medgemma-4b-it,-1,Expert
HP:0011074,related,uk,Localised dysplasia of tooth enamel,medgemma-4b-it,-1,Expert
HP:0011074,exact,,Localized hypoplasia of tooth enamel,medgemma-4b-it,-1,Expert
HP:0011074,exact,uk,Localised hypoplasia of tooth enamel,medgemma-4b-it,-1,Expert
HP:0011074,exact,uk,Localised hypoplasia of dental enamel,medgemma-4b-it,-1,Expert
HP:0005289,exact,direct,Abnormality of the nasolabial region,medgemma-4b-it,-1,Expert
HP:0005289,narrow,,Malformation of the nasolabial region,medgemma-4b-it,-1,Expert
HP:0005289,narrow,,Deformity of the nasolabial region,medgemma-4b-it,-1,Expert
HP:0005289,exact,,Anomaly of the nasolabial region,medgemma-4b-it,-1,Expert
HP:0006719,exact,uk,Non-cancerous GI tumours,medgemma-4b-it,-1,Expert
HP:0006719,exact,layperson,Non-cancerous GI tumors,medgemma-4b-it,-1,Expert
HP:0006719,exact,uk,Benign gastrointestinal tract tumours,medgemma-4b-it,-1,Expert
HP:0006719,exact,uk,Benign GI tract tumours,medgemma-4b-it,-1,Expert
HP:0006719,exact,abbreviation,Benign GI tract tumors,medgemma-4b-it,-1,Expert
HP:0001270,exact,direct,Delay in development of motor milestones,medgemma-4b-it,-1,Expert
HP:0001270,exact,direct,Delay in motor development,medgemma-4b-it,-1,Expert
HP:0001270,exact,direct,Delayed development of motor milestones,medgemma-4b-it,-1,Expert
HP:0001270,exact,direct,Delayed early motor milestones,medgemma-4b-it,-1,Expert
HP:0001270,exact,direct,Delayed motor development,medgemma-4b-it,-1,Expert
HP:0001270,exact,direct,Delayed motor milestones,medgemma-4b-it,-1,Expert
HP:0001270,exact,direct,Locomotor delay,medgemma-4b-it,-1,Expert
HP:0001270,exact,direct,Motor developmental delay,medgemma-4b-it,-1,Expert
HP:0001270,exact,direct,Motor developmental milestones not achieved,medgemma-4b-it,-1,Expert
HP:0001270,exact,direct,Motor retardation,medgemma-4b-it,-1,Expert
HP:0001270,exact,direct,Retarded motor development,medgemma-4b-it,-1,Expert
HP:0001270,exact,direct,Slow development of motor milestones,medgemma-4b-it,-1,Expert
HP:0001270,related,direct,No development of motor milestones,medgemma-4b-it,-1,Expert
HP:0009778,exact,direct,Hypoplastic thumb,medgemma-4b-it,-1,Expert
HP:0009778,exact,direct,Hypoplastic thumbs,medgemma-4b-it,-1,Expert
HP:0009778,exact,direct,Hypoplastic/small thumb,medgemma-4b-it,-1,Expert
HP:0009778,exact,direct,Thumb brachydactyly,medgemma-4b-it,-1,Expert
HP:0009778,exact,direct,Thumb hypoplasia,medgemma-4b-it,-1,Expert
HP:0009778,exact,layperson,Small thumbs,medgemma-4b-it,-1,Expert
HP:0009778,exact,layperson,Short thumbs,medgemma-4b-it,-1,Expert
HP:0001338,exact,direct,"Corpus callosum agenesis, partial",medgemma-4b-it,-1,Expert
HP:0001338,exact,direct,Partial agenesis of corpus callosum,medgemma-4b-it,-1,Expert
HP:0001338,exact,direct,Partial corpus callosum agenesis,medgemma-4b-it,-1,Expert
HP:0001338,exact,direct,Partial or complete agenesis of corpus callosum,medgemma-4b-it,-1,Expert
HP:0001338,exact,direct,Partial to complete agenesis of corpus callosum,medgemma-4b-it,-1,Expert
HP:0001338,exact,direct,Partial-total agenesis of corpus callosum,medgemma-4b-it,-1,Expert
HP:0001338,related,,Partial or complete agenesis of the corpus callosum,medgemma-4b-it,-1,Expert
HP:0033630,exact,direct,Mental clouding,medgemma-4b-it,-1,Expert
HP:0033630,exact,direct,Mental fatigue,medgemma-4b-it,-1,Expert
HP:0033630,exact,direct,Mental fog,medgemma-4b-it,-1,Expert
HP:0011070,exact,direct,Abnormality of molar morphology,medgemma-4b-it,-1,Expert
HP:0011070,exact,layperson,Abnormal shape of molar tooth,medgemma-4b-it,-1,Expert
HP:0030760,exact,direct,Kidney fibrosis,medgemma-4b-it,-1,Expert
HP:0009238,exact,layperson,Absent pinky finger,medgemma-4b-it,-1,Expert
HP:0009238,exact,layperson,Absent pinkie finger,medgemma-4b-it,-1,Expert
HP:0009238,exact,layperson,Absent little finger,medgemma-4b-it,-1,Expert
HP:0001264,exact,direct,Spastic diparesis,medgemma-4b-it,-1,Expert
HP:0001264,exact,direct,Spastic diplegic,medgemma-4b-it,-1,Expert
HP:0100258,exact,,"Polydactyly, preaxial",medgemma-4b-it,-1,Expert
HP:0010241,exact,direct,Hypoplasia of the proximal phalanges of the hand,medgemma-4b-it,-1,Expert
HP:0010241,exact,direct,Short proximal phalanges,medgemma-4b-it,-1,Expert
HP:0010241,exact,direct,Shortening in proximal phalanges,medgemma-4b-it,-1,Expert
HP:0010241,exact,layperson,Short innermost finger bones,medgemma-4b-it,-1,Expert
HP:0006631,broad,direct,Small outermost segments of shoulder blade,medgemma-4b-it,-1,Expert
HP:0006631,exact,layperson,Underdeveloped outermost segments of shoulder blade,medgemma-4b-it,-1,Expert
HP:0006631,exact,layperson,Small distal segments of the shoulder blade,medgemma-4b-it,-1,Expert
HP:0005406,exact,direct,Recurrent cutaneous pyogenic infections,medgemma-4b-it,-1,Expert
HP:0005406,exact,direct,Recurrent episodes of impetigo,medgemma-4b-it,-1,Expert
HP:0005406,exact,direct,Recurrent episodes of infectious dermatitis,medgemma-4b-it,-1,Expert
HP:0005406,exact,direct,Recurrent pyogenic skin infections,medgemma-4b-it,-1,Expert
HP:0000010,exact,layperson,"Urinary tract infections, recurrent",medgemma-4b-it,-1,Expert
HP:0000010,exact,layperson,Urinary tract infections,medgemma-4b-it,-1,Expert
HP:0000010,exact,layperson,Repeated urinary tract infections,medgemma-4b-it,-1,Expert
HP:0000010,exact,layperson,Repeated bladder infections,medgemma-4b-it,-1,Expert
HP:0000010,exact,abbreviation,Recurrent UTIs,medgemma-4b-it,-1,Expert
HP:0000010,exact,layperson,Frequent urinary tract infections,medgemma-4b-it,-1,Expert
HP:0011910,exact,layperson,Shortening of all finger bones,medgemma-4b-it,-1,Expert
HP:0012407,exact,direct,Scissoring gait,medgemma-4b-it,-1,Expert
HP:0012407,exact,direct,Scissoring of the lower extremities,medgemma-4b-it,-1,Expert
HP:0012407,exact,direct,Scissoring of the lower limbs,medgemma-4b-it,-1,Expert
HP:0012407,exact,layperson,Scissors gait,medgemma-4b-it,-1,Expert
HP:0012407,exact,layperson,Scissor walk,medgemma-4b-it,-1,Expert
HP:0000271,related,,Facial anomaly,medgemma-4b-it,-1,Expert
HP:0000271,related,layperson,Disorder of the face,medgemma-4b-it,-1,Expert
HP:0000271,related,layperson,Disorder of face,medgemma-4b-it,-1,Expert
HP:0000271,related,,Anomaly of the face,medgemma-4b-it,-1,Expert
HP:0000271,related,,Anomaly of face,medgemma-4b-it,-1,Expert
HP:0000271,exact,layperson,Facial abnormality,medgemma-4b-it,-1,Expert
HP:0000271,exact,layperson,Abnormal face,medgemma-4b-it,-1,Expert
HP:0000271,broad,,Abnormality of the visage,medgemma-4b-it,-1,Expert
HP:0000271,broad,,Abnormality of the physiognomy,medgemma-4b-it,-1,Expert
HP:0000271,broad,,Abnormality of the countenance,medgemma-4b-it,-1,Expert
HP:0100952,exact,direct,Enlarged lateral fissure,medgemma-4b-it,-1,Expert
HP:0100952,exact,direct,Enlarged lateral sulcus,medgemma-4b-it,-1,Expert
HP:0100952,exact,direct,Enlarged sylvian fissure,medgemma-4b-it,-1,Expert
HP:0000582,exact,direct,Mongoloid slant,medgemma-4b-it,-1,Expert
HP:0000582,exact,direct,Upslanting palpebral fissures,medgemma-4b-it,-1,Expert
HP:0000582,exact,direct,Upward slanted palpebral fissures,medgemma-4b-it,-1,Expert
HP:0000582,exact,direct,Upward slanting of palpebral fissures,medgemma-4b-it,-1,Expert
HP:0000582,exact,direct,Upward slanting palpebral fissures,medgemma-4b-it,-1,Expert
HP:0000582,related,,Upslanted palpebral fissures,medgemma-4b-it,-1,Expert
HP:0000582,exact,layperson,Upward slanting of the opening between the eyelids,medgemma-4b-it,-1,Expert
HP:0100329,exact,layperson,Fused bones of the midfoot,medgemma-4b-it,-1,Expert
HP:0000324,exact,direct,Asymmetric facies,medgemma-4b-it,-1,Expert
HP:0000324,exact,direct,Asymmetry of right and left side of face,medgemma-4b-it,-1,Expert
HP:0000324,related,layperson,Uneven sides of face,medgemma-4b-it,-1,Expert
HP:0000324,related,layperson,Uneven face,medgemma-4b-it,-1,Expert
HP:0000324,related,layperson,Unequal sides of face,medgemma-4b-it,-1,Expert
HP:0000324,related,layperson,Unbalanced face,medgemma-4b-it,-1,Expert
HP:0000324,exact,layperson,Unsymmetrical face,medgemma-4b-it,-1,Expert
HP:0000324,exact,layperson,Crooked face,medgemma-4b-it,-1,Expert
HP:0000324,exact,layperson,Asymmetry of face,medgemma-4b-it,-1,Expert
HP:0002788,exact,direct,Frequent upper respiratory infections,medgemma-4b-it,-1,Expert
HP:0002788,exact,direct,Frequent upper respiratory tract infections,medgemma-4b-it,-1,Expert
HP:0002788,exact,direct,Recurrent upper respiratory and lower respiratory infections,medgemma-4b-it,-1,Expert
HP:0002788,exact,direct,Recurrent upper respiratory infection,medgemma-4b-it,-1,Expert
HP:0002788,exact,direct,Recurrent upper respiratory infections,medgemma-4b-it,-1,Expert
HP:0002788,exact,direct,Upper respiratory tract infections,medgemma-4b-it,-1,Expert
HP:0002788,exact,,"Upper respiratory tract infections, recurrent",medgemma-4b-it,-1,Expert
HP:0002788,exact,layperson,Recurrent colds,medgemma-4b-it,-1,Expert
HP:0002788,exact,abbreviation,Recurrent URI,medgemma-4b-it,-1,Expert
HP:0032795,exact,direct,Generalised myoclonic-tonic-clonic seizure,medgemma-4b-it,-1,Expert
HP:0032795,exact,direct,Generalised-onset myoclonic-tonic-clonic seizure,medgemma-4b-it,-1,Expert
HP:0032795,exact,direct,Generalized-onset myoclonic-tonic-clonic seizure,medgemma-4b-it,-1,Expert
HP:0032795,exact,direct,generalized onset myoclonic-tonic-clonic seizure,medgemma-4b-it,-1,Expert
HP:0032795,exact,uk,generalised onset myoclonic-tonic-clonic seizure,medgemma-4b-it,-1,Expert
HP:0003700,exact,direct,Diffuse amyotrophy,medgemma-4b-it,-1,Expert
HP:0003700,exact,direct,Diffuse muscle atrophy,medgemma-4b-it,-1,Expert
HP:0003700,exact,direct,Diffuse muscle wasting,medgemma-4b-it,-1,Expert
HP:0003700,exact,direct,Generalized muscle atrophy,medgemma-4b-it,-1,Expert
HP:0003700,exact,direct,"Muscle atrophy, diffuse",medgemma-4b-it,-1,Expert
HP:0003700,exact,direct,"Muscular atrophy, generalized",medgemma-4b-it,-1,Expert
HP:0003700,exact,uk,"Muscular atrophy, generalised",medgemma-4b-it,-1,Expert
HP:0003700,exact,layperson,"Muscle atrophy, generalized",medgemma-4b-it,-1,Expert
HP:0003700,exact,uk,"Muscle atrophy, generalised",medgemma-4b-it,-1,Expert
HP:0003700,exact,layperson,Generalized muscle degeneration,medgemma-4b-it,-1,Expert
HP:0003700,exact,uk,Generalised muscle degeneration,medgemma-4b-it,-1,Expert
HP:0003700,exact,uk,Generalised muscle atrophy,medgemma-4b-it,-1,Expert
HP:0003700,exact,uk,Generalised amyotrophy,medgemma-4b-it,-1,Expert
HP:0003700,exact,layperson,Diffuse skeletal muscle wasting,medgemma-4b-it,-1,Expert
HP:0500011,exact,direct,Puffy facies,medgemma-4b-it,-1,Expert
HP:0500011,exact,layperson,Puffy face,medgemma-4b-it,-1,Lay-person
HP:0500011,exact,layperson,Moon face,medgemma-4b-it,-1,Expert
HP:0010744,exact,direct,Aplasia of the metatarsal bones,medgemma-4b-it,-1,Expert
HP:0010744,exact,layperson,Absent long bone of foot,medgemma-4b-it,-1,Expert
HP:0011001,exact,direct,Osteosclerosis,medgemma-4b-it,-1,Expert
HP:0011001,exact,direct,Osteosclerosis of bones,medgemma-4b-it,-1,Expert
HP:0011001,exact,layperson,Increased bone density,medgemma-4b-it,-1,Expert
HP:0003202,exact,direct,Amyotrophy,medgemma-4b-it,-1,Expert
HP:0003202,exact,direct,Amyotrophy involving the extremities,medgemma-4b-it,-1,Expert
HP:0003202,exact,direct,Muscle atrophy,medgemma-4b-it,-1,Expert
HP:0003202,exact,direct,"Muscle atrophy, neurogenic",medgemma-4b-it,-1,Expert
HP:0003202,exact,direct,Muscle hypotrophy,medgemma-4b-it,-1,Expert
HP:0003202,exact,direct,Muscular atrophy,medgemma-4b-it,-1,Expert
HP:0003202,exact,direct,Neurogenic muscle atrophy,medgemma-4b-it,-1,Expert
HP:0003202,exact,direct,"Neurogenic muscle atrophy, especially in the lower limbs",medgemma-4b-it,-1,Expert
HP:0003202,exact,direct,Neurogenic muscular atrophy,medgemma-4b-it,-1,Expert
HP:0003202,exact,layperson,Muscle wasting,medgemma-4b-it,-1,Expert
HP:0003202,exact,layperson,Muscle degeneration,medgemma-4b-it,-1,Expert
HP:0000320,exact,layperson,Bird-like facial appearance,medgemma-4b-it,-1,Expert
HP:0032679,exact,direct,Focal seizure without motor onset,medgemma-4b-it,-1,Expert
HP:0032679,exact,direct,Partial seizure without motor onset,medgemma-4b-it,-1,Expert
HP:0002659,exact,layperson,Increased tendency to fractures,medgemma-4b-it,-1,Expert
HP:0002659,exact,layperson,Increased bone fragility,medgemma-4b-it,-1,Expert
HP:0002659,exact,layperson,Frequent broken bones,medgemma-4b-it,-1,Expert
HP:0002659,exact,layperson,Bone fragility,medgemma-4b-it,-1,Expert
HP:0002659,exact,layperson,Abnormal susceptibility to fractures,medgemma-4b-it,-1,Expert
HP:0000969,broad,direct,Soft tissue swelling,medgemma-4b-it,-1,Expert
HP:0000969,exact,direct,Hydrops,medgemma-4b-it,-1,Expert
HP:0000969,exact,direct,Oedema,medgemma-4b-it,-1,Expert
HP:0000969,exact,layperson,Water retention,medgemma-4b-it,-1,Expert
HP:0000969,exact,layperson,Fluid retention,medgemma-4b-it,-1,Expert
HP:0000969,exact,,Dropsy,medgemma-4b-it,-1,Expert
HP:6001056,exact,direct,Duck feet,medgemma-4b-it,-1,Expert
HP:6001056,exact,direct,External rotated feet,medgemma-4b-it,-1,Expert
HP:6001056,exact,direct,Toeing out,medgemma-4b-it,-1,Expert
HP:0011451,exact,direct,Congenital microcephaly,medgemma-4b-it,-1,Expert
HP:0011451,related,,Head circumference small for gestational age,medgemma-4b-it,-1,Expert
HP:0011451,exact,,Small cranium present at birth,medgemma-4b-it,-1,Expert
HP:0011451,exact,,Microcephaly present at birth,medgemma-4b-it,-1,Expert
HP:0011451,exact,,Decreased head circumference present at birth,medgemma-4b-it,-1,Expert
HP:0011451,exact,,Congenital small skull,medgemma-4b-it,-1,Expert
HP:0011451,exact,,Congenital decreased head circumference,medgemma-4b-it,-1,Expert
HP:0011451,broad,,Small skull present at birth,medgemma-4b-it,-1,Expert
HP:0011451,broad,layperson,Small head present at birth,medgemma-4b-it,-1,Expert
HP:0011451,broad,,Small head circumference present at birth,medgemma-4b-it,-1,Expert
HP:0011451,broad,,Congenital small head circumference,medgemma-4b-it,-1,Expert
HP:0011451,broad,,Congenital small head,medgemma-4b-it,-1,Expert
HP:0000745,exact,direct,Diminished energy,medgemma-4b-it,-1,Expert
HP:0000745,exact,direct,Diminished volitional state,medgemma-4b-it,-1,Expert
HP:0000745,exact,layperson,Lacks initiative,medgemma-4b-it,-1,Expert
HP:0000745,exact,layperson,Lacking in initiative,medgemma-4b-it,-1,Expert
HP:0000745,exact,layperson,Lack of motivation,medgemma-4b-it,-1,Expert
HP:0000745,exact,layperson,Lack of initiative,medgemma-4b-it,-1,Expert
HP:0000745,exact,layperson,Diminished motivation,medgemma-4b-it,-1,Expert
HP:0031843,exact,direct,Bradyphrenia,medgemma-4b-it,-1,Expert
HP:0031843,exact,direct,Slow thought processes,medgemma-4b-it,-1,Expert
HP:0031843,exact,direct,Slowed thoughts,medgemma-4b-it,-1,Expert
HP:0031843,exact,layperson,Slowness of thought,medgemma-4b-it,-1,Expert
HP:0031843,exact,layperson,Slowed thinking,medgemma-4b-it,-1,Expert
HP:0031843,exact,layperson,Mental slowness,medgemma-4b-it,-1,Expert
HP:0031843,exact,plural,Abnormally slow thought processes,medgemma-4b-it,-1,Expert
HP:0000953,exact,direct,Cutaneous hyperpigmentation,medgemma-4b-it,-1,Expert
HP:0000953,exact,direct,Increased skin pigmentation,medgemma-4b-it,-1,Expert
HP:0000953,exact,direct,Skin hyperpigmentation,medgemma-4b-it,-1,Expert
HP:0000953,related,direct,Melanoderma,medgemma-4b-it,-1,Expert
HP:0000953,related,direct,Melanodermia,medgemma-4b-it,-1,Expert
HP:0000953,exact,layperson,Patchy darkened skin,medgemma-4b-it,-1,Expert
HP:0000953,exact,,Hyperpigmented lesion,medgemma-4b-it,-1,Expert
HP:0032132,exact,direct,Decreased circulating total IgG,medgemma-4b-it,-1,Expert
HP:0200148,related,,"Abnormal liver function tests during pregnancy, resolves postpartum",medgemma-4b-it,-1,Expert
HP:0002684,exact,direct,Calvarial thickening,medgemma-4b-it,-1,Expert
HP:0002684,exact,direct,Calvarium thickened,medgemma-4b-it,-1,Expert
HP:0002684,exact,direct,Increased calvarial thickness,medgemma-4b-it,-1,Expert
HP:0002684,exact,direct,Thick calvaria,medgemma-4b-it,-1,Expert
HP:0002684,exact,direct,Thick calvarium,medgemma-4b-it,-1,Expert
HP:0002684,exact,direct,Thickened calvarium,medgemma-4b-it,-1,Expert
HP:0002684,exact,direct,Thickened cranial vault,medgemma-4b-it,-1,Expert
HP:0002684,exact,direct,Thickened cranium,medgemma-4b-it,-1,Expert
HP:0002684,exact,direct,Thickening of the calvaria,medgemma-4b-it,-1,Expert
HP:0002684,exact,layperson,Thickened skull cap,medgemma-4b-it,-1,Expert
HP:0002684,exact,layperson,Increased thickness of skull cap,medgemma-4b-it,-1,Expert
HP:0002684,exact,,Increased thickness of cranial vault,medgemma-4b-it,-1,Expert
HP:0002684,exact,,Increased thickness of calvarium,medgemma-4b-it,-1,Expert
HP:0002684,exact,,Increased thickness of calvaria,medgemma-4b-it,-1,Expert
HP:0002684,broad,,Increased thickness of cranium,medgemma-4b-it,-1,Expert
HP:0000591,exact,direct,Abnormality of the sclera,medgemma-4b-it,-1,Expert
HP:0000591,broad,layperson,Abnormality of the outer white part of eyeball,medgemma-4b-it,-1,Expert
HP:0030527,exact,direct,Very severe peripheral visual field loss,medgemma-4b-it,-1,Expert
HP:0002703,related,,Abnormality of bone mineralization of skull,medgemma-4b-it,-1,Expert
HP:0002703,related,,Abnormality of bone mineralization of cranium,medgemma-4b-it,-1,Expert
HP:0002703,related,,Abnormality of bone mineralization of calvarium,medgemma-4b-it,-1,Expert
HP:0002703,related,layperson,Abnormality of bone formation of cranium,medgemma-4b-it,-1,Expert
HP:0002703,related,,Abnormality of bone formation of calvarium,medgemma-4b-it,-1,Expert
HP:0002703,related,,Abnormality of bone calcification of skull,medgemma-4b-it,-1,Expert
HP:0002703,related,,Abnormality of bone calcification of cranium,medgemma-4b-it,-1,Expert
HP:0002703,related,,Abnormality of bone calcification of calvarium,medgemma-4b-it,-1,Expert
HP:0002703,narrow,,Abnormality of ossification of cranium,medgemma-4b-it,-1,Expert
HP:0002703,narrow,,Abnormality of ossification of calvarium,medgemma-4b-it,-1,Expert
HP:0002703,broad,layperson,Abnormality of skull bone formation,medgemma-4b-it,-1,Expert
HP:0006852,exact,uk,Episodic generalised hypotonia,medgemma-4b-it,-1,Expert
HP:0006337,exact,direct,Precocious eruption of secondary dentition,medgemma-4b-it,-1,Expert
HP:0006337,exact,direct,Precocious eruption of secondary teeth,medgemma-4b-it,-1,Expert
HP:0006337,exact,layperson,Premature eruption of adult teeth,medgemma-4b-it,-1,Expert
HP:0006337,exact,layperson,Early eruption of permanent teeth,medgemma-4b-it,-1,Expert
HP:0006337,exact,layperson,Early eruption of adult teeth,medgemma-4b-it,-1,Expert
HP:0011041,exact,layperson,Absent/underdeveloped cervical spine,medgemma-4b-it,-1,Expert
HP:0011041,exact,layperson,Absent/small cervical spine,medgemma-4b-it,-1,Expert
HP:0003468,exact,direct,Abnormal vertebrae,medgemma-4b-it,-1,Expert
HP:0003468,exact,direct,Abnormality of the vertebrae,medgemma-4b-it,-1,Expert
HP:0003468,exact,direct,Vertebral anomalies,medgemma-4b-it,-1,Expert
HP:0003468,related,,Multiple vertebral anomalies,medgemma-4b-it,-1,Expert
HP:0008364,exact,layperson,Abnormal heel bone,medgemma-4b-it,-1,Expert
HP:0003762,exact,direct,Didelphic uteri,medgemma-4b-it,-1,Expert
HP:0003762,exact,direct,Didelphic uterus,medgemma-4b-it,-1,Expert
HP:0003762,exact,direct,Didelphyc uterus,medgemma-4b-it,-1,Expert
HP:0003762,exact,direct,Doubling of uterus,medgemma-4b-it,-1,Expert
HP:0003762,exact,direct,Duplex uterus,medgemma-4b-it,-1,Expert
HP:0003762,exact,direct,Duplicated uterus,medgemma-4b-it,-1,Expert
HP:0003762,exact,direct,Duplication of uterus,medgemma-4b-it,-1,Expert
HP:0003762,exact,direct,Uterine didelphis,medgemma-4b-it,-1,Expert
HP:0003762,exact,direct,Uterine didelphys,medgemma-4b-it,-1,Expert
HP:0003762,exact,direct,Uterus didelphis,medgemma-4b-it,-1,Expert
HP:0003762,exact,direct,Uterus didelphus,medgemma-4b-it,-1,Expert
HP:0003762,exact,direct,Uterus duplex,medgemma-4b-it,-1,Expert
HP:0003762,related,layperson,Double uterus,medgemma-4b-it,-1,Expert
HP:0001367,related,layperson,Joint disease,medgemma-4b-it,-1,Expert
HP:0001367,exact,layperson,Anomaly of the joints,medgemma-4b-it,-1,Expert
HP:0001367,exact,layperson,Abnormality of the joints,medgemma-4b-it,-1,Expert
HP:0001367,exact,layperson,Abnormal shape of joints,medgemma-4b-it,-1,Expert
HP:0006460,exact,direct,Increased laxity of ankles,medgemma-4b-it,-1,Expert
HP:5200300,exact,direct,Nocturnal myoclonus syndrome,medgemma-4b-it,-1,Expert
HP:5200300,exact,direct,Periodic limb movement disorder,medgemma-4b-it,-1,Expert
HP:0000347,exact,direct,Decreased size of lower jaw,medgemma-4b-it,-1,Expert
HP:0000347,exact,direct,Decreased size of mandible,medgemma-4b-it,-1,Expert
HP:0000347,exact,direct,Hypoplasia of mandible,medgemma-4b-it,-1,Expert
HP:0000347,exact,direct,Hypoplastic mandible,medgemma-4b-it,-1,Expert
HP:0000347,exact,direct,Hypoplastic mandible condyle,medgemma-4b-it,-1,Expert
HP:0000347,exact,direct,Little mandible,medgemma-4b-it,-1,Expert
HP:0000347,exact,direct,Lower jaw deficiency,medgemma-4b-it,-1,Expert
HP:0000347,exact,direct,Mandibular deficiency,medgemma-4b-it,-1,Expert
HP:0000347,exact,direct,Mandibular hypoplasia,medgemma-4b-it,-1,Expert
HP:0000347,exact,direct,Mandibular micrognathia,medgemma-4b-it,-1,Expert
HP:0000347,exact,direct,Micrognathia of lower jaw,medgemma-4b-it,-1,Expert
HP:0000347,exact,direct,Micromandible,medgemma-4b-it,-1,Expert
HP:0000347,exact,direct,Robin mandible,medgemma-4b-it,-1,Expert
HP:0000347,exact,direct,Severe hypoplasia of mandible,medgemma-4b-it,-1,Expert
HP:0000347,exact,direct,Small mandible,medgemma-4b-it,-1,Expert
HP:0000347,exact,direct,Underdevelopment of lower jaw,medgemma-4b-it,-1,Expert
HP:0000347,exact,direct,Underdevelopment of mandible,medgemma-4b-it,-1,Expert
HP:0000347,narrow,,Decreased projection of mandible,medgemma-4b-it,-1,Expert
HP:0000347,narrow,,Decreased projection of lower jaw,medgemma-4b-it,-1,Expert
HP:0000347,exact,layperson,Small lower jaw,medgemma-4b-it,-1,Expert
HP:0000347,exact,layperson,Small jaw,medgemma-4b-it,-1,Expert
HP:0000347,exact,,Lower jaw hypoplasia,medgemma-4b-it,-1,Expert
HP:0000347,exact,layperson,Little lower jaw,medgemma-4b-it,-1,Expert
HP:0000347,exact,,Hypotrophic mandible,medgemma-4b-it,-1,Expert
HP:0000347,exact,,Hypotrophic lower jaw,medgemma-4b-it,-1,Expert
HP:0000347,exact,,Hypoplasia of lower jaw,medgemma-4b-it,-1,Expert
HP:0000347,broad,,Deficiency of lower jaw,medgemma-4b-it,-1,Expert
HP:0000463,exact,direct,Anteverted nose,medgemma-4b-it,-1,Expert
HP:0000463,exact,direct,Anteverted nostrils,medgemma-4b-it,-1,Expert
HP:0000463,exact,direct,Nostrils anteverted,medgemma-4b-it,-1,Expert
HP:0000463,related,,Upturned nasal tips,medgemma-4b-it,-1,Expert
HP:0000463,exact,layperson,Upturned nostrils,medgemma-4b-it,-1,Expert
HP:0000463,exact,layperson,Upturned nose,medgemma-4b-it,-1,Expert
HP:0000463,exact,layperson,Upturned nasal tip,medgemma-4b-it,-1,Expert
HP:0000463,exact,,Upturned nares,medgemma-4b-it,-1,Expert
HP:0000463,exact,layperson,"Nasal tip, upturned",medgemma-4b-it,-1,Expert
HP:0003307,exact,direct,Lordosis,medgemma-4b-it,-1,Expert
HP:0003307,exact,layperson,Prominent swayback,medgemma-4b-it,-1,Expert
HP:0002696,exact,direct,Abnormality of the parietal bone,medgemma-4b-it,-1,Expert
HP:0002696,exact,,Abnormality of the parietal bone of skull,medgemma-4b-it,-1,Expert
HP:0006532,exact,direct,Multiple pulmonary infections,medgemma-4b-it,-1,Expert
HP:0006532,exact,direct,"Pneumonia, recurrent episodes",medgemma-4b-it,-1,Expert
HP:0006532,exact,direct,Pulmonary infection,medgemma-4b-it,-1,Expert
HP:0006532,exact,direct,Pulmonary infections,medgemma-4b-it,-1,Expert
HP:0006532,exact,direct,Recurrent pulmonary infections,medgemma-4b-it,-1,Expert
HP:0006532,exact,,"pulmonary infections, recurrent",medgemma-4b-it,-1,Expert
HP:0006532,exact,,"Pneumonia, recurrent",medgemma-4b-it,-1,Expert
HP:0002676,exact,direct,Kleeblattschaedel,medgemma-4b-it,-1,Expert
HP:0002676,broad,,Trilobar skull shape,medgemma-4b-it,-1,Expert
HP:0002676,broad,,Trilobar cranium shape,medgemma-4b-it,-1,Expert
HP:0002676,broad,layperson,Cloverleaf skull shape,medgemma-4b-it,-1,Expert
HP:0002676,broad,layperson,Cloverleaf cranium shape,medgemma-4b-it,-1,Expert
HP:0000716,exact,direct,Depressive episode,medgemma-4b-it,-1,Expert
HP:0000716,exact,direct,Depressivity,medgemma-4b-it,-1,Expert
HP:0000716,related,direct,Depressive disorder,medgemma-4b-it,-1,Expert
HP:0009777,exact,direct,Aplasia of the thumb,medgemma-4b-it,-1,Expert
HP:0009777,exact,direct,Thumb aplasia,medgemma-4b-it,-1,Expert
HP:0009777,exact,layperson,Absent thumbs,medgemma-4b-it,-1,Expert
HP:0011358,exact,uk,Generalised hypopigmentation of hair,medgemma-4b-it,-1,Expert
HP:0011167,exact,direct,Localised tonic seizure,medgemma-4b-it,-1,Expert
HP:0011167,exact,direct,Localized tonic seizure,medgemma-4b-it,-1,Expert
HP:0011167,exact,direct,Partial tonic seizure,medgemma-4b-it,-1,Expert
HP:0011167,exact,direct,Segmental tonic seizure,medgemma-4b-it,-1,Expert
HP:0011167,exact,plural,Partial tonic seizures,medgemma-4b-it,-1,Expert
HP:0011167,exact,plural,Local tonic seizures,medgemma-4b-it,-1,Expert
HP:0011167,exact,plural,Focal tonic seizures,medgemma-4b-it,-1,Expert
HP:0006470,exact,direct,Thin diaphyses of long bones,medgemma-4b-it,-1,Expert
HP:0006470,exact,layperson,Thin shaft of long bone,medgemma-4b-it,-1,Expert
HP:0009804,exact,direct,Dental agenesis,medgemma-4b-it,-1,Expert
HP:0009804,related,layperson,Missing some teeth,medgemma-4b-it,-1,Expert
HP:0009804,related,layperson,Fewer teeth than normal,medgemma-4b-it,-1,Expert
HP:0009804,related,layperson,Decreased number of teeth,medgemma-4b-it,-1,Expert
HP:0009804,exact,plural,"Teeth, agenesis",medgemma-4b-it,-1,Expert
HP:0009804,exact,layperson,Reduced number of teeth,medgemma-4b-it,-1,Expert
HP:0009804,exact,,Failure of development of some teeth,medgemma-4b-it,-1,Expert
HP:0009804,exact,layperson,Decreased tooth count,medgemma-4b-it,-1,Expert
HP:0009641,exact,layperson,Absent/underdeveloped outermost thumb bone,medgemma-4b-it,-1,Expert
HP:0009641,exact,layperson,Absent/small outermost thumb bone,medgemma-4b-it,-1,Expert
HP:0000252,narrow,,small calvarium,medgemma-4b-it,-1,Expert
HP:0000252,exact,,small cranium,medgemma-4b-it,-1,Expert
HP:0000252,exact,layperson,Small head circumference,medgemma-4b-it,-1,Expert
HP:0000252,exact,layperson,Reduced head circumference,medgemma-4b-it,-1,Expert
HP:0000252,exact,layperson,Decreased size of skull,medgemma-4b-it,-1,Expert
HP:0000252,exact,,Decreased size of cranium,medgemma-4b-it,-1,Expert
HP:0000252,exact,layperson,Decreased circumference of cranium,medgemma-4b-it,-1,Expert
HP:0000252,exact,layperson,Abnormally small skull,medgemma-4b-it,-1,Expert
HP:0000252,exact,,Abnormally small cranium,medgemma-4b-it,-1,Expert
HP:0000252,broad,layperson,Small skull,medgemma-4b-it,-1,Expert
HP:0000252,broad,layperson,Small head,medgemma-4b-it,-1,Expert
HP:0000252,broad,layperson,Decreased size of head,medgemma-4b-it,-1,Expert
HP:0000252,broad,layperson,Abnormally small head,medgemma-4b-it,-1,Expert
HP:0100008,exact,direct,Neurilemmoma,medgemma-4b-it,-1,Expert
HP:0100008,exact,direct,Neurinoma,medgemma-4b-it,-1,Expert
HP:0100008,exact,direct,Neurolemmoma,medgemma-4b-it,-1,Expert
HP:0100008,exact,direct,Schwann cell tumor,medgemma-4b-it,-1,Expert
HP:0100008,related,,Schwannomas,medgemma-4b-it,-1,Expert
HP:0100008,exact,uk,Schwann cell tumour,medgemma-4b-it,-1,Expert
HP:0002756,related,,Spontaneous fractures,medgemma-4b-it,-1,Expert
HP:0002756,related,,Pathologic fractures,medgemma-4b-it,-1,Expert
HP:0002756,exact,layperson,Spontaneous fracture,medgemma-4b-it,-1,Expert
HP:0009887,exact,uk,Abnormality of hair colour,medgemma-4b-it,-1,Expert
HP:0009887,exact,layperson,Abnormality of hair color,medgemma-4b-it,-1,Expert
HP:0003139,exact,direct,Panypogammaglobulinemia,medgemma-4b-it,-1,Expert
HP:0003139,exact,uk,Panhypogammaglobulinaemia,medgemma-4b-it,-1,Expert
HP:0200007,related,layperson,Abnormal size of the eyes,medgemma-4b-it,-1,Expert
HP:0200007,exact,layperson,Abnormal size of the opening between the eyelids,medgemma-4b-it,-1,Expert
HP:0030234,exact,abbreviation,Highly elevated serum phosph-CK,medgemma-4b-it,-1,Expert
HP:0030234,exact,abbreviation,Highly elevated serum CPK,medgemma-4b-it,-1,Expert
HP:0030234,exact,abbreviation,Highly elevated serum CK,medgemma-4b-it,-1,Expert
HP:0030234,exact,,Highly elevated creatine phosphokinase,medgemma-4b-it,-1,Expert
HP:0030234,exact,abbreviation,Highly elevated CPK,medgemma-4b-it,-1,Expert
HP:0004482,exact,direct,Disproportionately large head,medgemma-4b-it,-1,Expert
HP:0004482,exact,direct,"Macrocephaly, relative",medgemma-4b-it,-1,Expert
HP:0004482,exact,layperson,Relatively large head,medgemma-4b-it,-1,Expert
HP:0006501,exact,direct,Absence or underdevelopment of the radius bone of the arm,medgemma-4b-it,-1,Expert
HP:0006501,exact,direct,Radial aplasia/hypoplasia,medgemma-4b-it,-1,Expert
HP:0006501,exact,,Absent/underdeveloped radius,medgemma-4b-it,-1,Expert
HP:0006501,exact,,Absent/small radius,medgemma-4b-it,-1,Expert
HP:0011080,exact,direct,Abnormality of premolar morphology,medgemma-4b-it,-1,Expert
HP:0011080,exact,layperson,Abnormality of shape of premolar,medgemma-4b-it,-1,Expert
HP:0011080,exact,,Abnormality of shape of bicuspid,medgemma-4b-it,-1,Expert
HP:0011080,exact,,Abnormality of bicuspid morphology,medgemma-4b-it,-1,Expert
HP:0005120,exact,direct,Abnormality of cardiac atrium morphology,medgemma-4b-it,-1,Expert
HP:0005120,exact,layperson,Abnormality of heart atrium,medgemma-4b-it,-1,Expert
HP:0011329,exact,direct,Abnormality of the bregma sutures,medgemma-4b-it,-1,Expert
HP:0011329,exact,direct,Abnormality of the calvarium sutures,medgemma-4b-it,-1,Expert
HP:0011329,exact,direct,Abnormality of the cranial sutures,medgemma-4b-it,-1,Expert
HP:0011329,exact,direct,Abnormality of the skull suture,medgemma-4b-it,-1,Expert
HP:0400001,exact,direct,"Chin, vertical crease",medgemma-4b-it,-1,Expert
HP:0400001,exact,,Vertical menton crease,medgemma-4b-it,-1,Expert
HP:0400001,exact,,Vertical chin skin cleft,medgemma-4b-it,-1,Expert
HP:0400001,exact,layperson,Cleft chin,medgemma-4b-it,-1,Expert
HP:0400001,exact,,Chin with vertical sulcus,medgemma-4b-it,-1,Expert
HP:0400001,exact,,Chin with vertical groove,medgemma-4b-it,-1,Expert
HP:0400001,exact,,Chin with vertical furrow,medgemma-4b-it,-1,Expert
HP:0100804,exact,direct,Koenen tumor,medgemma-4b-it,-1,Expert
HP:0100804,exact,direct,Koenen's tumor,medgemma-4b-it,-1,Expert
HP:0100804,exact,direct,Parungual fibromas,medgemma-4b-it,-1,Expert
HP:0100804,exact,direct,Periungual fibroma,medgemma-4b-it,-1,Expert
HP:0100804,exact,uk,Koenen's tumour,medgemma-4b-it,-1,Expert
HP:0100804,exact,uk,Koenen tumour,medgemma-4b-it,-1,Expert
HP:0002910,exact,direct,Abnormal liver enzymes,medgemma-4b-it,-1,Expert
HP:0002910,exact,direct,Abnormal liver function,medgemma-4b-it,-1,Expert
HP:0002910,exact,direct,Abnormal liver function tests,medgemma-4b-it,-1,Expert
HP:0002910,exact,direct,Elevated circulating hepatic transaminase activity,medgemma-4b-it,-1,Expert
HP:0002910,exact,direct,Elevated liver enzymes,medgemma-4b-it,-1,Expert
HP:0002910,exact,direct,Elevated serum transaminases,medgemma-4b-it,-1,Expert
HP:0002910,exact,direct,Elevated transaminases,medgemma-4b-it,-1,Expert
HP:0002910,exact,direct,Increased liver enzymes,medgemma-4b-it,-1,Expert
HP:0002910,exact,direct,Increased liver function tests,medgemma-4b-it,-1,Expert
HP:0002910,exact,direct,Increased transaminases,medgemma-4b-it,-1,Expert
HP:0002910,exact,direct,Raised liver enzymes,medgemma-4b-it,-1,Expert
HP:0002910,exact,direct,Subclinical abnormal liver function tests,medgemma-4b-it,-1,Expert
HP:0002910,related,direct,Elevated liver function tests,medgemma-4b-it,-1,Expert
HP:0002910,exact,layperson,High liver enzymes,medgemma-4b-it,-1,Expert
HP:0031287,exact,direct,Basal cell papilloma,medgemma-4b-it,-1,Expert
HP:0031287,exact,direct,Seborrheic verruca,medgemma-4b-it,-1,Expert
HP:0031287,exact,layperson,Senile wart,medgemma-4b-it,-1,Expert
HP:0008127,exact,direct,Delayed coalescence of bipartite calcanei,medgemma-4b-it,-1,Expert
HP:0008127,exact,direct,Delayed coalescence of calcaneal ossification centers,medgemma-4b-it,-1,Expert
HP:0008127,exact,direct,Delayed fusion of bipartite calcanei,medgemma-4b-it,-1,Expert
HP:0008127,exact,direct,Double calcaneal ossification center,medgemma-4b-it,-1,Expert
HP:0008127,exact,direct,Extra calcaneal ossification center,medgemma-4b-it,-1,Expert
HP:0008127,exact,uk,Extra calcaneal ossification centre,medgemma-4b-it,-1,Expert
HP:0008127,exact,uk,Double calcaneal ossification centre,medgemma-4b-it,-1,Expert
HP:0008127,exact,uk,Delayed coalescence of calcaneal ossification centres,medgemma-4b-it,-1,Expert
HP:0011805,exact,direct,Abnormal muscle morphology,medgemma-4b-it,-1,Expert
HP:0011805,exact,direct,Abnormality of muscle morphology,medgemma-4b-it,-1,Expert
HP:0011805,exact,layperson,Issue with muscle structure,medgemma-4b-it,-1,Expert
HP:0011805,exact,layperson,Abnormally shaped muscle,medgemma-4b-it,-1,Expert
HP:0007994,related,layperson,Tunnel vision,medgemma-4b-it,-1,Expert
HP:0007994,exact,layperson,Loss of peripheral vision,medgemma-4b-it,-1,Expert
HP:0007994,exact,,Kalnienk vision,medgemma-4b-it,-1,Expert
HP:0000592,exact,direct,Blue sclera,medgemma-4b-it,-1,Expert
HP:0000592,exact,direct,Bluish sclerae,medgemma-4b-it,-1,Expert
HP:0000592,exact,direct,Gray sclerae,medgemma-4b-it,-1,Expert
HP:0000592,exact,uk,Whites of eyes are a bluish-gray colour,medgemma-4b-it,-1,Expert
HP:0000592,exact,layperson,Whites of eyes are a bluish-gray color,medgemma-4b-it,-1,Expert
HP:0000592,exact,uk,Grey sclerae,medgemma-4b-it,-1,Expert
HP:0000592,broad,layperson,Blue outer white part of eyeball,medgemma-4b-it,-1,Expert
HP:0001840,exact,direct,Forefoot varus,medgemma-4b-it,-1,Expert
HP:0001840,exact,direct,Metatarsus adductovarsus,medgemma-4b-it,-1,Expert
HP:0001840,exact,direct,Metatarsus varus,medgemma-4b-it,-1,Expert
HP:0001840,exact,direct,Sickle foot,medgemma-4b-it,-1,Expert
HP:0001840,exact,direct,Sickled feet,medgemma-4b-it,-1,Expert
HP:0001840,related,direct,Intoe,medgemma-4b-it,-1,Expert
HP:0001840,exact,layperson,Front half of foot turns inward,medgemma-4b-it,-1,Expert
HP:0004422,related,layperson,Decreased width of the skull,medgemma-4b-it,-1,Expert
HP:0011326,related,,Unicoronal craniosynostosis,medgemma-4b-it,-1,Expert
HP:0011326,related,,Coronal synostosis,medgemma-4b-it,-1,Expert
HP:0011326,narrow,,Positional frontal plagiocephaly,medgemma-4b-it,-1,Expert
HP:0011326,narrow,,Positional anterior plagiocephaly,medgemma-4b-it,-1,Expert
HP:0011326,narrow,,Deformational anterior plagiocephaly,medgemma-4b-it,-1,Expert
HP:0011326,exact,,Frontal plagiocephaly,medgemma-4b-it,-1,Expert
HP:0011326,exact,,Deformational frontal plagiocephaly,medgemma-4b-it,-1,Expert
HP:0011326,exact,layperson,Anterior flat head syndrome,medgemma-4b-it,-1,Expert
HP:0410218,exact,direct,Disorder of maxillary and mandibular dental arch relationship,medgemma-4b-it,-1,Expert
HP:0002720,exact,direct,Decreased IgA,medgemma-4b-it,-1,Expert
HP:0002720,exact,direct,Decreased circulating IgA level,medgemma-4b-it,-1,Expert
HP:0002720,exact,direct,Decreased immunoglobulin A,medgemma-4b-it,-1,Expert
HP:0002720,exact,direct,Gamma-A globulin deficiency,medgemma-4b-it,-1,Expert
HP:0002720,exact,direct,IgA deficiency,medgemma-4b-it,-1,Expert
HP:0002720,exact,direct,Low levels of immunoglobulin A,medgemma-4b-it,-1,Expert
HP:0002720,exact,direct,Reduced IgA levels,medgemma-4b-it,-1,Expert
HP:0010674,exact,direct,Abnormal curving of the spine,medgemma-4b-it,-1,Expert
HP:0010674,exact,direct,Abnormality of the curvature of the vertebral column,medgemma-4b-it,-1,Expert
HP:0010674,exact,direct,Curvature of spine,medgemma-4b-it,-1,Expert
HP:0010674,exact,direct,Curved spine,medgemma-4b-it,-1,Expert
HP:0010674,exact,layperson,Abnormal curve of the spine,medgemma-4b-it,-1,Expert
HP:0010674,exact,layperson,Abnormal curve of the backbone,medgemma-4b-it,-1,Expert
HP:0011174,exact,direct,Localised hyperkinetic seizure,medgemma-4b-it,-1,Expert
HP:0011174,exact,direct,Localized hyperkinetic seizure,medgemma-4b-it,-1,Expert
HP:0011174,exact,direct,Partial hyperkinetic seizure,medgemma-4b-it,-1,Expert
HP:0011174,exact,direct,Segmental hyperkinetic seizure,medgemma-4b-it,-1,Expert
HP:0011174,exact,plural,Hyperkinetic seizures,medgemma-4b-it,-1,Expert
HP:0009058,exact,direct,Muscle lipidosis,medgemma-4b-it,-1,Expert
HP:0009058,exact,layperson,Skeletal muscle lipid accumulation,medgemma-4b-it,-1,Expert
HP:0009058,exact,layperson,Lipid accumulation in skeletal muscle,medgemma-4b-it,-1,Expert
HP:0009058,exact,uk,Fat deposits in muscle fibres,medgemma-4b-it,-1,Expert
HP:0009058,exact,layperson,Fat deposits in muscle fibers,medgemma-4b-it,-1,Expert
HP:0009058,exact,uk,Fat accumulation in muscle fibres,medgemma-4b-it,-1,Expert
HP:0009058,exact,layperson,Fat accumulation in muscle fibers,medgemma-4b-it,-1,Expert
HP:0002682,exact,layperson,Wide skull,medgemma-4b-it,-1,Expert
HP:0002682,exact,,Wide cranium,medgemma-4b-it,-1,Expert
HP:0002682,exact,layperson,Increased width of skull,medgemma-4b-it,-1,Expert
HP:0002682,exact,,Increased width of cranium,medgemma-4b-it,-1,Expert
HP:0002682,exact,,Broad cranium,medgemma-4b-it,-1,Expert
HP:0009942,exact,direct,Complete/partial duplication of phalanges of the thumb,medgemma-4b-it,-1,Expert
HP:0009942,exact,direct,Duplication of phalanx of thumb,medgemma-4b-it,-1,Expert
HP:0009942,related,direct,Duplicated thumb,medgemma-4b-it,-1,Expert
HP:0009942,exact,,Duplicated thumbs,medgemma-4b-it,-1,Expert
HP:0011332,exact,direct,Decrease in size of half of face,medgemma-4b-it,-1,Expert
HP:0011332,exact,direct,Decrease in size of one side of the face,medgemma-4b-it,-1,Expert
HP:0011332,exact,direct,Shrinking of half of face,medgemma-4b-it,-1,Lay-person
HP:0011332,exact,direct,Shrinking of one side of the face,medgemma-4b-it,-1,Expert
HP:0011332,related,direct,Hemifacial microsomia,medgemma-4b-it,-1,Expert
HP:0011332,exact,layperson,Decreased size of one side of the face,medgemma-4b-it,-1,Expert
HP:0011332,exact,layperson,Decreased size of half of the face,medgemma-4b-it,-1,Expert
HP:0002680,narrow,,Omega shaped pituitary fossa,medgemma-4b-it,-1,Expert
HP:0002680,narrow,,Omega shaped hypophysial fossa,medgemma-4b-it,-1,Expert
HP:0002680,narrow,,J-shaped pituitary fossa,medgemma-4b-it,-1,Expert
HP:0002680,narrow,,J-shaped hypophysial fossa,medgemma-4b-it,-1,Expert
HP:0002680,exact,,Omega shaped sella turcica,medgemma-4b-it,-1,Expert
HP:0002680,exact,,J-shaped sella,medgemma-4b-it,-1,Expert
HP:0002680,exact,,Hour glass shaped sella turcica,medgemma-4b-it,-1,Expert
HP:0002680,exact,,Hour glass shaped pituitary fossa,medgemma-4b-it,-1,Expert
HP:0002680,exact,,Hour glass shaped hypophysial fossa,medgemma-4b-it,-1,Expert
HP:0011478,exact,direct,Complete anophthalmos,medgemma-4b-it,-1,Expert
HP:0011478,exact,direct,Total anophthalmos,medgemma-4b-it,-1,Expert
HP:0011478,exact,,Total anophthalmia,medgemma-4b-it,-1,Expert
HP:0011478,exact,layperson,Completely missing eyeball,medgemma-4b-it,-1,Expert
HP:0011478,exact,,Complete anophthalmia,medgemma-4b-it,-1,Expert
HP:0008897,exact,direct,Growth retardation as children,medgemma-4b-it,-1,Expert
HP:0008897,exact,direct,Postnatal growth deceleration,medgemma-4b-it,-1,Expert
HP:0008897,exact,direct,Postnatal growth deficiency,medgemma-4b-it,-1,Expert
HP:0008897,exact,direct,Postnatal growth failure,medgemma-4b-it,-1,Expert
HP:0008897,exact,layperson,Growth delay as children,medgemma-4b-it,-1,Expert
HP:0007803,exact,direct,Complete achromatopsia,medgemma-4b-it,-1,Expert
HP:0007803,related,layperson,Total colorblindness,medgemma-4b-it,-1,Expert
HP:0000270,exact,direct,Broad late closing cranial sutures,medgemma-4b-it,-1,Expert
HP:0000270,exact,direct,Delayed closure of fontanel,medgemma-4b-it,-1,Expert
HP:0000270,exact,direct,Delayed closure of fontanelles,medgemma-4b-it,-1,Expert
HP:0000270,exact,direct,Delayed closure of the fontanelles,medgemma-4b-it,-1,Expert
HP:0000270,exact,direct,Delayed fontanel closure,medgemma-4b-it,-1,Expert
HP:0000270,exact,direct,Delayed fontanelle closure,medgemma-4b-it,-1,Expert
HP:0000270,exact,direct,Late closing fontanelles,medgemma-4b-it,-1,Expert
HP:0000270,exact,direct,Late closure of fontanelle,medgemma-4b-it,-1,Expert
HP:0000270,exact,direct,Late-closing fontanelle,medgemma-4b-it,-1,Expert
HP:0000270,exact,direct,Open sutures,medgemma-4b-it,-1,Expert
HP:0000270,exact,,Delayed closure of fontanels,medgemma-4b-it,-1,Expert
HP:0100540,exact,direct,Edema of the eyelids,medgemma-4b-it,-1,Expert
HP:0100540,exact,direct,Eyelid edema,medgemma-4b-it,-1,Expert
HP:0100540,exact,layperson,Swelling of eyelids,medgemma-4b-it,-1,Expert
HP:0100540,exact,layperson,Puffy lids,medgemma-4b-it,-1,Expert
HP:0100540,exact,layperson,Puffy eyelids,medgemma-4b-it,-1,Expert
HP:0100540,exact,uk,Palpebral oedema,medgemma-4b-it,-1,Expert
HP:0100540,exact,uk,Oedema of the eyelids,medgemma-4b-it,-1,Expert
HP:0100540,exact,layperson,Fullness of eyelids,medgemma-4b-it,-1,Expert
HP:0100540,exact,uk,Eyelid oedema,medgemma-4b-it,-1,Expert
HP:0001972,exact,uk,Macrocytic anaemia,medgemma-4b-it,-1,Expert
HP:0006316,exact,layperson,Variability of spacing between teeth,medgemma-4b-it,-1,Expert
HP:0006316,exact,,Variability of dental spacing,medgemma-4b-it,-1,Expert
HP:0006316,exact,layperson,Irregular dental spacing,medgemma-4b-it,-1,Expert
HP:0005021,exact,layperson,Dislocated elbows on both sides,medgemma-4b-it,-1,Expert
HP:0005736,exact,direct,Hypoplasia of the tibia,medgemma-4b-it,-1,Expert
HP:0005736,exact,direct,Hypoplastic tibia,medgemma-4b-it,-1,Expert
HP:0005736,exact,direct,Short tibiae,medgemma-4b-it,-1,Expert
HP:0005736,exact,direct,Shortening of the shankbone,medgemma-4b-it,-1,Expert
HP:0005736,exact,direct,Shortening of the shinbone,medgemma-4b-it,-1,Expert
HP:0005736,exact,direct,Shortening of the tibia,medgemma-4b-it,-1,Expert
HP:0005736,exact,layperson,Short skankbone,medgemma-4b-it,-1,Expert
HP:0005736,exact,layperson,Short shinbone,medgemma-4b-it,-1,Expert
HP:0010239,exact,direct,Absent middle phalanges,medgemma-4b-it,-1,Expert
HP:0010239,exact,direct,Missing middle phalanges,medgemma-4b-it,-1,Expert
HP:0010239,exact,layperson,Absent middle bones of hand,medgemma-4b-it,-1,Expert
HP:0000309,exact,direct,Abnormal morphology of the midface,medgemma-4b-it,-1,Expert
HP:0000309,exact,direct,Anomaly of the midface,medgemma-4b-it,-1,Expert
HP:0000309,narrow,layperson,Malformation of the midface,medgemma-4b-it,-1,Expert
HP:0000309,narrow,layperson,Deformity of the midface,medgemma-4b-it,-1,Expert
HP:0000309,exact,layperson,Abnormality of the midface,medgemma-4b-it,-1,Expert
HP:0000262,exact,direct,Turricephalus,medgemma-4b-it,-1,Expert
HP:0000262,exact,layperson,Tower skull shape,medgemma-4b-it,-1,Expert
HP:0000262,exact,,Tower cranium shape,medgemma-4b-it,-1,Expert
HP:0000262,exact,layperson,Tall shaped skull,medgemma-4b-it,-1,Expert
HP:0000262,exact,,Tall shaped cranium,medgemma-4b-it,-1,Expert
HP:0000262,broad,layperson,Tall shaped head,medgemma-4b-it,-1,Expert
HP:0003375,exact,direct,Narrow sacroiliac notch,medgemma-4b-it,-1,Expert
HP:0003375,exact,direct,Narrow sacrosciatic notch,medgemma-4b-it,-1,Expert
HP:0003375,exact,direct,Narrow sciatic notches,medgemma-4b-it,-1,Expert
HP:0003375,exact,direct,Narrowed greater sciatic notch,medgemma-4b-it,-1,Expert
HP:0003375,exact,direct,Narrowed sacrosciatic notch,medgemma-4b-it,-1,Expert
HP:0003375,exact,direct,Small sacrosciatic notch,medgemma-4b-it,-1,Expert
HP:0003375,exact,direct,Small sacrosciatic notches,medgemma-4b-it,-1,Expert
HP:0003375,exact,plural,Narrow greater sacrosciatic notches,medgemma-4b-it,-1,Expert
HP:0000678,exact,layperson,Overcrowding of teeth,medgemma-4b-it,-1,Expert
HP:0000678,exact,layperson,Dental overcrowding,medgemma-4b-it,-1,Expert
HP:0000678,exact,layperson,Crowded teeth,medgemma-4b-it,-1,Expert
HP:0000678,broad,layperson,Tooth size discrepancy,medgemma-4b-it,-1,Expert
HP:0000678,broad,,Tooth mass arch size discrepancy,medgemma-4b-it,-1,Expert
HP:0000678,broad,,Inadequate arch length for tooth size,medgemma-4b-it,-1,Expert
HP:0002510,exact,direct,Spastic quadriplegia,medgemma-4b-it,-1,Expert
HP:0009924,narrow,,Hypotrophic nose,medgemma-4b-it,-1,Expert
HP:0009924,narrow,,Hypoplasia of the nose,medgemma-4b-it,-1,Expert
HP:0009924,exact,layperson,Decreased size of nose,medgemma-4b-it,-1,Expert
HP:0009924,exact,layperson,Decreased nasal size,medgemma-4b-it,-1,Expert
HP:0040084,exact,layperson,Abnormal plasma renin,medgemma-4b-it,-1,Expert
HP:0040084,exact,layperson,Abnormal circulating renin,medgemma-4b-it,-1,Expert
HP:0007936,exact,direct,Restrictive ophthalmoplegia,medgemma-4b-it,-1,Expert
HP:0007936,related,direct,"Restrictive external ophthalmoplegia, bilateral",medgemma-4b-it,-1,Expert
HP:0002094,exact,direct,Abnormal breathing,medgemma-4b-it,-1,Expert
HP:0002094,related,layperson,Panting,medgemma-4b-it,-1,Expert
HP:0002094,exact,layperson,Trouble breathing,medgemma-4b-it,-1,Lay-person
HP:0002094,exact,layperson,Shortness of breath,medgemma-4b-it,-1,Expert
HP:0002094,exact,uk,Dyspnoea,medgemma-4b-it,-1,Expert
HP:0002094,exact,layperson,Difficulty breathing,medgemma-4b-it,-1,Expert
HP:0002094,exact,layperson,Difficult to breathe,medgemma-4b-it,-1,Expert
HP:0002094,exact,layperson,Breathing difficulty,medgemma-4b-it,-1,Expert
HP:0000175,broad,direct,Cleft secondary palate,medgemma-4b-it,-1,Expert
HP:0000175,exact,direct,Cleft of palate,medgemma-4b-it,-1,Expert
HP:0000175,exact,,Uranostaphyloschisis,medgemma-4b-it,-1,Expert
HP:0000175,exact,,Palatoschisis,medgemma-4b-it,-1,Expert
HP:0000175,exact,layperson,Cleft roof of mouth,medgemma-4b-it,-1,Expert
HP:0000175,exact,,Cleft of hard and soft palate,medgemma-4b-it,-1,Expert
HP:0000175,exact,,Cleft hard and soft palate,medgemma-4b-it,-1,Expert
HP:0012210,exact,direct,Renal malformation,medgemma-4b-it,-1,Expert
HP:0012210,exact,direct,Structural anomalies of the renal tract,medgemma-4b-it,-1,Expert
HP:0012210,exact,direct,Structural renal anomalies,medgemma-4b-it,-1,Expert
HP:0012210,exact,layperson,Structural kidney abnormalities,medgemma-4b-it,-1,Expert
HP:0012210,exact,layperson,Kidney structure issue,medgemma-4b-it,-1,Expert
HP:0012210,exact,layperson,Kidney malformation,medgemma-4b-it,-1,Expert
HP:0012210,exact,layperson,Abnormally shaped kidney,medgemma-4b-it,-1,Expert
HP:0012210,exact,,Abnormal kidney morphology,medgemma-4b-it,-1,Expert
HP:0032662,exact,direct,Focal onset seizure evolving into bilateral convulsive status epilepticus,medgemma-4b-it,-1,Expert
HP:0032662,exact,direct,Focal-onset seizure evolving into generalized convulsive status epilepticus,medgemma-4b-it,-1,Expert
HP:0032662,exact,direct,Partial onset seizure evolving into convulsive status epilepticus,medgemma-4b-it,-1,Expert
HP:0032662,exact,direct,Partial-onset seizure evolving into convulsive status epilepticus,medgemma-4b-it,-1,Expert
HP:0032662,exact,direct,Secondarily generalized convulsive status epilepticus,medgemma-4b-it,-1,Expert
HP:0032662,exact,direct,Secondarily generalized tonic-clonic status epilepticus,medgemma-4b-it,-1,Expert
HP:0032662,exact,uk,Secondarily generalised tonic-clonic status epilepticus,medgemma-4b-it,-1,Expert
HP:0032662,exact,uk,Secondarily generalised convulsive status epilepticus,medgemma-4b-it,-1,Expert
HP:0032662,exact,uk,Focal-onset seizure evolving into generalised convulsive status epilepticus,medgemma-4b-it,-1,Expert
HP:0410241,exact,direct,Abnormal IgE level in blood,medgemma-4b-it,-1,Expert
HP:0410241,exact,direct,Abnormal circulating IgE level,medgemma-4b-it,-1,Expert
HP:0001265,exact,layperson,Decreased reflexes,medgemma-4b-it,-1,Expert
HP:0001265,exact,layperson,Decreased reflex response,medgemma-4b-it,-1,Expert
HP:0008093,exact,layperson,Short fourth toe,medgemma-4b-it,-1,Expert
HP:0000357,exact,direct,External ear position defect,medgemma-4b-it,-1,Expert
HP:0031467,broad,direct,Dysregulated emotions,medgemma-4b-it,-1,Expert
HP:0031467,broad,direct,Dysregulated moods,medgemma-4b-it,-1,Expert
HP:0031467,broad,direct,Maladaptive affect response,medgemma-4b-it,-1,Expert
HP:0031467,broad,direct,Maladaptive emotions,medgemma-4b-it,-1,Expert
HP:0031467,broad,direct,Mood dysregulation,medgemma-4b-it,-1,Expert
HP:0031467,broad,direct,Negative valence dysregulation,medgemma-4b-it,-1,Expert
HP:0031467,exact,direct,Overwhelming negative emotions,medgemma-4b-it,-1,Expert
HP:0031467,exact,direct,Pathologically negative emotions,medgemma-4b-it,-1,Expert
HP:0031467,exact,direct,Persistent negative affect state,medgemma-4b-it,-1,Expert
HP:0031467,exact,direct,Unregulated negative emotions,medgemma-4b-it,-1,Expert
HP:0031467,exact,layperson,Negative attitude,medgemma-4b-it,-1,Lay-person
HP:0031467,exact,layperson,In a funk,medgemma-4b-it,-1,Lay-person
HP:0031467,exact,layperson,Gloomy mood,medgemma-4b-it,-1,Expert
HP:0031467,exact,layperson,Foul mood,medgemma-4b-it,-1,Expert
HP:0031467,exact,layperson,Feeling out of sorts,medgemma-4b-it,-1,Lay-person
HP:0031467,exact,layperson,Feeling bad,medgemma-4b-it,-1,Lay-person
HP:0400000,related,layperson,Long lower third of face,medgemma-4b-it,-1,Expert
HP:0400000,exact,,Vertical hyperplasia of chin,medgemma-4b-it,-1,Expert
HP:0400000,exact,,Vertical excess of chin,medgemma-4b-it,-1,Expert
HP:0400000,exact,layperson,Long chin,medgemma-4b-it,-1,Expert
HP:0400000,exact,,Increased height of menton region,medgemma-4b-it,-1,Expert
HP:0400000,exact,layperson,Increased height of chin,medgemma-4b-it,-1,Expert
HP:0006334,exact,direct,Hypoplastic deciduous teeth,medgemma-4b-it,-1,Expert
HP:0006334,exact,,Underdevelopment of primary teeth,medgemma-4b-it,-1,Expert
HP:0006334,exact,layperson,Underdevelopment of milk teeth,medgemma-4b-it,-1,Expert
HP:0006334,exact,layperson,Underdevelopment of baby teeth,medgemma-4b-it,-1,Expert
HP:0006334,exact,,Small primary teeth,medgemma-4b-it,-1,Expert
HP:0006334,exact,layperson,Small milk teeth,medgemma-4b-it,-1,Expert
HP:0006334,exact,layperson,Small baby teeth,medgemma-4b-it,-1,Lay-person
HP:0006334,exact,,Decreased size of primary teeth,medgemma-4b-it,-1,Expert
HP:0006334,exact,layperson,Decreased size of milk teeth,medgemma-4b-it,-1,Expert
HP:0006334,exact,,Decreased size of deciduous teeth,medgemma-4b-it,-1,Expert
HP:0006334,exact,layperson,Decreased size of baby teeth,medgemma-4b-it,-1,Expert
HP:0003023,exact,direct,Bowed limbs due to multiple fractures,medgemma-4b-it,-1,Expert
HP:0007497,exact,direct,"Hyperkeratosis, palmoplantar, focal friction-related",medgemma-4b-it,-1,Expert
HP:0025127,exact,direct,Solar keratosis,medgemma-4b-it,-1,Expert
